"ID","DocType","Field Type","Is System Generated","Module (for export)","Label","Placeholder","Fieldname","Insert After","Length","Link Filters","Precision","Hide Seconds","Hide Days","Options","Sort Options","Fetch From","Fetch on Save if Empty","Collapsible","Collapsible Depends On","Default Value","Depends On","Mandatory Depends On","Read Only Depends On","Non Negative","Is Mandatory Field","Unique","Is Virtual","Read Only","Ignore User Permissions","Hidden","Print Hide","Print Hide If No Value","Print Width","No Copy","Allow on Submit","In List View","In Standard Filter","In Global Search","In Preview","Bold","Report Hide","Index","Allow in Quick Entry","Ignore XSS Filter","Translatable","Hide Border","Show Dashboard","Field Description","Permission Level","Width","Columns"
"Sales Order-custom_confirm_on","Sales Order","Datetime",0,"","Order Confirm On","","order_confirm_on","solar_capacity",0,"","",0,0,"",0,"",0,0,"","","","","",0,0,0,0,1,0,0,0,0,"",0,1,0,0,0,0,0,0,0,0,0,0,0,0,"",0,"",0
"Quotation-custom_confirm_on","Quotation","Datetime",0,"","Confirm On","","confirm_on","custom_observer",0,"","",0,0,"",0,"",0,0,"","","","","",0,0,0,0,0,0,0,0,0,"",0,1,0,0,0,0,0,0,0,0,0,0,0,0,"",0,"",0
"Lead-custom_survey_assigned_on","Lead","Datetime",0,"","For Survey Assigned On","","for_survey_assign_on","creation_date",0,"","",0,0,"",0,"",0,0,"","","surveyed_by","surveyed_by","",0,0,0,0,0,0,0,0,0,"",0,0,0,0,0,0,0,0,0,0,0,0,0,0,"",0,"",0
"Attendance-custom_late_group_id","Attendance","Data",0,"","Late Mark Group ID","","custom_late_group_id","custom_original_status",0,"","",0,0,"",0,"",0,0,"","","","","",0,0,0,0,0,0,0,0,0,"",0,0,0,0,0,0,0,0,0,0,0,1,0,0,"Groups the 3 rows that together triggered one deduction",0,"",0
"Attendance-custom_included_in_late_process","Attendance","Check",0,"","Included in Late Process","","custom_included_in_late_process","custom_section_break_kihjs",0,"","",0,0,"",0,"",0,0,"","","","","",0,0,0,0,1,0,0,0,0,"",0,0,0,0,0,0,0,0,0,0,0,0,0,0,"Checked once this late mark is part of a finalized group of 3",0,"",0
"Attendance-custom_original_status","Attendance","Data",0,"","Original Status (Before Late Deduction)","","custom_original_status","custom_converted_due_to_late",0,"","",0,0,"",0,"",0,0,"","","","","",0,0,0,0,1,0,0,0,0,"",0,0,0,0,0,0,0,0,0,0,0,0,0,0,"",0,"",0
"Attendance-custom_column_break_ehiro","Attendance","Column Break",0,"","","","custom_column_break_ehiro","custom_late_mark_seq",0,"","",0,0,"",0,"",0,0,"","","","","",0,0,0,0,0,0,0,0,0,"",0,0,0,0,0,0,0,0,0,0,0,0,0,0,"",0,"",0
"Attendance-custom_converted_due_to_late","Attendance","Check",0,"","Converted to Absent Due to Late Marks","","custom_converted_due_to_late","custom_column_break_ehiro",0,"","",0,0,"",0,"",0,0,"","","","","",0,0,0,0,1,0,0,0,0,"",0,0,0,0,0,0,0,0,0,0,0,0,0,0,"",0,"",0
"Attendance-custom_late_mark_seq","Attendance","Int",0,"","Late Mark Sequence (This Month)","","custom_late_mark_seq","custom_included_in_late_process",0,"","",0,0,"",0,"",0,0,"","","","","",0,0,0,0,1,0,0,0,0,"",0,0,0,0,0,0,0,0,0,0,0,0,0,0,"",0,"",0
"Attendance-custom_section_break_kihjs","Attendance","Section Break",0,"","","","custom_section_break_kihjs","modify_half_day_status",0,"","",0,0,"",0,"",0,0,"","","","","",0,0,0,0,0,0,0,0,0,"",0,0,0,0,0,0,0,0,0,0,0,0,0,0,"",0,"",0
"Employee-custom_exempt_late_deduction","Employee","Check",0,"","Exempt from Late Mark Deduction","","custom_exempt_late_deduction","holiday_list",0,"","",0,0,"",0,"",0,0,"","0","","","",0,0,0,0,0,0,0,0,0,"",0,0,0,0,0,0,0,0,0,0,0,0,0,0,"",1,"",0
"Sales Order-custom_material_status","Sales Order","Data",0,"","Material Status","","custom_material_status","proposal",0,"","",0,0,"",0,"",0,0,"","","","","",0,0,0,0,0,0,0,0,0,"",0,0,0,0,0,0,0,0,0,0,0,1,0,0,"",0,"",0
"Liaisoning And Synchronization-workflow_state","Liaisoning And Synchronization","Link",0,"","Workflow State","","workflow_state","",0,"","",0,0,"Workflow State",0,"",0,0,"","","","","",0,0,0,0,0,0,1,0,0,"",1,1,0,0,0,0,0,0,0,0,0,0,0,0,"",0,"",0
"Employee OT-workflow_state","Employee OT","Link",0,"","Workflow State","","workflow_state","",0,"","",0,0,"Workflow State",0,"",0,0,"","","","","",0,0,0,0,0,0,1,0,0,"",1,1,0,0,0,0,0,0,0,0,0,0,0,0,"",0,"",0
"Project-custom_site_survey_docs","Project","Table",0,"","Site Survey Docs","","custom_site_survey_docs","custom_inverter",0,"","",0,0,"Site Survey Doc Table",0,"",0,0,"","","","","",0,0,0,0,0,0,0,0,0,"",0,0,0,0,0,0,0,0,0,0,0,0,0,0,"",0,"",0
"Project-custom_upload_document","Project","Attach",0,"","Upload Document File","","custom_upload_document","without_pay_reason",0,"","",0,0,"",0,"",0,0,"","","","","",0,0,0,0,0,0,0,0,0,"",0,0,0,0,0,0,0,0,0,0,0,0,0,0,"Make all docs in a ZIP and upload",0,"",0
"Sales Order-custom_liasioning__sync_manager","Sales Order","Link",0,"","Liasioning & Sync Manager","","lias_sync_manager","manager",0,"[[""User"",""role"",""="",""Synchronization User""]]","",0,0,"User",0,"",0,0,"","","","","",0,0,0,0,0,0,0,0,0,"",0,1,0,0,0,0,0,0,0,0,0,0,0,0,"",0,"",0
"Quotation-custom_proposal_template","Quotation","Link",0,"","Proposal Template","","proposal_template","proposal_type",50,"","",0,0,"Solar Proposal Template",0,"",0,0,"","","","","",0,0,0,0,0,0,0,0,0,"",0,0,0,0,0,0,0,0,0,0,0,0,0,0,"",0,"",0
"Quotation-custom_section_break_fc8vy","Quotation","Section Break",0,"","","","custom_section_break_fc8vy","custom_proposal_sent_days",0,"","",0,0,"",0,"",0,0,"","","","","",0,0,0,0,0,0,0,0,0,"",0,0,0,0,0,0,0,0,0,0,0,0,0,0,"",0,"",0
"Quotation-custom_section_break_8ouvl","Quotation","Section Break",0,"","","","custom_section_break_8ouvl","delay_log",0,"","",0,0,"",0,"",0,0,"","","","","",0,0,0,0,0,0,0,0,0,"",0,0,0,0,0,0,0,0,0,0,0,0,0,0,"",0,"",0
"Quotation-custom_correction_remark","Quotation","Small Text",0,"","Correction Remark","","custom_correction_remark","prpsl_crct",0,"","",0,0,"",0,"",0,0,"","","prpsl_crct","prpsl_crct","",0,0,0,0,0,0,0,0,0,"",0,1,0,0,0,0,0,0,0,0,0,0,0,0,"",0,"",0
"Quotation-custom_proposal_correction","Quotation","Check",0,"","Proposal Correction","","prpsl_crct","is_revised",0,"","",0,0,"",0,"",0,0,"","","","","",0,0,0,0,0,0,0,0,0,"",0,1,0,0,0,0,0,0,0,0,0,0,0,0,"",0,"",0
"Quotation-custom_observer","Quotation","Link",0,"","Observer","","custom_observer","proposal_id",0,"","",0,0,"User",0,"",0,0,"","manisha.sadbhavrenewable@gmail.com","","","",0,0,0,0,1,0,0,0,0,"",0,0,0,0,0,0,0,0,0,0,0,0,0,0,"",0,"",0
"Salary Slip-custom_total_early_minute","Salary Slip","Int",0,"","Total Early Minute","","total_early_minute","total_late_minute",0,"","",0,0,"",0,"",0,0,"","","","","",0,0,0,0,0,0,0,0,0,"",0,0,0,0,0,0,0,0,0,0,0,0,0,0,"",0,"",0
"Salary Slip-custom_total_late_minute","Salary Slip","Int",0,"","Total Late Minute","","total_late_minute","payment_days",0,"","",0,0,"",0,"",0,0,"","","","","",0,0,0,0,0,0,0,0,0,"",0,0,0,0,0,0,0,0,0,0,0,0,0,0,"",0,"",0
"Employee-custom_lateearly_deduction_rate","Employee","Currency",0,"","Late/Early Deduction Rate","","lateearly_rate","esic_no",0,"","1",0,0,"salary_currency",0,"",0,0,"","","","","",0,0,0,0,0,0,0,0,0,"",0,0,0,0,0,0,0,0,0,0,0,0,0,0,"",0,"",0
"Project-custom_duration_in_days","Project","Int",0,"","Duration (In Days)","","total_duration_day","expected_start_date",0,"","",0,0,"",0,"",0,0,"","","","","",0,0,0,0,0,0,0,0,0,"",0,0,0,0,0,0,0,0,0,0,0,0,0,0,"",0,"",0
"Quotation-custom_proposal_id","Quotation","Data",0,"","Proposal ID","","proposal_id","valid_till",0,"","",0,0,"",0,"",0,0,"","","","","",0,0,0,0,0,0,0,0,0,"",0,0,0,0,0,0,0,0,0,0,0,0,0,0,"",0,"",0
"Project-custom_project_documents","Project","Section Break",0,"","Project Documents","","custom_project_documents","custom_team_members",0,"","",0,0,"",0,"",0,0,"","","","","",0,0,0,0,0,0,0,0,0,"",0,0,0,0,0,0,0,0,0,0,0,0,0,0,"",0,"",0
"Sales Order-custom_project_manager","Sales Order","Link",0,"","Project Manager","","project_manager","company",0,"[[""User"",""role"",""="",""Projects Manager""]]","",0,0,"User",0,"",0,0,"","","","","",0,1,0,0,0,0,0,0,0,"",0,1,0,0,0,0,0,0,0,0,0,0,0,0,"",0,"",0
"Sales Order Item-custom_is_site_material","Sales Order Item","Check",0,"","Is Site Material","","is_site_material","reserve_stock",0,"","",0,0,"",0,"",0,0,"","","","","",0,0,0,0,0,0,0,0,0,"",0,0,0,0,0,0,0,0,0,0,0,0,0,0,"",0,"",0
"Quotation Item-custom_solar_base_rate","Quotation Item","Currency",0,"","Solar Base Rate","","solar_base_rate","base_price_list_rate",0,"","2",0,0,"",0,"",0,0,"","","","","",0,0,0,0,1,0,0,0,0,"",0,1,0,0,0,0,0,0,0,0,0,0,0,0,"",0,"",0
"Quotation-custom_extra_cable_calculation","Quotation","Table",0,"","Extra Cable Calculation","","extra_cable_calculation","proposal_template",0,"","",0,0,"Cable Calculation Table",0,"",0,0,"","","","","",0,0,0,0,0,0,0,0,0,"",0,0,0,0,0,0,0,0,0,0,0,0,0,0,"",0,"",0
"Quotation-custom_mount_type","Quotation","Select",0,"","Mount Type","","type_of_mounting","site_type",0,"","",0,0,"
Normal
Elevated
Profile Sheet
Others",0,"site_survey.type_of_mounting",0,0,"","","","","",0,1,0,0,0,0,0,0,0,"",0,1,0,0,0,0,0,0,0,0,0,0,0,0,"",0,"",0
"Quotation-custom_site_type","Quotation","Select",0,"","Site Type","","site_type","solar_system_type",0,"","",0,0,"
RCC
Ground Mount
Shed (Profile Sheet)
Car Port (Parking)
RCC & Shed
RCC & Ground Mount
RCC & Parking
Shed & Ground Mount
Shed & Parking
Ground Mount & Parking
RCC, Shed, Ground Mount, Parking",0,"site_survey.site_type",0,0,"","","","","",0,1,0,0,0,0,0,0,0,"",0,1,0,0,0,0,0,0,0,0,0,0,0,0,"",0,"",0
"Quotation-custom_solar_system_type","Quotation","Select",0,"","Solar System Type","","solar_system_type","solar_capacity",0,"","",0,0,"
On-Grid
Hybrid
Off-Grid",0,"site_survey.solar_system",0,0,"","","","","",0,1,0,0,0,0,0,0,0,"",0,1,0,0,0,0,0,0,0,0,0,0,0,0,"",0,"",0
"Quotation-custom_column_break_6lcsk","Quotation","Column Break",0,"","","","custom_column_break_6lcsk","custom_correction_remark",0,"","",0,0,"",0,"",0,0,"","","","","",0,0,0,0,0,0,0,0,0,"",0,0,0,0,0,0,0,0,0,0,0,0,0,0,"",0,"",0
"Supplier-custom_state","Supplier","Data",0,"","State","","custom_state","custom_city",0,"","",0,0,"",0,"",0,0,"","","","","",0,0,0,0,0,0,0,0,0,"",0,0,0,0,0,0,0,0,0,0,0,1,0,0,"",0,"",0
"Supplier-custom_city","Supplier","Data",0,"","City","","custom_city","custom_pincode",0,"","",0,0,"",0,"",0,0,"","","","","",0,0,0,0,0,0,0,0,0,"",0,0,0,0,0,0,0,0,0,0,0,1,0,0,"",0,"",0
"Supplier-custom_pincode","Supplier","Data",0,"","Pincode","","custom_pincode","custom_column_break_jwusl",0,"","",0,0,"",0,"",0,0,"","","","","",0,0,0,0,0,0,0,0,0,"",0,0,0,0,0,0,0,0,0,0,0,1,0,0,"",0,"",0
"Supplier-custom_column_break_jwusl","Supplier","Column Break",0,"","","","custom_column_break_jwusl","add_line2",0,"","",0,0,"",0,"",0,0,"","","","","",0,0,0,0,0,0,0,0,0,"",0,0,0,0,0,0,0,0,0,0,0,0,0,0,"",0,"",0
"Supplier-custom_add_line2","Supplier","Data",0,"","Add Line2","","add_line2","add_line1",0,"","",0,0,"",0,"",0,0,"","","","","",0,0,0,0,0,0,0,0,0,"",0,0,0,0,0,0,0,0,0,0,0,1,0,0,"",0,"",0
"Supplier-custom_add_line1","Supplier","Data",0,"","Add Line1","","add_line1","custom_section_break_zgogv",0,"","",0,0,"",0,"",0,0,"","","","","",0,0,0,0,0,0,0,0,0,"",0,0,0,0,0,0,0,0,0,0,0,1,0,0,"",0,"",0
"Supplier-custom_section_break_zgogv","Supplier","Section Break",0,"","","","custom_section_break_zgogv","email_id",0,"","",0,0,"",0,"",0,0,"","","","","",0,0,0,0,0,0,0,0,0,"",0,0,0,0,0,0,0,0,0,0,0,0,0,0,"",0,"",0
"Project-custom_project_tasks","Project","Table",0,"","Project Tasks","","project_tasks","custom_section_break_yjie5",0,"","",0,0,"Project Task Detail",0,"",0,0,"","","","","",0,0,0,0,0,1,0,0,0,"",0,1,0,0,0,0,0,0,0,0,0,0,0,0,"",0,"",0
"Project-custom_section_break_yjie5","Project","Section Break",0,"","","","custom_section_break_yjie5","custom_inverter_photos",0,"","",0,0,"",0,"",0,0,"","","","","",0,0,0,0,0,0,0,0,0,"",0,0,0,0,0,0,0,0,0,0,0,0,0,0,"",0,"",0
"Project-custom_task_template","Project","Link",0,"","Task Template","","task_template","column_break_5",0,"","",0,0,"Project Task Template",0,"",0,0,"","","","","",0,1,0,0,0,0,0,0,0,"",0,0,0,0,0,0,0,0,0,0,0,0,0,0,"",0,"",0
"Attendance-sandwich_leave_marked","Attendance","Check",1,"","Sandwich Leave Marked","","sandwich_leave_marked","deduction_applied",0,"","",0,0,"",0,"",0,0,"","0","","","",0,0,0,0,1,0,0,0,0,"",0,0,0,0,0,0,0,0,0,0,0,0,0,0,"",0,"",0
"Attendance-deduction_applied","Attendance","Check",1,"","Deduction Applied","","deduction_applied","early_exit_deduction",0,"","",0,0,"",0,"",0,0,"","0","","","",0,0,0,0,1,0,0,0,0,"",0,0,0,0,0,0,0,0,0,0,0,0,0,0,"Set to 1 after leave balance is reduced on submit.",0,"",0
"Attendance-early_exit_deduction","Attendance","Float",1,"","Early Exit Deduction (Days)","","early_exit_deduction","late_entry_deduction",0,"","",0,0,"",0,"",0,0,"","0","","","",0,0,0,0,1,0,0,0,0,"",0,0,0,0,0,0,0,0,0,0,0,0,0,0,"Computed leave days deducted due to early exit.",0,"",0
"Attendance-late_entry_deduction","Attendance","Float",1,"","Late Entry Deduction (Days)","","late_entry_deduction","adv_hrms_att_col",0,"","",0,0,"",0,"",0,0,"","0","","","",0,0,0,0,1,0,0,0,0,"",0,0,0,0,0,0,0,0,0,0,0,0,0,0,"Computed leave days deducted due to late entry.",0,"",0
"Attendance-adv_hrms_att_col","Attendance","Column Break",1,"","","","adv_hrms_att_col","early_exit_minutes",0,"","",0,0,"",0,"",0,0,"","","","","",0,0,0,0,0,0,0,0,0,"",0,0,0,0,0,0,0,0,0,0,0,0,0,0,"",0,"",0
"Attendance-early_exit_minutes","Attendance","Int",1,"","Early Exit (Minutes)","","early_exit_minutes","late_entry_minutes",0,"","",0,0,"",0,"",0,0,"","0","","","",0,0,0,0,1,0,0,0,0,"",0,0,0,0,0,0,0,0,0,0,0,0,0,0,"",0,"",0
"Attendance-late_entry_minutes","Attendance","Int",1,"","Late Entry (Minutes)","","late_entry_minutes","adv_hrms_att_section",0,"","",0,0,"",0,"",0,0,"","0","","","",0,0,0,0,1,0,0,0,0,"",0,0,0,0,0,0,0,0,0,0,0,0,0,0,"",0,"",0
"Attendance-adv_hrms_att_section","Attendance","Section Break",1,"","Advance HRMS","","adv_hrms_att_section","working_hours",0,"","",0,0,"",0,"",0,1,"","","","","",0,0,0,0,0,0,0,0,0,"",0,0,0,0,0,0,0,0,0,0,0,0,0,0,"",0,"",0
"Employee Checkin-early_exit_minutes","Employee Checkin","Int",1,"","Early Exit (Minutes)","","early_exit_minutes","early_exit",0,"","",0,0,"",0,"",0,0,"","0","","","",0,0,0,0,1,0,0,0,0,"",0,0,0,0,0,0,0,0,0,0,0,0,0,0,"Minutes before shift end the employee checked out.",0,"",0
"Employee Checkin-adv_hrms_checkin_col","Employee Checkin","Column Break",1,"","","","adv_hrms_checkin_col","late_entry_minutes",0,"","",0,0,"",0,"",0,0,"","","","","",0,0,0,0,0,0,0,0,0,"",0,0,0,0,0,0,0,0,0,0,0,0,0,0,"",0,"",0
"Employee Checkin-late_entry_minutes","Employee Checkin","Int",1,"","Late Entry (Minutes)","","late_entry_minutes","late_entry",0,"","",0,0,"",0,"",0,0,"","0","","","",0,0,0,0,1,0,0,0,0,"",0,0,0,0,0,0,0,0,0,0,0,0,0,0,"Minutes late from shift start (after grace period).",0,"",0
"Employee Checkin-adv_hrms_checkin_section","Employee Checkin","Section Break",1,"","Advance HRMS","","adv_hrms_checkin_section","shift_actual_end",0,"","",0,0,"",0,"",0,1,"","","","","",0,0,0,0,0,0,0,0,0,"",0,0,0,0,0,0,0,0,0,0,0,0,0,0,"",0,"",0
"Employee Checkin-photo","Employee Checkin","Attach Image",1,"","Photo","","photo","adv_area_photo_colmn",0,"","",0,0,"",0,"",0,1,"","","","","",0,0,0,0,0,0,0,0,0,"",0,0,0,0,0,0,0,0,0,0,0,0,0,0,"",0,"",0
"Employee Checkin-adv_area_photo_colmn","Employee Checkin","Column Break",1,"","","","adv_area_photo_colmn","area_name",0,"","",0,0,"",0,"",0,0,"","","","","",0,0,0,0,0,0,0,0,0,"",0,0,0,0,0,0,0,0,0,0,0,0,0,0,"",0,"",0
"Employee Checkin-area_name","Employee Checkin","Small Text",1,"","Area Name","","area_name","area_img_section",0,"","",0,0,"",0,"",0,1,"","","","","",0,0,0,0,0,0,0,0,0,"",0,0,0,0,0,0,0,0,0,0,0,0,0,0,"",0,"",0
"Employee Checkin-area_img_section","Employee Checkin","Section Break",1,"","","","area_img_section","attendance",0,"","",0,0,"",0,"",0,1,"","","","","",0,0,0,0,0,0,0,0,0,"",0,0,0,0,0,0,0,0,0,0,0,0,0,0,"",0,"",0
"Employee-exempt_sandwich_leave","Employee","Check",1,"","Exempt from Sandwich Leave Rule","","exempt_sandwich_leave","adv_hrms_emp_col",0,"","",0,0,"",0,"",0,0,"","0","","","",0,0,0,0,0,0,0,0,0,"",0,0,0,0,0,0,0,0,0,0,0,0,0,0,"If checked, sandwich leave rule will NOT apply to this employee.",0,"",0
"Employee-adv_hrms_emp_col","Employee","Column Break",1,"","","","adv_hrms_emp_col","exempt_early_exit",0,"","",0,0,"",0,"",0,0,"","","","","",0,0,0,0,0,0,0,0,0,"",0,0,0,0,0,0,0,0,0,0,0,0,0,0,"",0,"",0
"Employee-exempt_early_exit","Employee","Check",1,"","Exempt from Early Exit Deduction","","exempt_early_exit","exempt_late_entry",0,"","",0,0,"",0,"",0,0,"","0","","","",0,0,0,0,0,0,0,0,0,"",0,0,0,0,0,0,0,0,0,0,0,0,0,0,"If checked, early exit deduction will NOT apply to this employee.",0,"",0
"Employee-exempt_late_entry","Employee","Check",1,"","Exempt from Late Entry Deduction","","exempt_late_entry","adv_hrms_emp_section",0,"","",0,0,"",0,"",0,0,"","0","","","",0,0,0,0,0,0,0,0,0,"",0,0,0,0,0,0,0,0,0,0,0,0,0,0,"If checked, late entry deduction will NOT apply to this employee.",0,"",0
"Employee-adv_hrms_emp_section","Employee","Section Break",1,"","Advance HRMS","","adv_hrms_emp_section","holiday_list",0,"","",0,0,"",0,"",0,1,"","","","","",0,0,0,0,0,0,0,0,0,"",0,0,0,0,0,0,0,0,0,0,0,0,0,0,"",0,"",0
"Delivery Note-custom_manager","Delivery Note","Link",0,"","Material Dispatch Manager","","manager","return_against",0,"","",0,0,"User",0,"",0,0,"","","","","",0,1,0,0,0,0,0,0,0,"",0,1,0,0,0,0,0,0,0,0,0,0,0,0,"",0,"",0
"Sales Order-custom_manager","Sales Order","Link",0,"","Payment/Account Manager","","manager","amended_from",0,"","",0,0,"User",0,"",0,0,"","","","","",0,1,0,0,0,0,0,0,0,"",0,1,0,0,0,0,0,0,0,0,0,0,0,0,"",0,"",0
"Quotation-custom_manager","Quotation","Link",0,"","Proposal Manager","","manager","amended_from",0,"","",0,0,"User",0,"",0,0,"","","","","",0,1,0,0,0,0,0,0,0,"",0,1,0,0,0,0,0,0,0,0,0,0,0,0,"",0,"",0
"Project Template-custom_days","Project Template","Int",0,"","Days Required","","days_req","tasks",0,"","",0,0,"",0,"",0,0,"","","","","",0,1,0,0,0,0,0,0,0,"",0,0,0,0,0,0,0,0,0,0,0,0,0,0,"",0,"",0
"Project-custom_projectend_date","Project","Date",0,"","Project(End Date)","","p_end_date","actual_end_date",0,"","",0,0,"",0,"",0,0,"","","","","",0,0,0,0,1,0,0,0,0,"",0,0,0,0,0,0,0,0,0,0,0,0,0,0,"",0,"",0
"Project-custom_projectstart_date","Project","Date",0,"","Project(Start Date)","","p_start_date","actual_time",0,"","",0,0,"",0,"",0,0,"","","","","",0,0,0,0,1,0,0,0,0,"",0,0,0,0,0,0,0,0,0,0,0,0,0,0,"",0,"",0
"Quotation-custom_is_revised","Quotation","Check",0,"","Is Revised","","is_revised","plant_category",0,"","",0,0,"",0,"",0,0,"","","","","",0,0,0,0,0,0,0,0,0,"",0,1,0,0,0,0,0,0,0,0,0,0,0,0,"",0,"",0
"Lead-custom__advance","Lead","Float",0,"","% Advance","","per_advance","bill_amt",0,"","2",0,0,"",0,"",0,0,"","","","","",0,0,0,0,1,0,0,0,0,"",0,1,0,0,0,0,0,0,0,0,0,0,0,0,"",0,"",0
"Project-custom_liaison__sync_status","Project","Data",0,"","Liaison & Sync Status","","liaison_sync_status","liaisoning_and_sync",0,"","",0,0,"",0,"",0,0,"","Not Create","","","",0,0,0,0,1,0,0,0,0,"",0,0,0,0,0,0,0,0,0,0,0,0,0,0,"",0,"",0
"Sales Order-custom_liaison__sync_status","Sales Order","Data",0,"","Liaison & Sync Status","","liaison_sync_status","lias_sync_manager",0,"","",0,0,"",0,"",0,0,"","Not Created","","","",0,0,0,0,1,1,0,0,0,"",0,1,1,0,0,0,0,0,0,0,0,0,0,0,"",0,"",0
"Sales Order-custom_project_status","Sales Order","Data",0,"","Project Status","","project_status","project_manager",0,"","",0,0,"
Not Created
Created
In Progress
Completed",0,"",0,0,"","Not Created","","","",0,0,0,0,1,0,0,0,0,"",0,1,1,0,0,0,0,0,0,0,0,0,0,0,"",0,"",0
"Quotation-custom_liaisoning_and_sync","Quotation","Data",0,"","Liaisoning And Sync","","liaisoning_and_sync","custom_column_break_labyl",0,"","",0,0,"",0,"",0,0,"","","","","",0,0,0,0,1,0,0,0,0,"",0,1,0,0,0,0,0,0,0,0,0,0,0,0,"",0,"",0
"Project-custom_proposal","Project","Data",0,"","Proposal","","proposal","status",0,"","",0,0,"",0,"",0,0,"","","","","",0,0,0,0,1,0,0,0,0,"",0,1,0,0,0,0,0,0,0,0,0,0,0,0,"",0,"",0
"Sales Order-custom_proposal","Sales Order","Data",0,"","Proposal","","proposal","project",0,"","",0,0,"",0,"",0,0,"","","","","",0,0,0,0,1,0,0,0,0,"",0,1,0,0,0,0,0,0,0,0,0,0,0,0,"",0,"",0
"Project-custom_liaisoning_and_sync","Project","Data",0,"","Liaisoning And Sync","","liaisoning_and_sync","site_survey",0,"","",0,0,"",0,"",0,0,"","","","","",0,0,0,0,1,0,0,0,0,"",0,0,0,0,0,0,0,0,0,0,0,0,0,0,"",0,"",0
"Project-custom_site_survey","Project","Data",0,"","Site Survey","","site_survey","lead",0,"","",0,0,"",0,"",0,0,"","","","","",0,0,0,0,1,0,0,0,0,"",0,1,0,0,0,0,0,0,0,0,0,0,0,0,"",0,"",0
"Sales Order-custom_liaisoning_and_sync","Sales Order","Data",0,"","Liaisoning And Sync","","liaisoning_and_sync","custom_column_break_mjfbt",0,"","",0,0,"",0,"",0,0,"","","","","",0,0,0,0,1,1,0,0,0,"",0,1,0,0,0,0,0,0,0,0,0,0,0,0,"",0,"",0
"Sales Order-custom_site_survey","Sales Order","Data",0,"","Site Survey","","site_survey","liaisoning_and_sync",0,"","",0,0,"",0,"",0,0,"","","","","",0,0,0,0,1,0,0,0,0,"",0,1,0,0,0,0,0,0,0,0,0,0,0,0,"",0,"",0
"Project-custom_without_pay_order","Project","Select",0,"","Without Pay Order","","without_pay_reason","percent_complete",0,"","",0,0,"NO
GOODWILL APPROVAL
BANK FINANCE",0,"sales_order.without_pay_reason",0,0,"","NO","","","",0,0,0,0,1,0,0,0,0,"",0,0,1,0,0,0,0,0,0,0,0,0,0,0,"",0,"",0
"Project-custom__advance_amt","Project","Data",0,"","% Advance Amt","","per_advance","advance_amt",0,"","",0,0,"",0,"",0,0,"","","","","",0,0,0,0,1,0,0,0,0,"",0,0,1,0,0,0,0,0,0,0,0,0,0,0,"",0,"",0
"Lead-custom_bill_amount","Lead","Currency",0,"","Bill Amount","","bill_amt","advance_amt",0,"","0",0,0,"",0,"",0,0,"","","","","",0,0,0,0,1,0,0,0,0,"",0,0,0,0,0,0,0,0,0,0,0,0,0,0,"",0,"",0
"Lead-custom_advance_amount","Lead","Currency",0,"","Advance Amount","","advance_amt","company",0,"","0",0,0,"",0,"",0,0,"","","","","",0,0,0,0,1,0,0,0,0,"",0,0,0,0,0,0,0,0,0,0,0,0,0,0,"",0,"",0
"Project-custom_advance_amount","Project","Currency",0,"","Advance Amount","","advance_amt","bill_amt",0,"","0",0,0,"",0,"",0,0,"","","","","",0,0,0,0,1,0,0,0,0,"",0,1,0,0,0,0,0,0,0,0,0,0,0,0,"",0,"",0
"Work Order-custom_bill_amt","Work Order","Currency",0,"","Bill Amt","","bill_amt","solar_capacity",0,"","0",0,0,"",0,"",0,0,"","","","","",0,0,0,0,1,0,0,0,0,"",0,1,0,0,0,0,0,0,0,0,0,0,0,0,"",0,"",0
"Work Order-custom_capacity","Work Order","Data",0,"","Capacity","","solar_capacity","custom_column_break_lygos",0,"","",0,0,"",0,"",0,0,"","","","","",0,0,0,0,1,0,0,0,0,"",0,1,0,0,0,0,0,0,0,0,0,0,0,0,"",0,"",0
"Work Order-custom_column_break_lygos","Work Order","Column Break",0,"","","","custom_column_break_lygos","plant_category",0,"","",0,0,"",0,"",0,0,"","","","","",0,0,0,0,0,0,0,0,0,"",0,0,0,0,0,0,0,0,0,0,0,0,0,0,"",0,"",0
"Work Order-custom_orders_types","Work Order","Data",0,"","Orders Types","","plant_category","lead",0,"","",0,0,"",0,"",0,0,"","","","","",0,0,0,0,1,0,0,0,0,"",0,1,0,0,0,0,0,0,0,0,0,0,0,0,"",0,"",0
"Work Order-custom_lead","Work Order","Data",0,"","Lead","","lead","custom_section_break_3z93k",0,"","",0,0,"",0,"",0,0,"","","","","",0,0,0,0,1,0,0,0,0,"",0,1,0,0,0,0,0,0,0,0,0,0,0,0,"",0,"",0
"Work Order-custom_section_break_3z93k","Work Order","Section Break",0,"","","","custom_section_break_3z93k","amended_from",0,"","",0,0,"",0,"",0,0,"","","","","",0,0,0,0,0,0,0,0,0,"",0,0,0,0,0,0,0,0,0,0,0,0,0,0,"",0,"",0
"Project-custom_bill_amt","Project","Currency",0,"","Bill Amt","","bill_amt","sales_order",0,"","0",0,0,"",0,"sales_order.rounded_total",0,0,"","","","","",0,0,0,0,1,0,0,0,0,"",0,1,1,0,0,0,0,0,0,0,0,0,0,0,"",0,"",0
"Project-custom_orders_types","Project","Data",0,"","Orders Types","","plant_category","solar_capacity",0,"","",0,0,"",0,"sales_order.plant_category",0,0,"","","","","",0,0,0,0,1,0,0,0,0,"",0,1,1,0,0,0,0,0,0,0,0,0,0,0,"",0,"",0
"Project-custom_capacity","Project","Data",0,"","Capacity","","solar_capacity","custom_column_break_pwohi",0,"","",0,0,"",0,"sales_order.solar_capacity",0,0,"","","","","",0,0,0,0,1,0,0,0,0,"",0,1,1,0,0,0,0,0,0,0,0,0,0,0,"",0,"",0
"Project-custom_column_break_pwohi","Project","Column Break",0,"","","","custom_column_break_pwohi","liaison_sync_status",0,"","",0,0,"",0,"",0,0,"","","","","",0,0,0,0,0,0,0,0,0,"",0,0,0,0,0,0,0,0,0,0,0,0,0,0,"",0,"",0
"Sales Order-custom_orders_types","Sales Order","Data",0,"","Orders Types","","plant_category","order_type",0,"","",0,0,"",0,"",0,0,"","","","","",0,0,0,0,1,0,0,0,0,"",0,1,0,0,0,0,0,0,0,0,0,0,0,0,"",0,"",0
"Sales Order-custom_column_break_mjfbt","Sales Order","Column Break",0,"","","","custom_column_break_mjfbt","custom_material_status",0,"","",0,0,"",0,"",0,0,"","","","","",0,0,0,0,0,0,0,0,0,"",0,0,0,0,0,0,0,0,0,0,0,0,0,0,"",0,"",0
"Sales Order-custom_capacity","Sales Order","Data",0,"","Capacity","","solar_capacity","plant_category",0,"","",0,0,"",0,"",0,0,"","","","","",0,0,0,0,1,0,0,0,0,"",0,1,0,0,0,0,0,0,0,0,0,0,0,0,"",0,"",0
"Quotation-custom_column_break_labyl","Quotation","Column Break",0,"","","","custom_column_break_labyl","lead",0,"","",0,0,"",0,"",0,0,"","","","","",0,0,0,0,0,0,0,0,0,"",0,0,0,0,0,0,0,0,0,0,0,0,0,0,"",0,"",0
"Quotation-custom_other_info","Quotation","Section Break",0,"","Other Info","","custom_other_info","more_info_tab",0,"","",0,0,"",0,"",0,0,"","","","","",0,0,0,0,0,0,0,0,0,"",0,0,0,0,0,0,0,0,0,0,0,0,0,0,"",0,"",0
"Lead-custom_section_break_hi7jz","Lead","Section Break",0,"","","","custom_section_break_hi7jz","auto_follow",0,"","",0,0,"",0,"",0,0,"","","","","",0,0,0,0,0,0,0,0,0,"",0,0,0,0,0,0,0,0,0,0,0,0,0,0,"",0,"",0
"Work Order-custom_folllowremark","Work Order","Tab Break",0,"","Folllow/Remark","","custom_folllowremark","connections_tab",0,"","",0,0,"",0,"",0,0,"","","","","",0,0,0,0,0,0,0,0,0,"",0,0,0,0,0,0,0,0,0,0,0,0,0,0,"",0,"",0
"Project-custom_remarkdelay_log","Project","Table",0,"","Remark-Delay Log","","remark_delay_log","custom_followremark",0,"","",0,0,"Remark-Delay Log",0,"",0,0,"","","","","",0,0,0,0,0,0,0,0,0,"",0,0,0,0,0,0,0,0,0,0,0,0,0,0,"",0,"",0
"Project-custom_followremark","Project","Tab Break",0,"","Follow/Remark","","custom_followremark","delay_log",0,"","",0,0,"",0,"",0,0,"","","","","",0,0,0,0,0,0,0,0,0,"",0,0,0,0,0,0,0,0,0,0,0,0,0,0,"",0,"",0
"Delivery Note-custom_remarkdelay_log","Delivery Note","Table",0,"","Remark-Delay Log","","remark_delay_log","custom_followremark",0,"","",0,0,"Remark-Delay Log",0,"",0,0,"","","","","",0,0,0,0,0,0,0,0,0,"",0,0,0,0,0,0,0,0,0,0,0,0,0,0,"",0,"",0
"Delivery Note-custom_followremark","Delivery Note","Tab Break",0,"","Follow/Remark","","custom_followremark","pricing_rules",0,"","",0,0,"",0,"",0,0,"","","","","",0,0,0,0,0,0,0,0,0,"",0,0,0,0,0,0,0,0,0,0,0,0,0,0,"",0,"",0
"Quotation-custom_orders_types","Quotation","Select",0,"","Orders Types","","plant_category","manager",0,"","",0,0,"
Residential
Commercial",0,"",0,0,"","","","","",0,1,0,0,0,0,0,0,0,"",0,0,0,0,0,0,0,0,0,0,0,0,0,0,"",0,"",0
"Project-custom_section_break_kssc9","Project","Section Break",0,"","","","custom_section_break_kssc9","advance_status_html",0,"","",0,0,"",0,"",0,0,"","","","","",0,0,0,0,0,0,0,0,0,"",0,0,0,0,0,0,0,0,0,0,0,0,0,0,"",0,"",0
"Project-custom_recived_amount","Project","HTML",0,"","Recived Amount","","advance_status_html","custom_details",0,"","",0,0,"",0,"",0,0,"","","","","",0,0,0,0,0,0,0,0,0,"",0,0,0,0,0,0,0,0,0,0,0,0,0,0,"",0,"",0
"Sales Order-custom_without_pay_reason","Sales Order","Select",0,"","Without Pay Reason","","without_pay_reason","without_advance",0,"","",0,0,"
GOODWILL APPROVAL
BANK FINANCE",0,"",0,0,"","","eval: doc.without_advance == 1;","eval: doc.without_advance == 1;","",0,0,0,0,0,0,0,0,0,"",0,1,0,0,0,0,0,0,0,0,0,0,0,0,"",0,"",0
"Project-custom_lead","Project","Data",0,"","Lead","","lead","column_break_14",0,"","",0,0,"",0,"sales_order.lead",0,0,"","","","","",0,0,0,0,1,0,0,0,0,"",0,0,0,0,0,0,0,0,0,0,0,0,0,0,"",0,"",0
"Sales Order-custom_whithout_advance","Sales Order","Check",0,"","Without Advance","","without_advance","po_date",0,"","",0,0,"",0,"",0,0,"","","","","",0,0,0,0,0,0,0,0,0,"",0,1,0,0,0,0,0,0,0,0,0,0,0,0,"",0,"",0
"Lead-custom_duplicate_mobile","Lead","Check",0,"","Duplicate Mobile","","duplicate_mobile","country",0,"","",0,0,"",0,"",0,0,"","","","","",0,0,0,0,0,0,0,0,0,"",0,0,0,0,0,0,0,0,0,0,0,0,0,0,"",0,"",0
"Quotation-custom_lead","Quotation","Link",0,"","Lead","","lead","custom_other_info",0,"","",0,0,"Lead",0,"",0,0,"","","","","",0,0,0,0,1,0,0,0,0,"",0,0,0,0,0,0,0,0,0,0,0,0,0,0,"",0,"",0
"Sales Order-custom_lead","Sales Order","Data",0,"","Lead","","lead","cost_center",0,"","",0,0,"",0,"",0,0,"","","","","",0,0,0,0,1,0,0,0,0,"",0,0,0,0,0,0,0,0,0,0,0,0,0,0,"",0,"",0
"Project-custom_details","Project","Tab Break",0,"","Details","","custom_details","",0,"","",0,0,"",0,"",0,0,"","","","","",0,0,0,0,0,0,0,0,0,"",0,0,0,0,0,0,0,0,0,0,0,0,0,0,"",0,"",0
"Quotation-custom_proposal_sent_days","Quotation","Int",0,"","Proposal Sent Days","","custom_proposal_sent_days","custom_delay_reason",0,"","",0,0,"",0,"",0,0,"","","","","",0,0,0,0,1,0,0,0,0,"",0,1,0,0,0,0,0,0,0,0,0,0,0,0,"",1,"",0
"Quotation-custom_delay_reason","Quotation","Small Text",0,"","Delay Reason","","custom_delay_reason","tat_days",0,"","",0,0,"",0,"",0,0,"","","","","",0,0,0,0,0,0,0,0,0,"",0,1,1,0,0,0,0,0,0,0,0,1,0,0,"",1,"",0
"Quotation-custom_column_break_tjm1i","Quotation","Column Break",0,"","","","custom_column_break_tjm1i","custom_remark__delay_tracking",0,"","",0,0,"",0,"",0,0,"","","","","",0,0,0,0,0,0,0,0,0,"",0,1,0,0,0,0,0,0,0,0,0,0,0,0,"",0,"",0
"Project-custom_inverter","Project","Column Break",0,"","Inverter","","custom_inverter","custom_project_documents",0,"","",0,0,"",0,"",0,0,"","","","","",0,0,0,0,0,0,0,0,0,"",0,0,0,0,0,0,0,0,0,0,0,0,0,0,"",0,"",0
"Project-custom_module_photos","Project","Table",0,"","Module Photos","","custom_module_photos","custom_site_survey_docs",0,"","",0,0,"Module Doc Table",0,"",0,0,"","","","","",0,0,0,0,0,0,1,0,0,"",0,0,0,0,0,0,0,0,0,0,0,0,0,0,"",0,"",0
"Project-custom_inverter_photos","Project","Table",0,"","Inverter Photos","","custom_inverter_photos","custom_module_photos",0,"","",0,0,"Inverter Doc Table",0,"",0,0,"","","","","",0,0,0,0,0,0,1,0,0,"",0,0,0,0,0,0,0,0,0,0,0,0,0,0,"",0,"",0
"Sales Order-custom_advance_amt","Sales Order","Data",0,"","% Advance Amt","","per_advance","billing_status",0,"","",0,0,"",0,"",0,0,"","","","","",0,0,0,0,1,0,0,0,0,"",0,1,1,0,0,0,0,0,0,0,0,0,0,0,"",0,"",0
"Sales Order-custom_material_availability","Sales Order","Select",0,"","Material Availability","","custom_material_availability","delivery_date",0,"","",0,0,"Not Available
Available",0,"",0,0,"","","","","",0,0,0,0,0,0,0,0,0,"",0,1,0,0,0,0,0,0,0,0,0,0,0,0,"",1,"",0
"Project-custom_total_cost","Project","Currency",0,"","Total Cost","","custom_total_cost","custom_return_cost",0,"","2",0,0,"Company:company:default_currency",0,"",0,0,"","","","","",0,0,0,0,1,0,0,0,0,"",0,0,0,0,0,0,0,0,0,0,0,0,0,0,"",0,"",0
"Project-custom_return_cost","Project","Currency",0,"","Return Cost","","custom_return_cost","custom_return_materials",0,"","2",0,0,"Company:company:default_currency",0,"",0,0,"","","","","",0,0,0,0,1,0,0,0,0,"",0,0,0,0,0,0,0,0,0,0,0,0,0,0,"",0,"",0
"Project-custom_return_materials","Project","Table",0,"","Return Materials","","custom_return_materials","custom_purchase_cost",0,"","",0,0,"Project Item Table",0,"",0,0,"","","","","",0,0,0,0,0,0,0,0,0,"",0,0,0,0,0,0,1,0,0,0,0,0,0,0,"",0,"",0
"Project-custom_purchase_cost","Project","Currency",0,"","Purchase Cost","","custom_purchase_cost","custom_purchase_materials",0,"","2",0,0,"Company:company:default_currency",0,"",0,0,"","","","","",0,0,0,0,1,0,0,0,0,"",0,0,0,0,0,0,0,0,0,0,0,0,0,0,"",0,"",0
"Project-custom_purchase_materials","Project","Table",0,"","Purchase Materials","","custom_purchase_materials","custom_extra_cost",0,"","",0,0,"Project Item Table",0,"",0,0,"","","","","",0,0,0,0,0,0,0,0,0,"",0,0,0,0,0,0,1,0,0,0,0,0,0,0,"",0,"",0
"Project-custom_extra_cost","Project","Currency",0,"","Extra Cost","","custom_extra_cost","extra_materials",0,"","2",0,0,"Company:company:default_currency",0,"",0,0,"","","","","",0,0,0,0,1,0,1,0,0,"",0,0,0,0,0,0,0,0,0,0,0,0,0,0,"",0,"",0
"Project-custom_extra_materials","Project","Table",0,"","Extra Materials","","extra_materials","custom_material_details",0,"","",0,0,"Project Item Table",0,"",0,0,"","","","","",0,0,0,0,0,0,1,0,0,"",0,0,0,0,0,0,1,0,0,0,0,0,0,0,"",0,"",0
"Project-custom_material_details","Project","Section Break",0,"","Material Details","","custom_material_details","project_tasks",0,"","",0,0,"",0,"",0,0,"","","","","",0,0,0,0,0,0,0,0,0,"",0,0,0,0,0,0,0,0,0,0,0,0,0,0,"",0,"",0
"Project-custom_team_members","Project","Table",0,"","Team Members","","custom_team_members","custom_project_manager",0,"","",0,0,"Project Team Table",0,"",0,0,"","","","","",0,0,0,0,0,0,0,0,0,"",0,0,0,0,0,0,0,0,0,0,0,0,0,0,"",0,"",0
"Project-custom_team_details","Project","Section Break",0,"","Team Details","","custom_team_details","department",0,"","",0,0,"",0,"",0,0,"","","","","",0,0,0,0,0,0,0,0,0,"",0,0,0,0,0,0,0,0,0,0,0,0,0,0,"",0,"",0
"Project-custom_project_manager","Project","Link",0,"","Project Manager","","custom_project_manager","custom_team_details",0,"","",0,0,"User",0,"sales_order.project_manager",0,0,"","","","","",0,1,0,0,0,0,0,0,0,"",0,0,0,0,0,0,0,0,0,0,0,0,0,0,"",0,"",0
"Site Survey-custom_section_break_uzho9","Site Survey","Section Break",0,"","","","custom_section_break_uzho9","tat_days",0,"","",0,0,"",0,"",0,0,"","","","","",0,0,0,0,0,0,0,0,0,"",0,0,0,0,0,0,0,0,0,0,0,0,0,0,"",0,"",0
"Lead-custom_enable_follow","Lead","Check",0,"","Auto Follow","","auto_follow","tat_days",0,"","",0,0,"",0,"",0,0,"","1","","","",0,0,0,0,0,0,0,0,0,"",0,0,0,0,0,0,0,0,0,0,0,0,0,0,"",0,"",0
"Work Order-custom_remarkdelay_log","Work Order","Table",0,"","Remark-Delay Log","","remark_delay_log","custom_remark__delay_tracking",0,"","",0,0,"Remark-Delay Log",0,"",0,0,"","","","","",0,0,0,0,0,0,0,0,0,"",0,0,0,0,0,0,0,0,0,0,0,0,0,0,"",0,"",0
"Work Order-custom_remark__delay_tracking","Work Order","Section Break",0,"","Remark & Delay Tracking","","custom_remark__delay_tracking","custom_folllowremark",0,"","",0,0,"",0,"",0,0,"","","","","",0,0,0,0,0,0,0,0,0,"",0,0,0,0,0,0,0,0,0,0,0,0,0,0,"",0,"",0
"Quotation-custom_next_followup_date","Quotation","Date",0,"","Next Followup Date","","next_followup_date","proposal_sent_date",0,"","",0,0,"",0,"",0,0,"","","","","",0,0,0,0,1,0,0,0,0,"",0,0,0,0,0,0,0,0,0,0,0,0,0,0,"",0,"",0
"Sales Order-custom_tat_days","Sales Order","Int",0,"","TAT Days","","tat_days","act_nxstp_dt",0,"","",0,0,"",0,"",0,0,"","","","","",0,0,0,0,1,0,0,0,0,"",0,1,0,0,0,0,0,0,0,0,0,0,0,0,"",0,"",0
"Sales Order-custom_actual_next_step_date","Sales Order","Date",0,"","Actual Next Step Date","","act_nxstp_dt","exp_nxstp_dt",0,"","",0,0,"",0,"",0,0,"","","","","",0,0,0,0,1,0,0,0,0,"",0,1,0,0,0,0,0,0,0,0,0,0,0,0,"",0,"",0
"Sales Order-custom_expected_next_step_date","Sales Order","Date",0,"","Expected Next Step Date","","exp_nxstp_dt","remark_delay_log",0,"","",0,0,"",0,"",0,0,"","","","","",0,0,0,0,1,0,0,0,0,"",0,1,0,0,0,0,0,0,0,0,0,0,0,0,"",0,"",0
"Sales Order-custom_remarkdelay_log","Sales Order","Table",0,"","Remark-Delay Log","","remark_delay_log","custom_remark__delay_log",0,"","",0,0,"Remark-Delay Log",0,"",0,0,"","","","","",0,0,0,0,0,0,0,0,0,"",0,1,0,0,0,0,0,0,0,0,0,0,0,0,"",0,"",0
"Sales Order-custom_remark__delay_log","Sales Order","Section Break",0,"","Remark & Delay Log","","custom_remark__delay_log","custom_column_break_gehnp",0,"","",0,0,"",0,"",0,0,"","","","","",0,0,0,0,0,0,0,0,0,"",0,0,0,0,0,0,0,0,0,0,0,0,0,0,"",0,"",0
"Quotation-custom_tat_days","Quotation","Int",0,"","TAT Days","","tat_days","act_nxstp_dt",0,"","",0,0,"",0,"",0,0,"","","","","",0,0,0,0,1,0,0,0,0,"",0,1,1,0,0,0,0,0,0,0,0,0,0,0,"",1,"",0
"Quotation-custom_actual_next_step_date","Quotation","Date",0,"","Actual Next Step Date","","act_nxstp_dt","exp_nxstp_dt",0,"","",0,0,"",0,"",0,0,"","","","","",0,0,0,0,1,0,0,0,0,"",0,1,1,0,0,0,0,0,0,0,0,0,0,0,"",0,"",0
"Quotation-custom_expected_next_step_date","Quotation","Date",0,"","Expected Next Step Date","","exp_nxstp_dt","remark_delay_log",0,"","",0,0,"",0,"",0,0,"","","","","",0,0,0,0,1,0,0,0,0,"",0,1,1,0,0,0,0,0,0,0,0,0,0,0,"",0,"",0
"Quotation-custom_remarkdelay_log","Quotation","Table",0,"","Remark-Delay Log","","remark_delay_log","custom_column_break_tjm1i",0,"","",0,0,"Remark-Delay Log",0,"",0,0,"","","","","",0,0,0,0,0,0,0,0,0,"",0,1,0,0,0,0,0,0,0,0,0,0,0,0,"",0,"",0
"Quotation-custom_remark__delay_tracking","Quotation","Section Break",0,"","Remark & Delay Tracking","","custom_remark__delay_tracking","custom_followup",0,"","",0,0,"",0,"",0,0,"","","","","",0,0,0,0,0,0,1,0,0,"",0,0,0,0,0,0,0,0,0,0,0,0,0,0,"",0,"",0
"Site Survey-custom_tat_days","Site Survey","Int",0,"","TAT Days","","tat_days","act_nxstp_dt",0,"","",0,0,"",0,"",0,0,"","","","","",0,0,0,0,1,0,0,0,0,"",0,0,0,0,0,0,0,0,0,0,0,0,0,0,"",0,"",0
"Site Survey-custom_actual_next_step_date","Site Survey","Date",0,"","Actual Next Step Date","","act_nxstp_dt","exp_nxstp_dt",0,"","",0,0,"",0,"",0,0,"","","","","",0,0,0,0,1,0,0,0,0,"",0,0,0,0,0,0,0,0,0,0,0,0,0,0,"",0,"",0
"Site Survey-custom_expected_next_step_date","Site Survey","Date",0,"","Expected Next Step Date","","exp_nxstp_dt","remark_delay_log",0,"","",0,0,"",0,"",0,0,"","","","","",0,0,0,0,1,0,0,0,0,"",0,0,0,0,0,0,0,0,0,0,0,0,0,0,"",0,"",0
"Site Survey-custom_remarkdelay_log","Site Survey","Table",0,"","Remark-Delay Log","","remark_delay_log","custom_tat_and_remarkdelay",0,"","",0,0,"Remark-Delay Log",0,"",0,0,"","","","","",0,0,0,0,0,0,0,0,0,"",0,0,0,0,0,0,0,0,0,0,0,0,0,0,"",0,"",0
"Site Survey-custom_tat_and_remarkdelay","Site Survey","Section Break",0,"","TAT and Remark/Delay","","custom_tat_and_remarkdelay","more_info_tab",0,"","",0,0,"",0,"",0,0,"","","","","",0,0,0,0,0,0,0,0,0,"",0,0,0,0,0,0,0,0,0,0,0,0,0,0,"",0,"",0
"Lead-custom_tat_days","Lead","Int",0,"","TAT Days","","tat_days","act_nxstp_dt",0,"","",0,0,"",0,"",0,0,"","","","","",0,0,0,0,1,0,0,0,0,"",0,0,0,0,0,0,0,0,0,0,0,0,0,0,"",0,"",0
"Lead-custom_actual_next_step_date","Lead","Date",0,"","Actual Next Step Date","","act_nxstp_dt","exp_nxstp_dt",0,"","",0,0,"",0,"",0,0,"","","","","",0,0,0,0,1,0,0,0,0,"",0,0,0,0,0,0,0,0,0,0,0,0,0,0,"",0,"",0
"Lead-custom_expected_next_step_date","Lead","Date",0,"","Expected Next Step Date","","exp_nxstp_dt","remark_delay_log",0,"","",0,0,"",0,"",0,0,"","","","","",0,0,0,0,1,0,0,0,0,"",0,0,0,0,0,0,0,0,0,0,0,0,0,0,"",0,"",0
"Lead-custom_remarkdelay_log","Lead","Table",0,"","Remark-Delay Log","","remark_delay_log","custom_tat__delay_tracking",0,"","",0,0,"Remark-Delay Log",0,"",0,0,"","","","","",0,0,0,0,0,0,0,0,0,"",0,0,0,0,0,0,0,0,0,0,0,0,0,0,"",0,"",0
"Lead-custom_tat__delay_tracking","Lead","Section Break",0,"","TAT & Delay Tracking","","custom_tat__delay_tracking","notes_tab",0,"","",0,0,"",0,"",0,0,"","","","","",0,0,0,0,0,0,0,0,0,"",0,0,0,0,0,0,0,0,0,0,0,0,0,0,"",0,"",0
"Customer-custom_contact_person_name","Customer","Data",0,"","Contact Person Name","","custom_contact_person_name","customer_primary_contact",0,"","",0,0,"",0,"customer_primary_contact.first_name",0,0,"","","","","",0,0,0,0,0,0,0,0,0,"",0,0,0,0,0,0,0,0,0,0,0,0,0,0,"",0,"",0
"Task-custom_connection","Task","Tab Break",0,"","Connection","","custom_connection","template_task",0,"","",0,0,"",0,"",0,0,"","","","","",0,0,0,0,0,0,0,0,0,"",0,0,0,0,0,0,0,0,0,0,0,0,0,1,"",0,"",0
"Task-custom_total_time","Task","Duration",0,"","Total Time","","total_time","custom_column_break_tcjmb",0,"","",0,0,"",0,"",0,0,"","","","","",0,0,0,0,1,0,0,0,0,"",0,0,0,0,0,0,0,0,0,0,0,0,0,0,"",0,"",0
"Task-custom_column_break_tcjmb","Task","Column Break",0,"","","","custom_column_break_tcjmb","actual_ed",0,"","",0,0,"",0,"",0,0,"","","","","",0,0,0,0,0,0,0,0,0,"",0,0,0,0,0,0,0,0,0,0,0,0,0,0,"",0,"",0
"Task-custom_actual_end_date","Task","Datetime",0,"","Actual End Date","","actual_ed","actual_sd",0,"","",0,0,"",0,"",0,0,"","","","","",0,0,0,0,1,0,0,0,0,"",0,0,0,0,0,0,0,0,0,0,0,0,0,0,"",0,"",0
"Task-custom_actual_start_date","Task","Datetime",0,"","Actual Start Date","","actual_sd","custom_section_break_jo8ns",0,"","",0,0,"",0,"",0,0,"","","","","",0,0,0,0,1,0,0,0,0,"",0,0,0,0,0,0,0,0,0,0,0,0,0,0,"",0,"",0
"Task-custom_section_break_jo8ns","Task","Section Break",0,"","","","custom_section_break_jo8ns","act_end_date",0,"","",0,0,"",0,"",0,0,"","","","","",0,0,0,0,0,0,0,0,0,"",0,0,0,0,0,0,0,0,0,0,0,0,0,0,"",0,"",0
"Project-custom_more_info","Project","Tab Break",0,"","More Info","","custom_more_info","remark_delay_log",0,"","",0,0,"",0,"",0,0,"","","","","",0,0,0,0,0,0,0,0,0,"",0,0,0,0,0,0,0,0,0,0,0,0,0,1,"",0,"",0
"Work Order-custom_customer_name","Work Order","Data",0,"","Customer Name","","custom_customer_name","project",0,"","",0,0,"",0,"sales_order.customer",0,0,"","","","","",0,0,0,0,1,0,0,0,0,"",0,0,0,0,0,0,0,0,0,0,0,0,0,0,"",0,"",0
"Sales Order-custom_adv_receive_massage_send_date","Sales Order","Date",0,"","Adv Receive Massage Send Date","","adv_receive_msg_date","adv_recv_msg_to_client",0,"","",0,0,"",0,"",0,0,"","","","","",0,0,0,0,1,0,1,0,0,"",0,1,0,0,0,0,0,0,0,0,0,0,0,0,"",0,"",0
"Sales Order-custom_column_break_gehnp","Sales Order","Column Break",0,"","","","custom_column_break_gehnp","adv_receive_msg_date",0,"","",0,0,"",0,"",0,0,"","","","","",0,0,0,0,0,0,0,0,0,"",0,0,0,0,0,0,0,0,0,0,0,0,0,0,"",0,"",0
"Sales Order-custom_adv_recv_msg_to_client","Sales Order","Check",0,"","Adv. Recv Msg to Client","","adv_recv_msg_to_client","custom_message__followup",0,"","",0,0,"",0,"",0,0,"","","","","",0,0,0,0,0,0,0,0,0,"",0,0,0,0,0,0,0,0,0,0,0,0,0,0,"",0,"",0
"Sales Order-custom_message__followup","Sales Order","Tab Break",0,"","Message & Followup","","custom_message__followup","company_contact_person",0,"","",0,0,"",0,"",0,0,"","","","","",0,0,0,0,0,0,0,0,0,"",0,0,0,0,0,0,0,0,0,0,0,0,0,0,"",0,"",0
"Quotation-custom_proposal_sent_date","Quotation","Date",0,"","Proposal Sent Date","","proposal_sent_date","custom_column_break_x2chd",0,"","",0,0,"",0,"",0,0,"","","","","",0,0,0,0,1,0,1,0,0,"",0,1,0,0,0,0,0,0,0,0,0,0,0,0,"",0,"",0
"Quotation-custom_column_break_x2chd","Quotation","Column Break",0,"","","","custom_column_break_x2chd","custom_section_break_8ouvl",0,"","",0,0,"",0,"",0,0,"","","","","",0,0,0,0,0,0,0,0,0,"",0,0,0,0,0,0,0,0,0,0,0,0,0,0,"",0,"",0
"Delivery Note-custom_late_remark","Delivery Note","Small Text",0,"","Late Remark","","late_remark","manager",0,"","",0,0,"",0,"",0,0,"","","","","",0,1,0,0,0,0,0,0,0,"",0,0,0,0,0,0,0,0,0,0,0,0,0,0,"",0,"",0
"Lead-custom_section_break_u0xev","Lead","Section Break",0,"","","","custom_section_break_u0xev","lead_progress_html",0,"","",0,0,"",0,"",0,0,"","","","","",0,0,0,0,0,0,0,0,0,"",0,0,0,0,0,0,0,0,0,0,0,0,0,0,"",0,"",0
"Lead-custom_lead_progress","Lead","HTML",0,"","Lead Progress","","lead_progress_html","custom_details",0,"","",0,0,"",0,"",0,0,"","","","","",0,0,0,0,0,0,0,0,0,"",0,0,0,0,0,0,0,0,0,0,0,0,0,0,"",0,"",0
"Payment Schedule-custom_payment_date","Payment Schedule","Date",0,"","Payment Date","","custom_payment_date","custom_column_break_utldy",0,"","",0,0,"",0,"",0,0,"","","","","",0,0,0,0,1,0,0,0,0,"",0,0,0,0,0,0,0,0,0,0,0,0,0,0,"",0,"",0
"Payment Schedule-custom_column_break_utldy","Payment Schedule","Column Break",0,"","","","custom_column_break_utldy","payment_term",0,"","",0,0,"",0,"",0,0,"","","","","",0,0,0,0,0,0,0,0,0,"",0,0,0,0,0,0,0,0,0,0,0,0,0,0,"",0,"",0
"Quotation-custom_section_break_uxkec","Quotation","Section Break",0,"","","","custom_section_break_uxkec","type_of_mounting",0,"","",0,0,"",0,"",0,0,"","","","","",0,0,0,0,0,0,0,0,0,"",0,0,0,0,0,0,0,0,0,0,0,0,0,0,"",0,"",0
"Lead-custom_pincode","Lead","Data",0,"","Pincode","","custom_pincode","city",0,"","",0,0,"",0,"",0,0,"","","","","",0,0,0,0,0,0,0,0,0,"",0,0,0,0,0,0,0,0,0,0,0,0,0,0,"",0,"",0
"Quotation-custom_proposal_type","Quotation","Select",0,"","Proposal Type","","proposal_type","custom_section_break_uxkec",0,"","",0,0,"
3 kW 6ft
3 kW 8ft
3 kW RCC
5 kW 6ft
5 kW 8ft
5 kW RCC
6 kW 6ft
6 kW 8ft
6 kW RCC
7 kW 6ft
7 kW 8ft
7 kW RCC
7 kW 6ft NDCR
7 kW 8ft NDCR
7 kW RCC NDCR
8 kW 6ft
8 kW 8ft
8 kW RCC
8 kW 6ft NDCR
8 kW 8ft NDCR
8 kW RCC NDCR
10 kW RCC DCR
10 kW 6ft NDCR
10 kW 8ft NDCR
10 kW RCC NDCR",0,"",0,0,"","","","","",0,0,0,0,0,0,1,0,0,"",0,0,0,0,0,0,0,0,0,0,0,0,0,0,"",0,"",0
"ToDo-custom_info_user","ToDo","Link",0,"","Info User","","custom_info_user","reference_name",0,"","",0,0,"User",0,"",0,0,"","mp@sadbhavrenewables.com","","","",0,0,0,0,1,0,1,0,0,"",0,0,0,0,0,0,0,0,0,0,0,0,0,0,"",0,"",0
"Quotation-custom_followup","Quotation","Tab Break",0,"","Message & Follow-Up","","custom_followup","company_contact_person",0,"","",0,0,"",0,"",0,0,"","","","","",0,0,0,0,0,0,0,0,0,"",0,0,0,0,0,0,0,0,0,0,0,0,0,0,"",0,"",0
"Sales Order-custom_sign_pi","Sales Order","Attach",0,"","Signed PI","","custom_sign_pi","custom_signed_pi",0,"","",0,0,"",0,"",0,0,"","","","","",0,0,0,0,0,0,0,0,0,"",0,0,0,0,0,0,0,0,0,0,0,0,0,0,"",0,"",0
"Sales Order-custom_signed_pi","Sales Order","Section Break",0,"","Signed PI","","custom_signed_pi","more_info",0,"","",0,0,"",0,"",0,0,"","","","","",0,0,0,0,0,0,0,0,0,"",0,0,0,0,0,0,0,0,0,0,0,0,0,0,"",0,"",0
"Quotation-custom_sign_quot","Quotation","Attach Image",0,"","Signed Proposal","","custom_sign_quot","custom_signed_porpsal__bom",0,"","",0,0,"",0,"",0,0,"","","","","",0,0,0,0,0,0,0,0,0,"",0,0,0,0,0,0,0,0,0,0,0,0,0,0,"",0,"",0
"Quotation-custom_signed_porpsal__bom","Quotation","Section Break",0,"","Signed Porpsal / BOM","","custom_signed_porpsal__bom","liaisoning_and_sync",0,"","",0,0,"",0,"",0,0,"","","","","",0,0,0,0,0,0,0,0,0,"",0,0,0,0,0,0,0,0,0,0,0,0,0,0,"",0,"",0
"Lead-custom_description","Lead","Small Text",0,"","Remark","","description","custom_column_break_wpqfm",0,"","",0,0,"",0,"",0,0,"","","","","",0,1,0,0,0,0,0,0,0,"",0,0,1,0,0,0,0,0,0,0,0,0,0,0,"",0,"",0
"Lead-custom_column_break_wpqfm","Lead","Column Break",0,"","","","custom_column_break_wpqfm","solar_capacity",0,"","",0,0,"",0,"",0,0,"","","","","",0,0,0,0,0,0,0,0,0,"",0,0,0,0,0,0,0,0,0,0,0,0,0,0,"",0,"",0
"Lead-custom_section_break_1ikql","Lead","Section Break",0,"","","","custom_section_break_1ikql","surveyed_by",0,"","",0,0,"",0,"",0,0,"","","","","",0,0,0,0,0,0,0,0,0,"",0,0,0,0,0,0,0,0,0,0,0,0,0,0,"",0,"",0
"Lead-custom_capacity","Lead","Data",0,"","Capacity","","solar_capacity","industry",0,"","",0,0,"",0,"",0,0,"","","","","",0,0,0,0,0,1,0,0,0,"",0,0,1,1,0,0,0,0,0,0,0,0,0,0,"",0,"",0
"Lead-custom_creation_date","Lead","Date",0,"","Creation Date","","creation_date","gender",0,"","",0,0,"",0,"",0,0,"","Today","","","",0,0,0,0,0,0,0,0,0,"",0,0,1,0,0,0,0,0,0,0,0,0,0,0,"",0,"",0
"Lead-custom_address","Lead","Data",0,"","Address","","custom_address","address_section",0,"","",0,0,"",0,"",0,0,"","","","","",0,0,0,0,0,0,0,0,0,"",0,0,0,0,0,0,0,0,0,0,0,1,0,0,"",0,"",0
"Employee Checkin-custom_late_time","Employee Checkin","Data",0,"","Late/Early Time","","early_or_late_time","early_exit",0,"","",0,0,"",0,"",0,0,"","","","","",0,0,0,0,1,0,0,0,0,"",0,0,0,0,0,0,0,0,0,0,0,0,0,0,"",0,"",0
"Employee Checkin-custom_photo","Employee Checkin","Attach Image",0,"","Photo","","custom_photo","custom_column_break_sfn2b",0,"","",0,0,"",0,"",0,0,"","","","","",0,0,0,0,0,0,0,0,0,"",0,0,0,0,0,0,0,0,0,0,0,0,0,0,"",0,"",0
"Employee Checkin-custom_column_break_sfn2b","Employee Checkin","Column Break",0,"","","","custom_column_break_sfn2b","custom_area_name",0,"","",0,0,"",0,"",0,0,"","","","","",0,0,0,0,0,0,0,0,0,"",0,0,0,0,0,0,0,0,0,0,0,0,0,0,"",0,"",0
"Employee Checkin-custom_area_name","Employee Checkin","Small Text",0,"","Area Name","","custom_area_name","custom_section_break_ylbm1",0,"","",0,0,"",0,"",0,0,"","","","","",0,0,0,0,0,0,0,0,0,"",0,0,0,0,0,0,0,0,0,0,0,0,0,0,"",0,"",0
"Employee Checkin-custom_section_break_ylbm1","Employee Checkin","Section Break",0,"","","","custom_section_break_ylbm1","attendance",0,"","",0,0,"",0,"",0,0,"","","","","",0,0,0,0,0,0,0,0,0,"",0,0,0,0,0,0,0,0,0,0,0,0,0,0,"",0,"",0
"Employee-custom_employee_perk","Employee","Table",0,"","Employee Asset","","custom_employee_perk","custom_section_break_bkabu",0,"","",0,0,"Employee Perk",0,"",0,0,"","","","","",0,0,0,0,0,0,0,0,0,"",0,0,0,0,0,0,0,0,0,0,0,0,0,0,"",0,"",0
"Employee-custom_section_break_bkabu","Employee","Section Break",0,"","Employee Asset","","custom_section_break_bkabu","company",0,"","",0,0,"",0,"",0,0,"","","","","",0,0,0,0,0,0,0,0,0,"",0,0,0,0,0,0,0,0,0,0,0,0,0,0,"",0,"",0
"Employee Checkin-custom_early_exit","Employee Checkin","Check",0,"","Early Exit","","early_exit","adv_hrms_checkin_col",0,"","",0,0,"",0,"",0,0,"","0","eval: doc.log_type == ""OUT"";","","",0,0,0,0,1,0,0,0,0,"",0,0,0,0,0,0,0,0,0,0,0,0,0,0,"",0,"",0
"Employee Checkin-custom_late_entry","Employee Checkin","Check",0,"","Late Entry","","late_entry","adv_hrms_checkin_section",0,"","",0,0,"",0,"",0,0,"","0","eval: doc.log_type == ""IN"";","","",0,0,0,0,1,0,0,0,0,"",0,0,0,0,0,0,0,0,0,0,0,0,0,0,"",0,"",0
"Employee-custom_column_break_wg9sx","Employee","Column Break",0,"","","","custom_column_break_wg9sx","erpnext_user",0,"","",0,0,"",0,"",0,0,"","","","","",0,0,0,0,0,0,0,0,0,"",0,0,0,0,0,0,0,0,0,0,0,0,0,0,"",0,"",0
"Lead-custom_details","Lead","Tab Break",0,"","Details","","custom_details","",0,"","",0,0,"",0,"",0,0,"","","","","",0,0,0,0,0,0,0,0,0,"",0,0,0,0,0,0,0,0,0,0,0,0,0,1,"",0,"",0
"Lead-custom_surveyed_by","Lead","Link",0,"","Survey Assigned To","","surveyed_by","request_type",0,"[[""User"",""role"",""="",""Site Survey User""]]","",0,0,"User",0,"",0,0,"","","","","",0,0,0,0,0,0,0,0,0,"",0,0,0,0,0,0,0,0,0,0,0,0,0,0,"",0,"",0
"Employee-custom_esic","Employee","Check",0,"","ESIC","","custom_esic","provident_fund_account",0,"","",0,0,"",0,"",0,0,"","","","","",0,0,0,0,0,0,0,0,0,"",0,0,0,0,0,0,0,0,0,0,0,0,0,0,"",0,"",0
"Employee-custom_spouse","Employee","Data",0,"","Spouse","","custom_spouse","marital_status",0,"","",0,0,"",0,"",0,0,"","","","","",0,0,0,0,0,0,0,0,0,"",0,0,0,0,0,0,0,0,0,0,0,0,0,0,"",0,"",0
"Employee-custom_mothers_name","Employee","Data",0,"","Mother's Name","","custom_mothers_name","custom_fathers_name_",0,"","",0,0,"",0,"",0,0,"","","","","",0,0,0,0,0,0,0,0,0,"",0,0,0,0,0,0,0,0,0,0,0,0,0,0,"",0,"",0
"Employee-custom_fathers_name_","Employee","Data",0,"","Father's Name ","","custom_fathers_name_","personal_details",0,"","",0,0,"",0,"",0,0,"","","","","",0,0,0,0,0,0,0,0,0,"",0,0,0,0,0,0,0,0,0,0,0,0,0,0,"",0,"",0
"Employee-custom_driving_licence_","Employee","Data",0,"","Driving Licence ","","custom_driving_licence_","pan_number",0,"","",0,0,"",0,"",0,0,"","","","","",0,0,0,0,0,0,0,0,0,"",0,0,0,0,0,0,0,0,0,0,0,0,0,0,"",0,"",0
"Employee-custom_pf","Employee","Check",0,"","PF","","custom_pf","column_break_45",0,"","",0,0,"",0,"",0,0,"","","","","",0,0,0,0,0,0,0,0,0,"",0,0,0,0,0,0,0,0,0,0,0,0,0,0,"",0,"",0
"Employee-custom_uan_no","Employee","Data",0,"","ESIC IP No","","esic_no","custom_esic",0,"","",0,0,"",0,"",0,0,"","","eval: doc.custom_esic != 0;","","",0,0,0,0,0,0,0,0,0,"",0,0,0,0,0,0,0,0,0,0,0,0,0,0,"",0,"",0
"Employee-custom_column_break_93lcz","Employee","Column Break",0,"","","","custom_column_break_93lcz","health_details",0,"","",0,0,"",0,"",0,0,"","","","","",0,0,0,0,0,0,0,0,0,"",0,0,0,0,0,0,0,0,0,0,0,0,0,0,"",0,"",0
"Employee-custom_column_break_zfczu","Employee","Column Break",0,"","","","custom_column_break_zfczu","lateearly_rate",0,"","",0,0,"",0,"",0,0,"","","","","",0,0,0,0,0,0,0,0,0,"",0,0,0,0,0,0,0,0,0,0,0,0,0,0,"",0,"",0
"Employee-custom_column_break_idetw","Employee","Column Break",0,"","","","custom_column_break_idetw","approvers_section",0,"","",0,0,"",0,"",0,0,"","","","","",0,0,0,0,0,0,0,0,0,"",0,0,0,0,0,0,0,0,0,0,0,0,0,0,"",0,"",0
"Customer-custom_pincode","Customer","Data",0,"","Pincode","","custom_pincode","custom_state",0,"","",0,0,"",0,"",0,0,"","","","","",0,0,0,0,0,0,0,0,0,"",0,0,0,0,0,0,0,0,0,0,0,0,0,0,"",0,"",0
"Customer-custom_email","Customer","Data",0,"","Email","","custom_email","custom_mobile",0,"","",0,0,"Email",0,"",0,0,"","","","","",0,0,0,0,0,0,0,0,0,"",0,0,0,0,0,0,0,0,0,0,0,0,0,0,"",0,"",0
"Customer-custom_mobile","Customer","Data",0,"","Mobile","","custom_mobile","custom_contact_person",0,"","",0,0,"Phone",0,"",0,0,"","","","","",0,0,0,0,0,0,0,0,0,"",0,0,0,0,0,0,0,0,0,0,0,0,0,0,"",0,"",0
"Customer-custom_contact_person","Customer","Data",0,"","Contact Person","","custom_contact_person","custom_column_break_wm7at",0,"","",0,0,"",0,"",0,0,"","","","","",0,0,0,0,0,0,0,0,0,"",0,0,0,0,0,0,0,0,0,0,0,0,0,0,"",0,"",0
"Customer-custom_column_break_wm7at","Customer","Column Break",0,"","","","custom_column_break_wm7at","custom_pincode",0,"","",0,0,"",0,"",0,0,"","","","","",0,0,0,0,0,0,0,0,0,"",0,0,0,0,0,0,0,0,0,0,0,0,0,0,"",0,"",0
"Customer-custom_state","Customer","Select",0,"","State","","custom_state","custom_citytown",0,"","",0,0,"
Andhra Pradesh
Andaman and Nicobar Islands
Arunachal Pradesh
Assam
Bihar
Chandigarh
Chhattisgarh
Delhi
Goa
Gujarat
Haryana
Himachal Pradesh
Jammu and Kashmir
Jharkhand
Karnataka
Kerala
Ladakh
Lakshadweep
Dadra and Nagar Haveli and Daman and Diu
Madhya Pradesh
Maharashtra
Manipur
Meghalaya
Mizoram
Nagaland
Odisha
Puducherry
Punjab
Rajasthan
Sikkim
Tamil Nadu
Telangana
Tripura
Uttar Pradesh
Uttarakhand
West Bengal",0,"",0,0,"","","","","",0,0,0,0,0,0,0,0,0,"",0,0,0,0,0,0,0,0,0,0,0,0,0,0,"",0,"",0
"Customer-custom_citytown","Customer","Data",0,"","City/Town","","custom_citytown","custom_column_break_abak7",0,"","",0,0,"",0,"",0,0,"","","","","",0,0,0,0,0,0,0,0,0,"",0,0,0,0,0,0,0,0,0,0,0,0,0,0,"",0,"",0
"Customer-custom_column_break_abak7","Customer","Column Break",0,"","","","custom_column_break_abak7","custom_add_line_2",0,"","",0,0,"",0,"",0,0,"","","","","",0,0,0,0,0,0,0,0,0,"",0,0,0,0,0,0,0,0,0,0,0,0,0,0,"",0,"",0
"Customer-custom_add_line_2","Customer","Data",0,"","Add Line 2","","custom_add_line_2","custom_add_line_1",0,"","",0,0,"",0,"",0,0,"","","","","",0,0,0,0,0,0,0,0,0,"",0,0,0,0,0,0,0,0,0,0,0,0,0,0,"",0,"",0
"Customer-custom_add_line_1","Customer","Data",0,"","Add Line 1","","custom_add_line_1","custom_address",0,"","",0,0,"",0,"",0,0,"","","","","",0,0,0,0,0,0,0,0,0,"",0,0,0,0,0,0,0,0,0,0,0,0,0,0,"",0,"",0
"Customer-custom_address","Customer","Section Break",0,"","Add & Cont.","","custom_address","contact_and_address_tab",0,"","",0,0,"",0,"",0,0,"","","eval:doc.__islocal;","","",0,0,0,0,0,0,0,0,0,"",0,0,0,0,0,0,0,0,0,0,0,0,0,0,"",0,"",0
"Quotation-custom_bom","Quotation","Table",0,"","BOM","","custom_bom","custom_materials_require",0,"","",0,0,"Custom Quot BOM",0,"",0,0,"","","","","",0,0,0,0,0,0,0,0,0,"",0,0,0,0,0,0,0,0,0,0,0,0,0,0,"",0,"",0
"Quotation-custom_materials_require","Quotation","Section Break",0,"","","","custom_materials_require","in_words",0,"","",0,0,"",0,"",0,0,"","","","","",0,0,0,0,0,0,0,0,0,"",0,0,0,0,0,0,0,0,0,0,0,0,0,0,"",0,"",0
"Quotation-custom_capacity","Quotation","Float",0,"","Capacity","","solar_capacity","site_survey",0,"","1",0,0,"",0,"site_survey.solar_capacity",0,0,"","","","","",0,1,0,0,0,0,0,0,0,"",0,1,0,0,0,0,0,0,0,0,0,0,0,0,"",0,"",0
"Employee-custom_aadhar_no","Employee","Data",0,"","Aadhar No","","custom_aadhar_no","custom_column_break_93lcz",0,"","",0,0,"",0,"",0,0,"","","","","",0,0,0,0,0,0,0,0,0,"",0,0,0,0,0,0,0,0,0,0,0,0,0,0,"",0,"",0
"Expense Claim-company_gstin","Expense Claim","Autocomplete",1,"GST India","Company GSTIN","","company_gstin","company",0,"","",0,0,"",0,"",0,0,"","","","","",0,0,0,0,0,0,0,0,0,"",0,0,0,0,0,0,0,0,0,0,0,0,0,0,"",0,"",0
"Delivery Note-ewaybill","Delivery Note","Data",1,"GST India","e-Waybill No.","","ewaybill","customer_name",0,"","",0,0,"",0,"",0,0,"","","eval: doc.docstatus === 1 && (doc.ewaybill || doc.e_waybill_status !== 'Not Applicable')","","",0,0,0,0,1,0,0,0,0,"",1,1,0,0,0,0,0,0,0,0,0,0,0,0,"",0,"",0
"Delivery Note-gst_vehicle_type","Delivery Note","Select",1,"GST India","GST Vehicle Type","","gst_vehicle_type","lr_date",0,"","",0,0,"Regular
Over Dimensional Cargo (ODC)",0,"",0,0,"","Regular","eval:[""Road"", ""Ship""].includes(doc.mode_of_transport)","","eval: doc.mode_of_transport == 'Ship'",0,0,0,0,0,0,0,1,0,"",1,0,0,0,0,0,0,0,0,0,0,0,0,0,"",0,"",0
"Delivery Note-mode_of_transport","Delivery Note","Select",1,"GST India","Mode of Transport","","mode_of_transport","transporter_name",0,"","",0,0,"
Road
Air
Rail
Ship",0,"",0,0,"","Road","","","",0,0,0,0,0,0,0,1,0,"",1,0,0,0,0,0,0,0,0,0,0,0,0,0,"",0,"",0
"Delivery Note-gst_transporter_id","Delivery Note","Data",1,"GST India","GST Transporter ID","","gst_transporter_id","transporter",0,"","",0,0,"",0,"transporter.gst_transporter_id",0,0,"","","","","",0,0,0,0,0,0,0,1,0,"",1,0,0,0,0,0,0,0,0,0,0,0,0,0,"",0,"",0
"Delivery Note-distance","Delivery Note","Int",1,"GST India","Distance (in km)","","distance","vehicle_no",0,"","",0,0,"",0,"",0,0,"","","","","",0,0,0,0,0,0,0,1,0,"",1,0,0,0,0,0,0,0,0,0,0,0,0,0,"Set as zero to update distance as per the e-Waybill portal (if available)",0,"",0
"Delivery Note-is_reverse_charge","Delivery Note","Check",1,"GST India","Is Reverse Charge","","is_reverse_charge","set_posting_time",0,"","",0,0,"",0,"",0,0,"","0","","","",0,0,0,0,0,0,1,1,0,"",0,0,0,0,0,0,0,0,0,0,0,0,0,0,"",0,"",0
"Sales Order-is_reverse_charge","Sales Order","Check",1,"GST India","Is Reverse Charge","","is_reverse_charge","skip_delivery_note",0,"","",0,0,"",0,"",0,0,"","0","","","",0,0,0,0,0,0,1,1,0,"",0,0,0,0,0,0,0,0,0,0,0,0,0,0,"",0,"",0
"Quotation-is_reverse_charge","Quotation","Check",1,"GST India","Is Reverse Charge","","is_reverse_charge","customer_name",0,"","",0,0,"",0,"",0,0,"","0","","","",0,0,0,0,0,0,1,1,0,"",0,0,0,0,0,0,0,0,0,0,0,0,0,0,"",0,"",0
"Item Tax Template-fetch_gst_accounts","Item Tax Template","Button",1,"GST India","Fetch GST Accounts","","fetch_gst_accounts","section_break_5",0,"","",0,0,"",0,"",0,0,"","","","","",0,0,0,0,0,0,0,0,0,"",0,0,0,0,0,0,0,0,0,0,0,0,0,0,"",0,"",0
"Item Tax Template-gst_rate","Item Tax Template","Float",1,"GST India","GST Rate","","gst_rate","gst_treatment",0,"","",0,0,"",0,"",0,0,"","","eval:doc.gst_treatment == 'Taxable'","","",0,0,0,0,0,0,0,0,0,"",0,0,0,0,0,0,0,0,0,0,0,0,0,0,"",0,"",0
"Item Tax Template-gst_treatment","Item Tax Template","Autocomplete",1,"GST India","GST Treatment","","gst_treatment","column_break_3",0,"","",0,0,"Taxable
Nil-Rated
Exempted
Non-GST",0,"",0,0,"","Taxable","","","",0,0,0,0,0,0,0,0,0,"",0,0,0,0,0,0,0,0,0,0,0,0,0,0,"",0,"",0
"Item Group-gst_hsn_code","Item Group","Link",1,"GST India","HSN/SAC","","gst_hsn_code","defaults",0,"","",0,0,"GST HSN Code",0,"",0,0,"","","","","",0,0,0,0,0,0,0,0,0,"",0,0,0,0,0,0,0,0,0,0,0,0,0,0,"You can search code by the description of the category.",0,"",0
"Item-is_ineligible_for_itc","Item","Check",1,"GST India","Is Ineligible for Input Tax Credit","","is_ineligible_for_itc","item_tax_section_break",0,"","",0,0,"",0,"",0,0,"","","","","",0,0,0,0,0,0,0,0,0,"",0,0,0,0,0,0,0,0,0,0,0,0,0,0,"",0,"",0
"Item-gst_hsn_code","Item","Link",1,"GST India","HSN/SAC","","gst_hsn_code","item_group",0,"","",0,0,"GST HSN Code",0,"item_group.gst_hsn_code",1,0,"","","","eval:gst_settings.validate_hsn_code && doc.is_sales_item","",0,0,0,0,0,0,0,0,0,"",0,0,0,0,0,0,0,0,0,1,0,0,0,0,"You can search code by the description of the category.",0,"",0
"Tax Category-gst_state","Tax Category","Select",1,"GST India","Source State","","gst_state","company",0,"","",0,0,"
Andaman and Nicobar Islands
Andhra Pradesh
Arunachal Pradesh
Assam
Bihar
Chandigarh
Chhattisgarh
Dadra and Nagar Haveli and Daman and Diu
Delhi
Goa
Gujarat
Haryana
Himachal Pradesh
Jammu and Kashmir
Jharkhand
Karnataka
Kerala
Ladakh
Lakshadweep Islands
Madhya Pradesh
Maharashtra
Manipur
Meghalaya
Mizoram
Nagaland
Odisha
Other Countries
Other Territory
Puducherry
Punjab
Rajasthan
Sikkim
Tamil Nadu
Telangana
Tripura
Uttar Pradesh
Uttarakhand
West Bengal",0,"",0,0,"","","","","",0,0,0,0,0,0,0,0,0,"",0,0,0,0,0,0,0,0,0,0,0,0,0,0,"",0,"",0
"Tax Category-tax_category_column_break","Tax Category","Column Break",1,"GST India","","","tax_category_column_break","is_reverse_charge",0,"","",0,0,"",0,"",0,0,"","","","","",0,0,0,0,0,0,0,0,0,"",0,0,0,0,0,0,0,0,0,0,0,0,0,0,"",0,"",0
"Tax Category-is_reverse_charge","Tax Category","Check",1,"GST India","Is Reverse Charge","","is_reverse_charge","is_inter_state",0,"","",0,0,"",0,"",0,0,"","","","","",0,0,0,0,0,0,0,1,0,"",0,0,0,0,0,0,0,0,0,0,0,0,0,0,"",0,"",0
"Tax Category-is_inter_state","Tax Category","Check",1,"GST India","Is Inter State","","is_inter_state","disabled",0,"","",0,0,"",0,"",0,0,"","","","","",0,0,0,0,0,0,0,1,0,"",0,0,0,0,0,0,0,0,0,0,0,0,0,0,"",0,"",0
"Journal Entry Account-gst_tax_type","Journal Entry Account","Data",1,"GST India","GST Tax Type","","gst_tax_type","account",0,"","",0,0,"",0,"",0,0,"","","","","",0,0,0,0,1,0,0,0,0,"",0,0,0,0,0,0,0,0,0,0,0,0,0,0,"",0,"",0
"Journal Entry-ineligibility_reason","Journal Entry","Select",1,"GST India","Reversal Type","","ineligibility_reason","voucher_type",0,"","",0,0,"As per rules 42 & 43 of CGST Rules
Others",0,"",0,0,"","","eval:doc.voucher_type == 'Reversal Of ITC'","eval:doc.voucher_type == 'Reversal Of ITC'","",0,0,0,0,0,0,0,1,0,"",0,0,0,0,0,0,0,0,0,0,0,0,0,0,"",0,"",0
"Payment Entry-gst_category","Payment Entry","Data",1,"GST India","GST Category","","gst_category","billing_address_gstin",0,"","",0,0,"",0,"customer_address.gst_category",0,0,"","","eval:doc.party_type === ""Customer""","","",0,0,0,0,1,0,0,1,0,"",0,0,0,0,0,0,0,0,0,0,0,0,0,0,"",0,"",0
"Payment Entry-billing_address_gstin","Payment Entry","Data",1,"GST India","Customer GSTIN","","billing_address_gstin","customer_address",0,"","",0,0,"",0,"customer_address.gstin",0,0,"","","eval:doc.party_type === ""Customer""","","",0,0,0,0,1,0,0,1,0,"",0,0,0,0,0,0,0,0,0,0,0,0,0,0,"",0,"",0
"Payment Entry-customer_address","Payment Entry","Link",1,"GST India","Customer Address","","customer_address","gst_column_break",0,"","",0,0,"Address",0,"",0,0,"","","eval:doc.party_type == ""Customer""","","",0,0,0,0,0,0,0,1,0,"",0,0,0,0,0,0,0,0,0,0,0,0,0,0,"",0,"",0
"Payment Entry-gst_column_break","Payment Entry","Column Break",1,"GST India","","","gst_column_break","place_of_supply",0,"","",0,0,"",0,"",0,0,"","","","","",0,0,0,0,0,0,0,0,0,"",0,0,0,0,0,0,0,0,0,0,0,0,0,0,"",0,"",0
"Payment Entry-place_of_supply","Payment Entry","Autocomplete",1,"GST India","Place of Supply","","place_of_supply","company_gstin",0,"","",0,0,"01-Jammu and Kashmir
02-Himachal Pradesh
03-Punjab
04-Chandigarh
05-Uttarakhand
06-Haryana
07-Delhi
08-Rajasthan
09-Uttar Pradesh
10-Bihar
11-Sikkim
12-Arunachal Pradesh
13-Nagaland
14-Manipur
15-Mizoram
16-Tripura
17-Meghalaya
18-Assam
19-West Bengal
20-Jharkhand
21-Odisha
22-Chhattisgarh
23-Madhya Pradesh
24-Gujarat
26-Dadra and Nagar Haveli and Daman and Diu
27-Maharashtra
29-Karnataka
30-Goa
31-Lakshadweep Islands
32-Kerala
33-Tamil Nadu
34-Puducherry
35-Andaman and Nicobar Islands
36-Telangana
37-Andhra Pradesh
38-Ladakh
96-Other Countries
97-Other Territory",0,"",0,0,"","","eval:doc.party_type === ""Customer""","","",0,0,0,0,0,0,0,1,0,"",0,0,0,0,0,0,0,0,0,0,0,0,0,0,"",0,"",0
"Payment Entry-company_gstin","Payment Entry","Data",1,"GST India","Company GSTIN","","company_gstin","company_address",0,"","",0,0,"",0,"company_address.gstin",0,0,"","","","","",0,0,0,0,1,0,0,1,0,"",0,0,0,0,0,0,0,0,0,0,0,0,0,0,"",0,"",0
"Payment Entry-company_address","Payment Entry","Link",1,"GST India","Company Address","","company_address","gst_section",0,"","",0,0,"Address",0,"",0,0,"","","","","",0,0,0,0,0,0,0,1,0,"",0,0,0,0,0,0,0,0,0,0,0,0,0,0,"",0,"",0
"Payment Entry-gst_section","Payment Entry","Section Break",1,"GST India","GST Details","","gst_section","deductions",0,"","",0,0,"",0,"",0,1,"","","","","",0,0,0,0,0,0,0,1,0,"",0,0,0,0,0,0,0,0,0,0,0,0,0,0,"",0,"",0
"Address-gst_state_number","Address","Data",1,"GST India","GST State Number","","gst_state_number","gst_category",0,"","",0,0,"",0,"",0,0,"","","","","",0,0,0,0,1,0,0,0,0,"",0,0,0,0,0,0,0,0,0,0,0,0,0,0,"",0,"",0
"Address-gst_category","Address","Select",1,"GST India","GST Category","","gst_category","tax_details_column_break",0,"","",0,0,"Registered Regular
Registered Composition
Unregistered
SEZ
Overseas
Deemed Export
UIN Holders
Tax Deductor
Tax Collector
Input Service Distributor",0,"",0,0,"","Unregistered","","","",0,1,0,0,0,0,0,0,0,"",0,0,0,0,0,0,0,0,0,0,0,0,0,0,"",0,"",0
"Address-tax_details_column_break","Address","Column Break",1,"GST India","","","tax_details_column_break","gst_state",0,"","",0,0,"",0,"",0,0,"","","","","",0,0,0,0,0,0,0,0,0,"",0,0,0,0,0,0,0,0,0,0,0,0,0,0,"",0,"",0
"Address-gst_state","Address","Select",1,"GST India","GST State","","gst_state","gstin",0,"","",0,0,"
Andaman and Nicobar Islands
Andhra Pradesh
Arunachal Pradesh
Assam
Bihar
Chandigarh
Chhattisgarh
Dadra and Nagar Haveli and Daman and Diu
Delhi
Goa
Gujarat
Haryana
Himachal Pradesh
Jammu and Kashmir
Jharkhand
Karnataka
Kerala
Ladakh
Lakshadweep Islands
Madhya Pradesh
Maharashtra
Manipur
Meghalaya
Mizoram
Nagaland
Odisha
Other Countries
Other Territory
Puducherry
Punjab
Rajasthan
Sikkim
Tamil Nadu
Telangana
Tripura
Uttar Pradesh
Uttarakhand
West Bengal",0,"",0,0,"","","","","",0,0,0,0,1,0,0,0,0,"",0,0,0,0,0,0,0,0,0,0,0,0,0,0,"",0,"",0
"Address-gstin","Address","Data",1,"GST India","GSTIN / UIN","","gstin","tax_details_section",0,"","",0,0,"",0,"",0,0,"","","","","",0,0,0,0,0,0,0,0,0,"",0,0,0,0,0,0,0,0,0,0,0,0,0,0,"",0,"",0
"Address-tax_details_section","Address","Section Break",1,"GST India","Tax Details","","tax_details_section","disabled",0,"","",0,0,"",0,"",0,0,"","","","","",0,0,0,0,0,0,0,0,0,"",0,0,0,0,0,0,0,0,0,0,0,0,0,0,"",0,"",0
"Supplier-is_reverse_charge_applicable","Supplier","Check",1,"GST India","Reverse Charge Applicable","","is_reverse_charge_applicable","gst_transporter_id",0,"","",0,0,"",0,"",0,0,"","","eval:in_list([""Registered Regular"", ""Overseas"", ""Unregistered""], doc.gst_category)","","",0,0,0,0,0,0,0,1,0,"",0,0,0,0,0,0,0,0,0,0,0,0,0,0,"",0,"",0
"Supplier-gst_transporter_id","Supplier","Data",1,"GST India","GST Transporter ID","","gst_transporter_id","gst_category",0,"","",0,0,"",0,"",0,0,"","","eval:doc.is_transporter","","",0,0,0,0,0,0,0,0,0,"",0,0,0,0,0,0,0,0,0,0,0,0,0,0,"",0,"",0
"Purchase Receipt-ewaybill","Purchase Receipt","Data",1,"GST India","e-Waybill No.","","ewaybill","supplier_name",0,"","",0,0,"",0,"",0,0,"","","eval: doc.docstatus === 1 && (doc.ewaybill || doc.e_waybill_status !== 'Not Applicable')","","",0,0,0,0,1,0,0,0,0,"",1,1,0,0,0,0,0,0,0,0,0,0,0,0,"",0,"",0
"Purchase Receipt-gst_vehicle_type","Purchase Receipt","Select",1,"GST India","GST Vehicle Type","","gst_vehicle_type","lr_date",0,"","",0,0,"Regular
Over Dimensional Cargo (ODC)",0,"",0,0,"","Regular","eval:[""Road"", ""Ship""].includes(doc.mode_of_transport)","","eval: doc.mode_of_transport == 'Ship'",0,0,0,0,0,0,0,1,0,"",1,0,0,0,0,0,0,0,0,0,0,0,0,0,"",0,"",0
"Purchase Receipt-mode_of_transport","Purchase Receipt","Select",1,"GST India","Mode of Transport","","mode_of_transport","transporter_name",0,"","",0,0,"
Road
Air
Rail
Ship",0,"",0,0,"","Road","","","",0,0,0,0,0,0,0,1,0,"",1,0,0,0,0,0,0,0,0,0,0,0,0,0,"",0,"",0
"Purchase Receipt-gst_transporter_id","Purchase Receipt","Data",1,"GST India","GST Transporter ID","","gst_transporter_id","transporter",0,"","",0,0,"",0,"transporter.gst_transporter_id",0,0,"","","","","",0,0,0,0,0,0,0,1,0,"",1,0,0,0,0,0,0,0,0,0,0,0,0,0,"",0,"",0
"Purchase Receipt-distance","Purchase Receipt","Int",1,"GST India","Distance (in km)","","distance","vehicle_no",0,"","",0,0,"",0,"",0,0,"","","","","",0,0,0,0,0,0,0,1,0,"",1,0,0,0,0,0,0,0,0,0,0,0,0,0,"Set as zero to update distance as per the e-Waybill portal (if available)",0,"",0
"Purchase Receipt-driver_name","Purchase Receipt","Small Text",1,"GST India","Driver Name","","driver_name","driver",0,"","",0,0,"",0,"driver.full_name",0,0,"","","","","",0,0,0,0,0,0,0,1,0,"",1,0,0,0,0,0,0,0,0,0,0,0,0,0,"",0,"",0
"Purchase Receipt-vehicle_no","Purchase Receipt","Data",1,"GST India","Vehicle No","","vehicle_no","transporter_name",15,"","",0,0,"",0,"",0,0,"","","","","",0,0,0,0,0,0,0,1,0,"",1,0,0,0,0,0,0,0,0,0,0,0,0,0,"",0,"",0
"Purchase Receipt-driver","Purchase Receipt","Link",1,"GST India","Driver","","driver","lr_date",0,"","",0,0,"Driver",0,"",0,0,"","","","","",0,0,0,0,0,0,0,1,0,"",1,0,0,0,0,0,0,0,0,0,0,0,0,0,"",0,"",0
"Purchase Receipt-transporter","Purchase Receipt","Link",1,"GST India","Transporter","","transporter","transporter_info",0,"","",0,0,"Supplier",0,"",0,0,"","","","","",0,0,0,0,0,0,0,1,0,"",1,0,0,0,0,0,0,0,0,0,0,0,0,0,"",0,"",0
"Purchase Receipt-ineligibility_reason","Purchase Receipt","Data",1,"GST India","Reason for Ineligibility","","ineligibility_reason","gst_section",0,"","",0,0,"",0,"",0,0,"","","","","",0,0,0,1,1,0,0,1,0,"",0,1,0,0,0,0,0,0,0,0,0,0,0,0,"",0,"",0
"Purchase Receipt-gst_section","Purchase Receipt","Section Break",1,"GST India","GST Details","","gst_section","gst_vehicle_type",0,"","",0,0,"",0,"",0,1,"","","","","",0,0,0,0,0,0,0,1,0,"",0,0,0,0,0,0,0,0,0,0,0,0,0,0,"",0,"",0
"Purchase Invoice Item-pending_boe_qty","Purchase Invoice Item","Float",1,"GST India","Pending BOE Qty","","pending_boe_qty","rejected_qty",0,"","",0,0,"",0,"",0,0,"","","","","",0,0,0,0,0,0,0,0,0,"",0,0,0,0,0,0,0,0,0,0,0,0,0,0,"",0,"",0
"Purchase Invoice-ewaybill","Purchase Invoice","Data",1,"GST India","e-Waybill No.","","ewaybill","supplier_name",0,"","",0,0,"",0,"",0,0,"","","eval: doc.docstatus === 1 && (doc.ewaybill || doc.e_waybill_status !== 'Not Applicable')","","",0,0,0,0,1,0,0,0,0,"",1,1,0,0,0,0,0,0,0,0,0,0,0,0,"",0,"",0
"Purchase Invoice-gst_vehicle_type","Purchase Invoice","Select",1,"GST India","GST Vehicle Type","","gst_vehicle_type","lr_date",0,"","",0,0,"Regular
Over Dimensional Cargo (ODC)",0,"",0,0,"","Regular","eval:[""Road"", ""Ship""].includes(doc.mode_of_transport)","","eval: doc.mode_of_transport == 'Ship'",0,0,0,0,0,0,0,1,0,"",1,0,0,0,0,0,0,0,0,0,0,0,0,0,"",0,"",0
"Purchase Invoice-mode_of_transport","Purchase Invoice","Select",1,"GST India","Mode of Transport","","mode_of_transport","transporter_name",0,"","",0,0,"
Road
Air
Rail
Ship",0,"",0,0,"","Road","","","",0,0,0,0,0,0,0,1,0,"",1,0,0,0,0,0,0,0,0,0,0,0,0,0,"",0,"",0
"Purchase Invoice-gst_transporter_id","Purchase Invoice","Data",1,"GST India","GST Transporter ID","","gst_transporter_id","transporter",0,"","",0,0,"",0,"transporter.gst_transporter_id",0,0,"","","","","",0,0,0,0,0,0,0,1,0,"",1,0,0,0,0,0,0,0,0,0,0,0,0,0,"",0,"",0
"Purchase Invoice-distance","Purchase Invoice","Int",1,"GST India","Distance (in km)","","distance","vehicle_no",0,"","",0,0,"",0,"",0,0,"","","","","",0,0,0,0,0,0,0,1,0,"",1,0,0,0,0,0,0,0,0,0,0,0,0,0,"Set as zero to update distance as per the e-Waybill portal (if available)",0,"",0
"Purchase Invoice-lr_date","Purchase Invoice","Date",1,"GST India","Transport Receipt Date","","lr_date","driver_name",0,"","",0,0,"",0,"",0,0,"","Today","","","",0,0,0,0,0,0,0,1,0,"",1,0,0,0,0,0,0,0,0,0,0,0,0,0,"",0,"",0
"Purchase Invoice-driver_name","Purchase Invoice","Small Text",1,"GST India","Driver Name","","driver_name","mode_of_transport",0,"","",0,0,"",0,"driver.full_name",0,0,"","","","","",0,0,0,0,0,0,0,1,0,"",1,0,0,0,0,0,0,0,0,0,0,0,0,0,"",0,"",0
"Purchase Invoice-transporter_name","Purchase Invoice","Small Text",1,"GST India","Transporter Name","","transporter_name","transporter_col_break",0,"","",0,0,"",0,"transporter.supplier_name",0,0,"","","","","",0,0,0,0,1,0,0,1,0,"",1,0,0,0,0,0,0,0,0,0,0,0,0,0,"",0,"",0
"Purchase Invoice-transporter_col_break","Purchase Invoice","Column Break",1,"GST India","","","transporter_col_break","distance",0,"","",0,0,"",0,"",0,0,"","","","","",0,0,0,0,0,0,0,0,0,"",0,0,0,0,0,0,0,0,0,0,0,0,0,0,"",0,"",0
"Purchase Invoice-vehicle_no","Purchase Invoice","Data",1,"GST India","Vehicle No","","vehicle_no","lr_no",15,"","",0,0,"",0,"",0,0,"","","","","",0,0,0,0,0,0,0,1,0,"",1,0,0,0,0,0,0,0,0,0,0,0,0,0,"",0,"",0
"Purchase Invoice-lr_no","Purchase Invoice","Data",1,"GST India","Transport Receipt No","","lr_no","driver",30,"","",0,0,"",0,"",0,0,"","","","","",0,0,0,0,0,0,0,1,0,"",1,0,0,0,0,0,0,0,0,0,0,0,0,0,"",0,"",0
"Purchase Invoice-driver","Purchase Invoice","Link",1,"GST India","Driver","","driver","gst_transporter_id",0,"","",0,0,"Driver",0,"",0,0,"","","","","",0,0,0,0,0,0,0,1,0,"",1,0,0,0,0,0,0,0,0,0,0,0,0,0,"",0,"",0
"Purchase Invoice-transporter","Purchase Invoice","Link",1,"GST India","Transporter","","transporter","transporter_info",0,"","",0,0,"Supplier",0,"",0,0,"","","","","",0,0,0,0,0,0,0,1,0,"",1,0,0,0,0,0,0,0,0,0,0,0,0,0,"",0,"",0
"Purchase Invoice-transporter_info","Purchase Invoice","Section Break",1,"GST India","Transporter Info","","transporter_info","language",0,"","",0,0,"",0,"",0,1,"transporter","","","","",0,0,0,0,0,0,0,1,0,"",0,0,0,0,0,0,0,0,0,0,0,0,0,0,"",0,"",0
"Purchase Invoice-reconciliation_status","Purchase Invoice","Select",1,"GST India","Reconciliation Status","","reconciliation_status","ineligibility_reason",0,"","",0,0,"
Not Applicable
Reconciled
Unreconciled
Ignored
Match Found",0,"",0,0,"","","","","",0,0,0,0,1,0,0,1,0,"",1,0,0,0,0,0,0,0,0,0,0,0,0,0,"",0,"",0
"Purchase Invoice-ineligibility_reason","Purchase Invoice","Select",1,"GST India","Reason for Ineligibility","","ineligibility_reason","itc_classification",0,"","",0,0,"
Ineligible As Per Section 17(5)
ITC restricted due to PoS rules",0,"",0,0,"","","","","",0,0,0,0,1,0,0,1,0,"",0,0,0,0,0,0,0,0,0,0,0,0,0,0,"",0,"",0
"Purchase Invoice-itc_classification","Purchase Invoice","Select",1,"GST India","ITC Classification","","itc_classification","gst_section",0,"","",0,0,"Input Service Distributor
Import Of Service
Import Of Goods
ITC on Reverse Charge
All Other ITC",0,"",0,0,"","All Other ITC","","","",0,0,0,0,1,0,0,1,0,"",0,0,0,0,0,0,0,0,0,0,0,0,0,0,"",0,"",0
"Purchase Invoice-gst_section","Purchase Invoice","Section Break",1,"GST India","GST Details","","gst_section","gst_vehicle_type",0,"","",0,0,"",0,"",0,1,"","","","","",0,0,0,0,0,0,0,1,0,"",0,0,0,0,0,0,0,0,0,0,0,0,0,0,"",0,"",0
"Advance Taxes and Charges-gst_tax_type","Advance Taxes and Charges","Data",1,"GST India","GST Tax Type","","gst_tax_type","rate",0,"","",0,0,"",0,"",0,0,"","","","","",0,0,0,0,1,0,0,0,0,"",0,0,0,0,0,0,0,0,0,0,0,0,0,0,"",0,"",0
"Purchase Taxes and Charges-gst_tax_type","Purchase Taxes and Charges","Data",1,"GST India","GST Tax Type","","gst_tax_type","rate",0,"","",0,0,"",0,"",0,0,"","","","","",0,0,0,0,1,0,0,0,0,"",0,0,0,0,0,0,0,0,0,0,0,0,0,0,"",0,"",0
"Sales Taxes and Charges-gst_tax_type","Sales Taxes and Charges","Data",1,"GST India","GST Tax Type","","gst_tax_type","rate",0,"","",0,0,"",0,"",0,0,"","","","","",0,0,0,0,1,0,0,0,0,"",0,0,0,0,0,0,0,0,0,0,0,0,0,0,"",0,"",0
"Sales Invoice-e_waybill_status","Sales Invoice","Select",1,"GST India","e-Waybill Status","","e_waybill_status","ewaybill",0,"","",0,0,"
Pending
Generated
Auto-Retry
Cancelled
Not Applicable
Manually Generated
Manually Cancelled",0,"",0,0,"","","eval:doc.docstatus === 1 && !doc.ewaybill","","eval:doc.ewaybill",0,0,0,0,0,0,0,1,0,"",1,1,0,0,0,0,0,0,0,0,0,1,0,0,"",0,"",0
"Sales Invoice-ewaybill","Sales Invoice","Data",1,"GST India","e-Waybill No.","","ewaybill","customer_name",0,"","",0,0,"",0,"",0,0,"","","eval: doc.docstatus === 1 && (doc.ewaybill || doc.e_waybill_status !== 'Not Applicable')","","",0,0,0,0,1,0,0,0,0,"",1,1,0,0,0,0,0,0,0,0,0,0,0,0,"",0,"",0
"Sales Invoice-gst_vehicle_type","Sales Invoice","Select",1,"GST India","GST Vehicle Type","","gst_vehicle_type","lr_date",0,"","",0,0,"Regular
Over Dimensional Cargo (ODC)",0,"",0,0,"","Regular","eval:[""Road"", ""Ship""].includes(doc.mode_of_transport)","","eval: doc.mode_of_transport == 'Ship'",0,0,0,0,0,0,0,1,0,"",1,0,0,0,0,0,0,0,0,0,0,0,0,0,"",0,"",0
"Sales Invoice-mode_of_transport","Sales Invoice","Select",1,"GST India","Mode of Transport","","mode_of_transport","transporter_name",0,"","",0,0,"
Road
Air
Rail
Ship",0,"",0,0,"","Road","","","",0,0,0,0,0,0,0,1,0,"",1,0,0,0,0,0,0,0,0,0,0,0,0,0,"",0,"",0
"Sales Invoice-gst_transporter_id","Sales Invoice","Data",1,"GST India","GST Transporter ID","","gst_transporter_id","transporter",0,"","",0,0,"",0,"transporter.gst_transporter_id",0,0,"","","","","",0,0,0,0,0,0,0,1,0,"",1,0,0,0,0,0,0,0,0,0,0,0,0,0,"",0,"",0
"Sales Invoice-distance","Sales Invoice","Int",1,"GST India","Distance (in km)","","distance","vehicle_no",0,"","",0,0,"",0,"",0,0,"","","","","",0,0,0,0,0,0,0,1,0,"",1,0,0,0,0,0,0,0,0,0,0,0,0,0,"Set as zero to update distance as per the e-Waybill portal (if available)",0,"",0
"Sales Invoice-lr_date","Sales Invoice","Date",1,"GST India","Transport Receipt Date","","lr_date","driver_name",0,"","",0,0,"",0,"",0,0,"","Today","","","",0,0,0,0,0,0,0,1,0,"",1,0,0,0,0,0,0,0,0,0,0,0,0,0,"",0,"",0
"Sales Invoice-driver_name","Sales Invoice","Small Text",1,"GST India","Driver Name","","driver_name","mode_of_transport",0,"","",0,0,"",0,"driver.full_name",0,0,"","","","","",0,0,0,0,0,0,0,1,0,"",1,0,0,0,0,0,0,0,0,0,0,0,0,0,"",0,"",0
"Sales Invoice-transporter_name","Sales Invoice","Small Text",1,"GST India","Transporter Name","","transporter_name","transporter_col_break",0,"","",0,0,"",0,"transporter.supplier_name",0,0,"","","","","",0,0,0,0,1,0,0,1,0,"",1,0,0,0,0,0,0,0,0,0,0,0,0,0,"",0,"",0
"Sales Invoice-transporter_col_break","Sales Invoice","Column Break",1,"GST India","","","transporter_col_break","distance",0,"","",0,0,"",0,"",0,0,"","","","","",0,0,0,0,0,0,0,0,0,"",0,0,0,0,0,0,0,0,0,0,0,0,0,0,"",0,"",0
"Sales Invoice-vehicle_no","Sales Invoice","Data",1,"GST India","Vehicle No","","vehicle_no","lr_no",15,"","",0,0,"",0,"",0,0,"","","","","",0,0,0,0,0,0,0,1,0,"",1,0,0,0,0,0,0,0,0,0,0,0,0,0,"",0,"",0
"Sales Invoice-lr_no","Sales Invoice","Data",1,"GST India","Transport Receipt No","","lr_no","driver",30,"","",0,0,"",0,"",0,0,"","","","","",0,0,0,0,0,0,0,1,0,"",1,0,0,0,0,0,0,0,0,0,0,0,0,0,"",0,"",0
"Sales Invoice-driver","Sales Invoice","Link",1,"GST India","Driver","","driver","gst_transporter_id",0,"","",0,0,"Driver",0,"",0,0,"","","","","",0,0,0,0,0,0,0,1,0,"",1,0,0,0,0,0,0,0,0,0,0,0,0,0,"",0,"",0
"Sales Invoice-transporter","Sales Invoice","Link",1,"GST India","Transporter","","transporter","transporter_info",0,"","",0,0,"Supplier",0,"",0,0,"","","","","",0,0,0,0,0,0,0,1,0,"",1,0,0,0,0,0,0,0,0,0,0,0,0,0,"",0,"",0
"Sales Invoice-transporter_info","Sales Invoice","Section Break",1,"GST India","Transporter Info","","transporter_info","language",0,"","",0,0,"",0,"",0,1,"transporter","","","","",0,0,0,0,0,0,0,1,0,"",0,0,0,0,0,0,0,0,0,0,0,0,0,0,"",0,"",0
"Sales Invoice-einvoice_status","Sales Invoice","Select",1,"GST India","e-Invoice Status","","einvoice_status","status",0,"","",0,0,"
Pending
Generated
Manually Generated
Auto-Retry
Cancelled
Manually Cancelled
Failed
Not Applicable
Pending Cancellation",0,"",0,0,"","","","","",0,0,0,0,1,0,1,1,0,"",1,0,0,0,0,0,0,0,0,0,0,1,0,0,"",0,"",0
"Sales Invoice-irn","Sales Invoice","Data",1,"GST India","IRN","","irn","customer",0,"","",0,0,"",0,"",0,0,"","","eval:doc.gst_category != ""Unregistered""","","",0,0,0,0,1,0,1,1,0,"",1,0,0,0,0,0,0,0,0,0,0,0,0,0,"",0,"",0
"Sales Invoice-is_reverse_charge","Sales Invoice","Check",1,"GST India","Is Reverse Charge","","is_reverse_charge","is_debit_note",0,"","",0,0,"",0,"",0,0,"","0","","","",0,0,0,0,0,0,1,1,0,"",0,0,0,0,0,0,0,0,0,0,0,0,0,0,"",0,"",0
"Sales Invoice-invoice_copy","Sales Invoice","Select",1,"GST India","Invoice Copy","","invoice_copy","column_break_84",30,"","",0,0,"Original for Recipient
Duplicate for Transporter
Duplicate for Supplier
Triplicate for Supplier",0,"",0,0,"","","","","",0,0,0,0,0,0,0,1,0,"",0,1,0,0,0,0,0,0,0,0,0,0,0,0,"",0,"",0
"Sales Invoice-port_address","Sales Invoice","Link",1,"GST India","Origin Port / Border Checkpost Address Name","","port_address","shipping_address",0,"","",0,0,"Address",0,"",0,0,"","","eval:doc.company_gstin && doc.gst_category === 'Overseas' && doc.place_of_supply == '96-Other Countries' && gst_settings.enable_e_waybill","","",0,0,0,0,0,0,0,1,0,"",0,0,0,0,0,0,0,0,0,0,0,0,0,0,"Address of the place / port in India from where goods are being exported <br>(for generating e-Waybill against export of goods)",0,"",0
"Purchase Invoice Item-is_ineligible_for_itc","Purchase Invoice Item","Check",1,"GST India","Is Ineligible for Input Tax Credit","","is_ineligible_for_itc","gst_hsn_code",0,"","",0,0,"",0,"item_code.is_ineligible_for_itc",1,0,"","","","","",0,0,0,0,0,0,0,1,0,"",0,0,0,0,0,0,0,0,0,0,0,0,0,0,"",0,"",0
"Purchase Receipt Item-is_ineligible_for_itc","Purchase Receipt Item","Check",1,"GST India","Is Ineligible for Input Tax Credit","","is_ineligible_for_itc","gst_hsn_code",0,"","",0,0,"",0,"item_code.is_ineligible_for_itc",1,0,"","","","","",0,0,0,0,0,0,0,1,0,"",0,0,0,0,0,0,0,0,0,0,0,0,0,0,"",0,"",0
"Purchase Order Item-is_ineligible_for_itc","Purchase Order Item","Check",1,"GST India","Is Ineligible for Input Tax Credit","","is_ineligible_for_itc","gst_hsn_code",0,"","",0,0,"",0,"item_code.is_ineligible_for_itc",1,0,"","","","","",0,0,0,0,0,0,0,1,0,"",0,0,0,0,0,0,0,0,0,0,0,0,0,0,"",0,"",0
"Supplier Quotation Item-is_ineligible_for_itc","Supplier Quotation Item","Check",1,"GST India","Is Ineligible for Input Tax Credit","","is_ineligible_for_itc","gst_hsn_code",0,"","",0,0,"",0,"item_code.is_ineligible_for_itc",1,0,"","","","","",0,0,0,0,0,0,0,1,0,"",0,0,0,0,0,0,0,0,0,0,0,0,0,0,"",0,"",0
"Subcontracting Receipt Item-cess_non_advol_amount","Subcontracting Receipt Item","Currency",1,"GST India","CESS Non Advol Amount","","cess_non_advol_amount","cess_amount",0,"","",0,0,"Company:company:default_currency",0,"",0,0,"","","","","",0,0,0,0,1,0,0,0,0,"",1,0,0,0,0,0,0,0,0,0,0,0,0,0,"",0,"",0
"Subcontracting Receipt Item-cess_amount","Subcontracting Receipt Item","Currency",1,"GST India","CESS Amount","","cess_amount","sgst_amount",0,"","",0,0,"Company:company:default_currency",0,"",0,0,"","","","","",0,0,0,0,1,0,0,0,0,"",1,0,0,0,0,0,0,0,0,0,0,0,0,0,"",0,"",0
"Subcontracting Receipt Item-sgst_amount","Subcontracting Receipt Item","Currency",1,"GST India","SGST Amount","","sgst_amount","cgst_amount",0,"","",0,0,"Company:company:default_currency",0,"",0,0,"","","","","",0,0,0,0,1,0,0,0,0,"",1,0,0,0,0,0,0,0,0,0,0,0,0,0,"",0,"",0
"Subcontracting Receipt Item-cgst_amount","Subcontracting Receipt Item","Currency",1,"GST India","CGST Amount","","cgst_amount","igst_amount",0,"","",0,0,"Company:company:default_currency",0,"",0,0,"","","","","",0,0,0,0,1,0,0,0,0,"",1,0,0,0,0,0,0,0,0,0,0,0,0,0,"",0,"",0
"Subcontracting Receipt Item-igst_amount","Subcontracting Receipt Item","Currency",1,"GST India","IGST Amount","","igst_amount","cb_gst_details",0,"","",0,0,"Company:company:default_currency",0,"",0,0,"","","","","",0,0,0,0,1,0,0,0,0,"",1,0,0,0,0,0,0,0,0,0,0,0,0,0,"",0,"",0
"Subcontracting Receipt Item-cb_gst_details","Subcontracting Receipt Item","Column Break",1,"GST India","","","cb_gst_details","cess_non_advol_rate",0,"","",0,0,"",0,"",0,0,"","","","","",0,0,0,0,0,0,0,0,0,"",0,0,0,0,0,0,0,0,0,0,0,0,0,0,"",0,"",0
"Subcontracting Receipt Item-cess_non_advol_rate","Subcontracting Receipt Item","Float",1,"GST India","CESS Non Advol Rate","","cess_non_advol_rate","cess_rate",0,"","",0,0,"",0,"",0,0,"","","","","",0,0,0,0,1,0,0,0,0,"",1,0,0,0,0,0,0,0,0,0,0,0,0,0,"",0,"",0
"Subcontracting Receipt Item-cess_rate","Subcontracting Receipt Item","Float",1,"GST India","CESS Rate","","cess_rate","sgst_rate",0,"","",0,0,"",0,"",0,0,"","","","","",0,0,0,0,1,0,0,0,0,"",1,0,0,0,0,0,0,0,0,0,0,0,0,0,"",0,"",0
"Subcontracting Receipt Item-sgst_rate","Subcontracting Receipt Item","Float",1,"GST India","SGST Rate","","sgst_rate","cgst_rate",0,"","",0,0,"",0,"",0,0,"","","","","",0,0,0,0,1,0,0,0,0,"",1,0,0,0,0,0,0,0,0,0,0,0,0,0,"",0,"",0
"Subcontracting Receipt Item-cgst_rate","Subcontracting Receipt Item","Float",1,"GST India","CGST Rate","","cgst_rate","igst_rate",0,"","",0,0,"",0,"",0,0,"","","","","",0,0,0,0,1,0,0,0,0,"",1,0,0,0,0,0,0,0,0,0,0,0,0,0,"",0,"",0
"Subcontracting Receipt Item-igst_rate","Subcontracting Receipt Item","Float",1,"GST India","IGST Rate","","igst_rate","gst_details_section",0,"","",0,0,"",0,"",0,0,"","","","","",0,0,0,0,1,0,0,0,0,"",1,0,0,0,0,0,0,0,0,0,0,0,0,0,"",0,"",0
"Subcontracting Receipt Item-gst_details_section","Subcontracting Receipt Item","Section Break",1,"GST India","GST Details","","gst_details_section","taxable_value",0,"","",0,0,"",0,"",0,1,"","","","","",0,0,0,0,0,0,0,0,0,"",0,0,0,0,0,0,0,0,0,0,0,0,0,0,"",0,"",0
"Subcontracting Receipt Item-gst_treatment","Subcontracting Receipt Item","Autocomplete",1,"GST India","GST Treatment","","gst_treatment","item_tax_template",0,"","",0,0,"Taxable
Zero-Rated
Nil-Rated
Exempted
Non-GST",0,"item_tax_template.gst_treatment",1,0,"","","","","",0,0,0,0,1,0,0,1,0,"",1,0,0,0,0,0,0,0,0,0,0,0,0,0,"",0,"",0
"Subcontracting Receipt Item-gst_hsn_code","Subcontracting Receipt Item","Data",1,"GST India","HSN/SAC","","gst_hsn_code","description",0,"","",0,0,"",0,"item_code.gst_hsn_code",1,0,"","","","","",0,0,0,0,0,0,0,1,0,"",0,1,0,0,0,0,0,0,0,0,0,0,0,0,"",0,"",0
"Stock Entry Detail-cess_non_advol_amount","Stock Entry Detail","Currency",1,"GST India","CESS Non Advol Amount","","cess_non_advol_amount","cess_amount",0,"","",0,0,"Company:company:default_currency",0,"",0,0,"","","","","",0,0,0,0,1,0,0,0,0,"",1,0,0,0,0,0,0,0,0,0,0,0,0,0,"",0,"",0
"Stock Entry Detail-cess_amount","Stock Entry Detail","Currency",1,"GST India","CESS Amount","","cess_amount","sgst_amount",0,"","",0,0,"Company:company:default_currency",0,"",0,0,"","","","","",0,0,0,0,1,0,0,0,0,"",1,0,0,0,0,0,0,0,0,0,0,0,0,0,"",0,"",0
"Stock Entry Detail-sgst_amount","Stock Entry Detail","Currency",1,"GST India","SGST Amount","","sgst_amount","cgst_amount",0,"","",0,0,"Company:company:default_currency",0,"",0,0,"","","","","",0,0,0,0,1,0,0,0,0,"",1,0,0,0,0,0,0,0,0,0,0,0,0,0,"",0,"",0
"Stock Entry Detail-cgst_amount","Stock Entry Detail","Currency",1,"GST India","CGST Amount","","cgst_amount","igst_amount",0,"","",0,0,"Company:company:default_currency",0,"",0,0,"","","","","",0,0,0,0,1,0,0,0,0,"",1,0,0,0,0,0,0,0,0,0,0,0,0,0,"",0,"",0
"Stock Entry Detail-igst_amount","Stock Entry Detail","Currency",1,"GST India","IGST Amount","","igst_amount","cb_gst_details",0,"","",0,0,"Company:company:default_currency",0,"",0,0,"","","","","",0,0,0,0,1,0,0,0,0,"",1,0,0,0,0,0,0,0,0,0,0,0,0,0,"",0,"",0
"Stock Entry Detail-cb_gst_details","Stock Entry Detail","Column Break",1,"GST India","","","cb_gst_details","cess_non_advol_rate",0,"","",0,0,"",0,"",0,0,"","","","","",0,0,0,0,0,0,0,0,0,"",0,0,0,0,0,0,0,0,0,0,0,0,0,0,"",0,"",0
"Stock Entry Detail-cess_non_advol_rate","Stock Entry Detail","Float",1,"GST India","CESS Non Advol Rate","","cess_non_advol_rate","cess_rate",0,"","",0,0,"",0,"",0,0,"","","","","",0,0,0,0,1,0,0,0,0,"",1,0,0,0,0,0,0,0,0,0,0,0,0,0,"",0,"",0
"Stock Entry Detail-cess_rate","Stock Entry Detail","Float",1,"GST India","CESS Rate","","cess_rate","sgst_rate",0,"","",0,0,"",0,"",0,0,"","","","","",0,0,0,0,1,0,0,0,0,"",1,0,0,0,0,0,0,0,0,0,0,0,0,0,"",0,"",0
"Stock Entry Detail-sgst_rate","Stock Entry Detail","Float",1,"GST India","SGST Rate","","sgst_rate","cgst_rate",0,"","",0,0,"",0,"",0,0,"","","","","",0,0,0,0,1,0,0,0,0,"",1,0,0,0,0,0,0,0,0,0,0,0,0,0,"",0,"",0
"Stock Entry Detail-cgst_rate","Stock Entry Detail","Float",1,"GST India","CGST Rate","","cgst_rate","igst_rate",0,"","",0,0,"",0,"",0,0,"","","","","",0,0,0,0,1,0,0,0,0,"",1,0,0,0,0,0,0,0,0,0,0,0,0,0,"",0,"",0
"Stock Entry Detail-igst_rate","Stock Entry Detail","Float",1,"GST India","IGST Rate","","igst_rate","gst_details_section",0,"","",0,0,"",0,"",0,0,"","","","","",0,0,0,0,1,0,0,0,0,"",1,0,0,0,0,0,0,0,0,0,0,0,0,0,"",0,"",0
"Stock Entry Detail-gst_details_section","Stock Entry Detail","Section Break",1,"GST India","GST Details","","gst_details_section","taxable_value",0,"","",0,0,"",0,"",0,1,"","","","","",0,0,0,0,0,0,0,0,0,"",0,0,0,0,0,0,0,0,0,0,0,0,0,0,"",0,"",0
"Stock Entry Detail-gst_treatment","Stock Entry Detail","Autocomplete",1,"GST India","GST Treatment","","gst_treatment","item_tax_template",0,"","",0,0,"Taxable
Zero-Rated
Nil-Rated
Exempted
Non-GST",0,"item_tax_template.gst_treatment",1,0,"","","","","",0,0,0,0,1,0,0,1,0,"",1,0,0,0,0,0,0,0,0,0,0,0,0,0,"",0,"",0
"Stock Entry Detail-gst_hsn_code","Stock Entry Detail","Data",1,"GST India","HSN/SAC","","gst_hsn_code","description",0,"","",0,0,"",0,"item_code.gst_hsn_code",1,0,"","","","","",0,0,0,0,0,0,0,1,0,"",0,1,0,0,0,0,0,0,0,0,0,0,0,0,"",0,"",0
"Subcontracting Order Item-cess_non_advol_amount","Subcontracting Order Item","Currency",1,"GST India","CESS Non Advol Amount","","cess_non_advol_amount","cess_amount",0,"","",0,0,"Company:company:default_currency",0,"",0,0,"","","","","",0,0,0,0,1,0,0,0,0,"",1,0,0,0,0,0,0,0,0,0,0,0,0,0,"",0,"",0
"Subcontracting Order Item-cess_amount","Subcontracting Order Item","Currency",1,"GST India","CESS Amount","","cess_amount","sgst_amount",0,"","",0,0,"Company:company:default_currency",0,"",0,0,"","","","","",0,0,0,0,1,0,0,0,0,"",1,0,0,0,0,0,0,0,0,0,0,0,0,0,"",0,"",0
"Subcontracting Order Item-sgst_amount","Subcontracting Order Item","Currency",1,"GST India","SGST Amount","","sgst_amount","cgst_amount",0,"","",0,0,"Company:company:default_currency",0,"",0,0,"","","","","",0,0,0,0,1,0,0,0,0,"",1,0,0,0,0,0,0,0,0,0,0,0,0,0,"",0,"",0
"Subcontracting Order Item-cgst_amount","Subcontracting Order Item","Currency",1,"GST India","CGST Amount","","cgst_amount","igst_amount",0,"","",0,0,"Company:company:default_currency",0,"",0,0,"","","","","",0,0,0,0,1,0,0,0,0,"",1,0,0,0,0,0,0,0,0,0,0,0,0,0,"",0,"",0
"Subcontracting Order Item-igst_amount","Subcontracting Order Item","Currency",1,"GST India","IGST Amount","","igst_amount","cb_gst_details",0,"","",0,0,"Company:company:default_currency",0,"",0,0,"","","","","",0,0,0,0,1,0,0,0,0,"",1,0,0,0,0,0,0,0,0,0,0,0,0,0,"",0,"",0
"Subcontracting Order Item-cb_gst_details","Subcontracting Order Item","Column Break",1,"GST India","","","cb_gst_details","cess_non_advol_rate",0,"","",0,0,"",0,"",0,0,"","","","","",0,0,0,0,0,0,0,0,0,"",0,0,0,0,0,0,0,0,0,0,0,0,0,0,"",0,"",0
"Subcontracting Order Item-cess_non_advol_rate","Subcontracting Order Item","Float",1,"GST India","CESS Non Advol Rate","","cess_non_advol_rate","cess_rate",0,"","",0,0,"",0,"",0,0,"","","","","",0,0,0,0,1,0,0,0,0,"",1,0,0,0,0,0,0,0,0,0,0,0,0,0,"",0,"",0
"Subcontracting Order Item-cess_rate","Subcontracting Order Item","Float",1,"GST India","CESS Rate","","cess_rate","sgst_rate",0,"","",0,0,"",0,"",0,0,"","","","","",0,0,0,0,1,0,0,0,0,"",1,0,0,0,0,0,0,0,0,0,0,0,0,0,"",0,"",0
"Subcontracting Order Item-sgst_rate","Subcontracting Order Item","Float",1,"GST India","SGST Rate","","sgst_rate","cgst_rate",0,"","",0,0,"",0,"",0,0,"","","","","",0,0,0,0,1,0,0,0,0,"",1,0,0,0,0,0,0,0,0,0,0,0,0,0,"",0,"",0
"Subcontracting Order Item-cgst_rate","Subcontracting Order Item","Float",1,"GST India","CGST Rate","","cgst_rate","igst_rate",0,"","",0,0,"",0,"",0,0,"","","","","",0,0,0,0,1,0,0,0,0,"",1,0,0,0,0,0,0,0,0,0,0,0,0,0,"",0,"",0
"Subcontracting Order Item-igst_rate","Subcontracting Order Item","Float",1,"GST India","IGST Rate","","igst_rate","gst_details_section",0,"","",0,0,"",0,"",0,0,"","","","","",0,0,0,0,1,0,0,0,0,"",1,0,0,0,0,0,0,0,0,0,0,0,0,0,"",0,"",0
"Subcontracting Order Item-gst_details_section","Subcontracting Order Item","Section Break",1,"GST India","GST Details","","gst_details_section","taxable_value",0,"","",0,0,"",0,"",0,1,"","","","","",0,0,0,0,0,0,0,0,0,"",0,0,0,0,0,0,0,0,0,0,0,0,0,0,"",0,"",0
"Subcontracting Order Item-gst_treatment","Subcontracting Order Item","Autocomplete",1,"GST India","GST Treatment","","gst_treatment","item_tax_template",0,"","",0,0,"Taxable
Zero-Rated
Nil-Rated
Exempted
Non-GST",0,"item_tax_template.gst_treatment",1,0,"","","","","",0,0,0,0,1,0,0,1,0,"",1,0,0,0,0,0,0,0,0,0,0,0,0,0,"",0,"",0
"Subcontracting Order Item-gst_hsn_code","Subcontracting Order Item","Data",1,"GST India","HSN/SAC","","gst_hsn_code","description",0,"","",0,0,"",0,"item_code.gst_hsn_code",1,0,"","","","","",0,0,0,0,0,0,0,1,0,"",0,1,0,0,0,0,0,0,0,0,0,0,0,0,"",0,"",0
"POS Invoice Item-cess_non_advol_amount","POS Invoice Item","Currency",1,"GST India","CESS Non Advol Amount","","cess_non_advol_amount","cess_amount",0,"","",0,0,"Company:company:default_currency",0,"",0,0,"","","","","",0,0,0,0,1,0,0,0,0,"",1,0,0,0,0,0,0,0,0,0,0,0,0,0,"",0,"",0
"POS Invoice Item-cess_amount","POS Invoice Item","Currency",1,"GST India","CESS Amount","","cess_amount","sgst_amount",0,"","",0,0,"Company:company:default_currency",0,"",0,0,"","","","","",0,0,0,0,1,0,0,0,0,"",1,0,0,0,0,0,0,0,0,0,0,0,0,0,"",0,"",0
"POS Invoice Item-sgst_amount","POS Invoice Item","Currency",1,"GST India","SGST Amount","","sgst_amount","cgst_amount",0,"","",0,0,"Company:company:default_currency",0,"",0,0,"","","","","",0,0,0,0,1,0,0,0,0,"",1,0,0,0,0,0,0,0,0,0,0,0,0,0,"",0,"",0
"POS Invoice Item-cgst_amount","POS Invoice Item","Currency",1,"GST India","CGST Amount","","cgst_amount","igst_amount",0,"","",0,0,"Company:company:default_currency",0,"",0,0,"","","","","",0,0,0,0,1,0,0,0,0,"",1,0,0,0,0,0,0,0,0,0,0,0,0,0,"",0,"",0
"POS Invoice Item-igst_amount","POS Invoice Item","Currency",1,"GST India","IGST Amount","","igst_amount","cb_gst_details",0,"","",0,0,"Company:company:default_currency",0,"",0,0,"","","","","",0,0,0,0,1,0,0,0,0,"",1,0,0,0,0,0,0,0,0,0,0,0,0,0,"",0,"",0
"POS Invoice Item-cb_gst_details","POS Invoice Item","Column Break",1,"GST India","","","cb_gst_details","cess_non_advol_rate",0,"","",0,0,"",0,"",0,0,"","","","","",0,0,0,0,0,0,0,0,0,"",0,0,0,0,0,0,0,0,0,0,0,0,0,0,"",0,"",0
"POS Invoice Item-cess_non_advol_rate","POS Invoice Item","Float",1,"GST India","CESS Non Advol Rate","","cess_non_advol_rate","cess_rate",0,"","",0,0,"",0,"",0,0,"","","","","",0,0,0,0,1,0,0,0,0,"",1,0,0,0,0,0,0,0,0,0,0,0,0,0,"",0,"",0
"POS Invoice Item-cess_rate","POS Invoice Item","Float",1,"GST India","CESS Rate","","cess_rate","sgst_rate",0,"","",0,0,"",0,"",0,0,"","","","","",0,0,0,0,1,0,0,0,0,"",1,0,0,0,0,0,0,0,0,0,0,0,0,0,"",0,"",0
"POS Invoice Item-sgst_rate","POS Invoice Item","Float",1,"GST India","SGST Rate","","sgst_rate","cgst_rate",0,"","",0,0,"",0,"",0,0,"","","","","",0,0,0,0,1,0,0,0,0,"",1,0,0,0,0,0,0,0,0,0,0,0,0,0,"",0,"",0
"POS Invoice Item-cgst_rate","POS Invoice Item","Float",1,"GST India","CGST Rate","","cgst_rate","igst_rate",0,"","",0,0,"",0,"",0,0,"","","","","",0,0,0,0,1,0,0,0,0,"",1,0,0,0,0,0,0,0,0,0,0,0,0,0,"",0,"",0
"POS Invoice Item-igst_rate","POS Invoice Item","Float",1,"GST India","IGST Rate","","igst_rate","gst_details_section",0,"","",0,0,"",0,"",0,0,"","","","","",0,0,0,0,1,0,0,0,0,"",1,0,0,0,0,0,0,0,0,0,0,0,0,0,"",0,"",0
"POS Invoice Item-gst_details_section","POS Invoice Item","Section Break",1,"GST India","GST Details","","gst_details_section","taxable_value",0,"","",0,0,"",0,"",0,1,"","","","","",0,0,0,0,0,0,0,0,0,"",0,0,0,0,0,0,0,0,0,0,0,0,0,0,"",0,"",0
"POS Invoice Item-gst_treatment","POS Invoice Item","Autocomplete",1,"GST India","GST Treatment","","gst_treatment","item_tax_template",0,"","",0,0,"Taxable
Zero-Rated
Nil-Rated
Exempted
Non-GST",0,"item_tax_template.gst_treatment",1,0,"","","","","",0,0,0,0,1,0,0,1,0,"",1,0,0,0,0,0,0,0,0,0,0,0,0,0,"",0,"",0
"POS Invoice Item-gst_hsn_code","POS Invoice Item","Data",1,"GST India","HSN/SAC","","gst_hsn_code","description",0,"","",0,0,"",0,"item_code.gst_hsn_code",1,0,"","","","","",0,0,0,0,0,0,0,1,0,"",0,1,0,0,0,0,0,0,0,0,0,0,0,0,"",0,"",0
"Sales Invoice Item-cess_non_advol_amount","Sales Invoice Item","Currency",1,"GST India","CESS Non Advol Amount","","cess_non_advol_amount","cess_amount",0,"","",0,0,"Company:company:default_currency",0,"",0,0,"","","","","",0,0,0,0,1,0,0,0,0,"",1,0,0,0,0,0,0,0,0,0,0,0,0,0,"",0,"",0
"Sales Invoice Item-cess_amount","Sales Invoice Item","Currency",1,"GST India","CESS Amount","","cess_amount","sgst_amount",0,"","",0,0,"Company:company:default_currency",0,"",0,0,"","","","","",0,0,0,0,1,0,0,0,0,"",1,0,0,0,0,0,0,0,0,0,0,0,0,0,"",0,"",0
"Sales Invoice Item-sgst_amount","Sales Invoice Item","Currency",1,"GST India","SGST Amount","","sgst_amount","cgst_amount",0,"","",0,0,"Company:company:default_currency",0,"",0,0,"","","","","",0,0,0,0,1,0,0,0,0,"",1,0,0,0,0,0,0,0,0,0,0,0,0,0,"",0,"",0
"Sales Invoice Item-cgst_amount","Sales Invoice Item","Currency",1,"GST India","CGST Amount","","cgst_amount","igst_amount",0,"","",0,0,"Company:company:default_currency",0,"",0,0,"","","","","",0,0,0,0,1,0,0,0,0,"",1,0,0,0,0,0,0,0,0,0,0,0,0,0,"",0,"",0
"Sales Invoice Item-igst_amount","Sales Invoice Item","Currency",1,"GST India","IGST Amount","","igst_amount","cb_gst_details",0,"","",0,0,"Company:company:default_currency",0,"",0,0,"","","","","",0,0,0,0,1,0,0,0,0,"",1,0,0,0,0,0,0,0,0,0,0,0,0,0,"",0,"",0
"Sales Invoice Item-cb_gst_details","Sales Invoice Item","Column Break",1,"GST India","","","cb_gst_details","cess_non_advol_rate",0,"","",0,0,"",0,"",0,0,"","","","","",0,0,0,0,0,0,0,0,0,"",0,0,0,0,0,0,0,0,0,0,0,0,0,0,"",0,"",0
"Sales Invoice Item-cess_non_advol_rate","Sales Invoice Item","Float",1,"GST India","CESS Non Advol Rate","","cess_non_advol_rate","cess_rate",0,"","",0,0,"",0,"",0,0,"","","","","",0,0,0,0,1,0,0,0,0,"",1,0,0,0,0,0,0,0,0,0,0,0,0,0,"",0,"",0
"Sales Invoice Item-cess_rate","Sales Invoice Item","Float",1,"GST India","CESS Rate","","cess_rate","sgst_rate",0,"","",0,0,"",0,"",0,0,"","","","","",0,0,0,0,1,0,0,0,0,"",1,0,0,0,0,0,0,0,0,0,0,0,0,0,"",0,"",0
"Sales Invoice Item-sgst_rate","Sales Invoice Item","Float",1,"GST India","SGST Rate","","sgst_rate","cgst_rate",0,"","",0,0,"",0,"",0,0,"","","","","",0,0,0,0,1,0,0,0,0,"",1,0,0,0,0,0,0,0,0,0,0,0,0,0,"",0,"",0
"Sales Invoice Item-cgst_rate","Sales Invoice Item","Float",1,"GST India","CGST Rate","","cgst_rate","igst_rate",0,"","",0,0,"",0,"",0,0,"","","","","",0,0,0,0,1,0,0,0,0,"",1,0,0,0,0,0,0,0,0,0,0,0,0,0,"",0,"",0
"Sales Invoice Item-igst_rate","Sales Invoice Item","Float",1,"GST India","IGST Rate","","igst_rate","gst_details_section",0,"","",0,0,"",0,"",0,0,"","","","","",0,0,0,0,1,0,0,0,0,"",1,0,0,0,0,0,0,0,0,0,0,0,0,0,"",0,"",0
"Sales Invoice Item-gst_details_section","Sales Invoice Item","Section Break",1,"GST India","GST Details","","gst_details_section","taxable_value",0,"","",0,0,"",0,"",0,1,"","","","","",0,0,0,0,0,0,0,0,0,"",0,0,0,0,0,0,0,0,0,0,0,0,0,0,"",0,"",0
"Sales Invoice Item-gst_treatment","Sales Invoice Item","Autocomplete",1,"GST India","GST Treatment","","gst_treatment","item_tax_template",0,"","",0,0,"Taxable
Zero-Rated
Nil-Rated
Exempted
Non-GST",0,"item_tax_template.gst_treatment",1,0,"","","","","",0,0,0,0,1,0,0,1,0,"",1,0,0,0,0,0,0,0,0,0,0,0,0,0,"",0,"",0
"Sales Invoice Item-gst_hsn_code","Sales Invoice Item","Data",1,"GST India","HSN/SAC","","gst_hsn_code","description",0,"","",0,0,"",0,"item_code.gst_hsn_code",1,0,"","","","","",0,0,0,0,0,0,0,1,0,"",0,1,0,0,0,0,0,0,0,0,0,0,0,0,"",0,"",0
"Delivery Note Item-cess_non_advol_amount","Delivery Note Item","Currency",1,"GST India","CESS Non Advol Amount","","cess_non_advol_amount","cess_amount",0,"","",0,0,"Company:company:default_currency",0,"",0,0,"","","","","",0,0,0,0,1,0,0,0,0,"",1,0,0,0,0,0,0,0,0,0,0,0,0,0,"",0,"",0
"Delivery Note Item-cess_amount","Delivery Note Item","Currency",1,"GST India","CESS Amount","","cess_amount","sgst_amount",0,"","",0,0,"Company:company:default_currency",0,"",0,0,"","","","","",0,0,0,0,1,0,0,0,0,"",1,0,0,0,0,0,0,0,0,0,0,0,0,0,"",0,"",0
"Delivery Note Item-sgst_amount","Delivery Note Item","Currency",1,"GST India","SGST Amount","","sgst_amount","cgst_amount",0,"","",0,0,"Company:company:default_currency",0,"",0,0,"","","","","",0,0,0,0,1,0,0,0,0,"",1,0,0,0,0,0,0,0,0,0,0,0,0,0,"",0,"",0
"Delivery Note Item-cgst_amount","Delivery Note Item","Currency",1,"GST India","CGST Amount","","cgst_amount","igst_amount",0,"","",0,0,"Company:company:default_currency",0,"",0,0,"","","","","",0,0,0,0,1,0,0,0,0,"",1,0,0,0,0,0,0,0,0,0,0,0,0,0,"",0,"",0
"Delivery Note Item-igst_amount","Delivery Note Item","Currency",1,"GST India","IGST Amount","","igst_amount","cb_gst_details",0,"","",0,0,"Company:company:default_currency",0,"",0,0,"","","","","",0,0,0,0,1,0,0,0,0,"",1,0,0,0,0,0,0,0,0,0,0,0,0,0,"",0,"",0
"Delivery Note Item-cb_gst_details","Delivery Note Item","Column Break",1,"GST India","","","cb_gst_details","cess_non_advol_rate",0,"","",0,0,"",0,"",0,0,"","","","","",0,0,0,0,0,0,0,0,0,"",0,0,0,0,0,0,0,0,0,0,0,0,0,0,"",0,"",0
"Delivery Note Item-cess_non_advol_rate","Delivery Note Item","Float",1,"GST India","CESS Non Advol Rate","","cess_non_advol_rate","cess_rate",0,"","",0,0,"",0,"",0,0,"","","","","",0,0,0,0,1,0,0,0,0,"",1,0,0,0,0,0,0,0,0,0,0,0,0,0,"",0,"",0
"Delivery Note Item-cess_rate","Delivery Note Item","Float",1,"GST India","CESS Rate","","cess_rate","sgst_rate",0,"","",0,0,"",0,"",0,0,"","","","","",0,0,0,0,1,0,0,0,0,"",1,0,0,0,0,0,0,0,0,0,0,0,0,0,"",0,"",0
"Delivery Note Item-sgst_rate","Delivery Note Item","Float",1,"GST India","SGST Rate","","sgst_rate","cgst_rate",0,"","",0,0,"",0,"",0,0,"","","","","",0,0,0,0,1,0,0,0,0,"",1,0,0,0,0,0,0,0,0,0,0,0,0,0,"",0,"",0
"Delivery Note Item-cgst_rate","Delivery Note Item","Float",1,"GST India","CGST Rate","","cgst_rate","igst_rate",0,"","",0,0,"",0,"",0,0,"","","","","",0,0,0,0,1,0,0,0,0,"",1,0,0,0,0,0,0,0,0,0,0,0,0,0,"",0,"",0
"Delivery Note Item-igst_rate","Delivery Note Item","Float",1,"GST India","IGST Rate","","igst_rate","gst_details_section",0,"","",0,0,"",0,"",0,0,"","","","","",0,0,0,0,1,0,0,0,0,"",1,0,0,0,0,0,0,0,0,0,0,0,0,0,"",0,"",0
"Delivery Note Item-gst_details_section","Delivery Note Item","Section Break",1,"GST India","GST Details","","gst_details_section","taxable_value",0,"","",0,0,"",0,"",0,1,"","","","","",0,0,0,0,0,0,0,0,0,"",0,0,0,0,0,0,0,0,0,0,0,0,0,0,"",0,"",0
"Delivery Note Item-gst_treatment","Delivery Note Item","Autocomplete",1,"GST India","GST Treatment","","gst_treatment","item_tax_template",0,"","",0,0,"Taxable
Zero-Rated
Nil-Rated
Exempted
Non-GST",0,"item_tax_template.gst_treatment",1,0,"","","","","",0,0,0,0,1,0,0,1,0,"",1,0,0,0,0,0,0,0,0,0,0,0,0,0,"",0,"",0
"Delivery Note Item-gst_hsn_code","Delivery Note Item","Data",1,"GST India","HSN/SAC","","gst_hsn_code","description",0,"","",0,0,"",0,"item_code.gst_hsn_code",1,0,"","","","","",0,0,0,0,0,0,0,1,0,"",0,1,0,0,0,0,0,0,0,0,0,0,0,0,"",0,"",0
"Sales Order Item-cess_non_advol_amount","Sales Order Item","Currency",1,"GST India","CESS Non Advol Amount","","cess_non_advol_amount","cess_amount",0,"","",0,0,"Company:company:default_currency",0,"",0,0,"","","","","",0,0,0,0,1,0,0,0,0,"",1,0,0,0,0,0,0,0,0,0,0,0,0,0,"",0,"",0
"Sales Order Item-cess_amount","Sales Order Item","Currency",1,"GST India","CESS Amount","","cess_amount","sgst_amount",0,"","",0,0,"Company:company:default_currency",0,"",0,0,"","","","","",0,0,0,0,1,0,0,0,0,"",1,0,0,0,0,0,0,0,0,0,0,0,0,0,"",0,"",0
"Sales Order Item-sgst_amount","Sales Order Item","Currency",1,"GST India","SGST Amount","","sgst_amount","cgst_amount",0,"","",0,0,"Company:company:default_currency",0,"",0,0,"","","","","",0,0,0,0,1,0,0,0,0,"",1,0,0,0,0,0,0,0,0,0,0,0,0,0,"",0,"",0
"Sales Order Item-cgst_amount","Sales Order Item","Currency",1,"GST India","CGST Amount","","cgst_amount","igst_amount",0,"","",0,0,"Company:company:default_currency",0,"",0,0,"","","","","",0,0,0,0,1,0,0,0,0,"",1,0,0,0,0,0,0,0,0,0,0,0,0,0,"",0,"",0
"Sales Order Item-igst_amount","Sales Order Item","Currency",1,"GST India","IGST Amount","","igst_amount","cb_gst_details",0,"","",0,0,"Company:company:default_currency",0,"",0,0,"","","","","",0,0,0,0,1,0,0,0,0,"",1,0,0,0,0,0,0,0,0,0,0,0,0,0,"",0,"",0
"Sales Order Item-cb_gst_details","Sales Order Item","Column Break",1,"GST India","","","cb_gst_details","cess_non_advol_rate",0,"","",0,0,"",0,"",0,0,"","","","","",0,0,0,0,0,0,0,0,0,"",0,0,0,0,0,0,0,0,0,0,0,0,0,0,"",0,"",0
"Sales Order Item-cess_non_advol_rate","Sales Order Item","Float",1,"GST India","CESS Non Advol Rate","","cess_non_advol_rate","cess_rate",0,"","",0,0,"",0,"",0,0,"","","","","",0,0,0,0,1,0,0,0,0,"",1,0,0,0,0,0,0,0,0,0,0,0,0,0,"",0,"",0
"Sales Order Item-cess_rate","Sales Order Item","Float",1,"GST India","CESS Rate","","cess_rate","sgst_rate",0,"","",0,0,"",0,"",0,0,"","","","","",0,0,0,0,1,0,0,0,0,"",1,0,0,0,0,0,0,0,0,0,0,0,0,0,"",0,"",0
"Sales Order Item-sgst_rate","Sales Order Item","Float",1,"GST India","SGST Rate","","sgst_rate","cgst_rate",0,"","",0,0,"",0,"",0,0,"","","","","",0,0,0,0,1,0,0,0,0,"",1,0,0,0,0,0,0,0,0,0,0,0,0,0,"",0,"",0
"Sales Order Item-cgst_rate","Sales Order Item","Float",1,"GST India","CGST Rate","","cgst_rate","igst_rate",0,"","",0,0,"",0,"",0,0,"","","","","",0,0,0,0,1,0,0,0,0,"",1,0,0,0,0,0,0,0,0,0,0,0,0,0,"",0,"",0
"Sales Order Item-igst_rate","Sales Order Item","Float",1,"GST India","IGST Rate","","igst_rate","gst_details_section",0,"","",0,0,"",0,"",0,0,"","","","","",0,0,0,0,1,0,0,0,0,"",1,0,0,0,0,0,0,0,0,0,0,0,0,0,"",0,"",0
"Sales Order Item-gst_details_section","Sales Order Item","Section Break",1,"GST India","GST Details","","gst_details_section","taxable_value",0,"","",0,0,"",0,"",0,1,"","","","","",0,0,0,0,0,0,0,0,0,"",0,0,0,0,0,0,0,0,0,0,0,0,0,0,"",0,"",0
"Sales Order Item-gst_treatment","Sales Order Item","Autocomplete",1,"GST India","GST Treatment","","gst_treatment","item_tax_template",0,"","",0,0,"Taxable
Zero-Rated
Nil-Rated
Exempted
Non-GST",0,"item_tax_template.gst_treatment",1,0,"","","","","",0,0,0,0,1,0,0,1,0,"",1,0,0,0,0,0,0,0,0,0,0,0,0,0,"",0,"",0
"Sales Order Item-gst_hsn_code","Sales Order Item","Data",1,"GST India","HSN/SAC","","gst_hsn_code","description",0,"","",0,0,"",0,"item_code.gst_hsn_code",1,0,"","","","","",0,0,0,0,0,0,0,1,0,"",0,1,0,0,0,0,0,0,0,0,0,0,0,0,"",0,"",0
"Quotation Item-cess_non_advol_amount","Quotation Item","Currency",1,"GST India","CESS Non Advol Amount","","cess_non_advol_amount","cess_amount",0,"","",0,0,"Company:company:default_currency",0,"",0,0,"","","","","",0,0,0,0,1,0,0,0,0,"",1,0,0,0,0,0,0,0,0,0,0,0,0,0,"",0,"",0
"Quotation Item-cess_amount","Quotation Item","Currency",1,"GST India","CESS Amount","","cess_amount","sgst_amount",0,"","",0,0,"Company:company:default_currency",0,"",0,0,"","","","","",0,0,0,0,1,0,0,0,0,"",1,0,0,0,0,0,0,0,0,0,0,0,0,0,"",0,"",0
"Quotation Item-sgst_amount","Quotation Item","Currency",1,"GST India","SGST Amount","","sgst_amount","cgst_amount",0,"","",0,0,"Company:company:default_currency",0,"",0,0,"","","","","",0,0,0,0,1,0,0,0,0,"",1,0,0,0,0,0,0,0,0,0,0,0,0,0,"",0,"",0
"Quotation Item-cgst_amount","Quotation Item","Currency",1,"GST India","CGST Amount","","cgst_amount","igst_amount",0,"","",0,0,"Company:company:default_currency",0,"",0,0,"","","","","",0,0,0,0,1,0,0,0,0,"",1,0,0,0,0,0,0,0,0,0,0,0,0,0,"",0,"",0
"Quotation Item-igst_amount","Quotation Item","Currency",1,"GST India","IGST Amount","","igst_amount","cb_gst_details",0,"","",0,0,"Company:company:default_currency",0,"",0,0,"","","","","",0,0,0,0,1,0,0,0,0,"",1,0,0,0,0,0,0,0,0,0,0,0,0,0,"",0,"",0
"Quotation Item-cb_gst_details","Quotation Item","Column Break",1,"GST India","","","cb_gst_details","cess_non_advol_rate",0,"","",0,0,"",0,"",0,0,"","","","","",0,0,0,0,0,0,0,0,0,"",0,0,0,0,0,0,0,0,0,0,0,0,0,0,"",0,"",0
"Quotation Item-cess_non_advol_rate","Quotation Item","Float",1,"GST India","CESS Non Advol Rate","","cess_non_advol_rate","cess_rate",0,"","",0,0,"",0,"",0,0,"","","","","",0,0,0,0,1,0,0,0,0,"",1,0,0,0,0,0,0,0,0,0,0,0,0,0,"",0,"",0
"Quotation Item-cess_rate","Quotation Item","Float",1,"GST India","CESS Rate","","cess_rate","sgst_rate",0,"","",0,0,"",0,"",0,0,"","","","","",0,0,0,0,1,0,0,0,0,"",1,0,0,0,0,0,0,0,0,0,0,0,0,0,"",0,"",0
"Quotation Item-sgst_rate","Quotation Item","Float",1,"GST India","SGST Rate","","sgst_rate","cgst_rate",0,"","",0,0,"",0,"",0,0,"","","","","",0,0,0,0,1,0,0,0,0,"",1,0,0,0,0,0,0,0,0,0,0,0,0,0,"",0,"",0
"Quotation Item-cgst_rate","Quotation Item","Float",1,"GST India","CGST Rate","","cgst_rate","igst_rate",0,"","",0,0,"",0,"",0,0,"","","","","",0,0,0,0,1,0,0,0,0,"",1,0,0,0,0,0,0,0,0,0,0,0,0,0,"",0,"",0
"Quotation Item-igst_rate","Quotation Item","Float",1,"GST India","IGST Rate","","igst_rate","gst_details_section",0,"","",0,0,"",0,"",0,0,"","","","","",0,0,0,0,1,0,0,0,0,"",1,0,0,0,0,0,0,0,0,0,0,0,0,0,"",0,"",0
"Quotation Item-gst_details_section","Quotation Item","Section Break",1,"GST India","GST Details","","gst_details_section","taxable_value",0,"","",0,0,"",0,"",0,1,"","","","","",0,0,0,0,0,0,0,0,0,"",0,0,0,0,0,0,0,0,0,0,0,0,0,0,"",0,"",0
"Quotation Item-gst_treatment","Quotation Item","Autocomplete",1,"GST India","GST Treatment","","gst_treatment","item_tax_template",0,"","",0,0,"Taxable
Zero-Rated
Nil-Rated
Exempted
Non-GST",0,"item_tax_template.gst_treatment",1,0,"","","","","",0,0,0,0,1,0,0,1,0,"",1,0,0,0,0,0,0,0,0,0,0,0,0,0,"",0,"",0
"Quotation Item-gst_hsn_code","Quotation Item","Data",1,"GST India","HSN/SAC","","gst_hsn_code","description",0,"","",0,0,"",0,"item_code.gst_hsn_code",1,0,"","","","","",0,0,0,0,0,0,0,1,0,"",0,1,0,0,0,0,0,0,0,0,0,0,0,0,"",0,"",0
"Purchase Invoice Item-cess_non_advol_amount","Purchase Invoice Item","Currency",1,"GST India","CESS Non Advol Amount","","cess_non_advol_amount","cess_amount",0,"","",0,0,"Company:company:default_currency",0,"",0,0,"","","","","",0,0,0,0,1,0,0,0,0,"",1,0,0,0,0,0,0,0,0,0,0,0,0,0,"",0,"",0
"Purchase Invoice Item-cess_amount","Purchase Invoice Item","Currency",1,"GST India","CESS Amount","","cess_amount","sgst_amount",0,"","",0,0,"Company:company:default_currency",0,"",0,0,"","","","","",0,0,0,0,1,0,0,0,0,"",1,0,0,0,0,0,0,0,0,0,0,0,0,0,"",0,"",0
"Purchase Invoice Item-sgst_amount","Purchase Invoice Item","Currency",1,"GST India","SGST Amount","","sgst_amount","cgst_amount",0,"","",0,0,"Company:company:default_currency",0,"",0,0,"","","","","",0,0,0,0,1,0,0,0,0,"",1,0,0,0,0,0,0,0,0,0,0,0,0,0,"",0,"",0
"Purchase Invoice Item-cgst_amount","Purchase Invoice Item","Currency",1,"GST India","CGST Amount","","cgst_amount","igst_amount",0,"","",0,0,"Company:company:default_currency",0,"",0,0,"","","","","",0,0,0,0,1,0,0,0,0,"",1,0,0,0,0,0,0,0,0,0,0,0,0,0,"",0,"",0
"Purchase Invoice Item-igst_amount","Purchase Invoice Item","Currency",1,"GST India","IGST Amount","","igst_amount","cb_gst_details",0,"","",0,0,"Company:company:default_currency",0,"",0,0,"","","","","",0,0,0,0,1,0,0,0,0,"",1,0,0,0,0,0,0,0,0,0,0,0,0,0,"",0,"",0
"Purchase Invoice Item-cb_gst_details","Purchase Invoice Item","Column Break",1,"GST India","","","cb_gst_details","cess_non_advol_rate",0,"","",0,0,"",0,"",0,0,"","","","","",0,0,0,0,0,0,0,0,0,"",0,0,0,0,0,0,0,0,0,0,0,0,0,0,"",0,"",0
"Purchase Invoice Item-cess_non_advol_rate","Purchase Invoice Item","Float",1,"GST India","CESS Non Advol Rate","","cess_non_advol_rate","cess_rate",0,"","",0,0,"",0,"",0,0,"","","","","",0,0,0,0,1,0,0,0,0,"",1,0,0,0,0,0,0,0,0,0,0,0,0,0,"",0,"",0
"Purchase Invoice Item-cess_rate","Purchase Invoice Item","Float",1,"GST India","CESS Rate","","cess_rate","sgst_rate",0,"","",0,0,"",0,"",0,0,"","","","","",0,0,0,0,1,0,0,0,0,"",1,0,0,0,0,0,0,0,0,0,0,0,0,0,"",0,"",0
"Purchase Invoice Item-sgst_rate","Purchase Invoice Item","Float",1,"GST India","SGST Rate","","sgst_rate","cgst_rate",0,"","",0,0,"",0,"",0,0,"","","","","",0,0,0,0,1,0,0,0,0,"",1,0,0,0,0,0,0,0,0,0,0,0,0,0,"",0,"",0
"Purchase Invoice Item-cgst_rate","Purchase Invoice Item","Float",1,"GST India","CGST Rate","","cgst_rate","igst_rate",0,"","",0,0,"",0,"",0,0,"","","","","",0,0,0,0,1,0,0,0,0,"",1,0,0,0,0,0,0,0,0,0,0,0,0,0,"",0,"",0
"Purchase Invoice Item-igst_rate","Purchase Invoice Item","Float",1,"GST India","IGST Rate","","igst_rate","gst_details_section",0,"","",0,0,"",0,"",0,0,"","","","","",0,0,0,0,1,0,0,0,0,"",1,0,0,0,0,0,0,0,0,0,0,0,0,0,"",0,"",0
"Purchase Invoice Item-gst_details_section","Purchase Invoice Item","Section Break",1,"GST India","GST Details","","gst_details_section","taxable_value",0,"","",0,0,"",0,"",0,1,"","","","","",0,0,0,0,0,0,0,0,0,"",0,0,0,0,0,0,0,0,0,0,0,0,0,0,"",0,"",0
"Purchase Invoice Item-gst_treatment","Purchase Invoice Item","Autocomplete",1,"GST India","GST Treatment","","gst_treatment","item_tax_template",0,"","",0,0,"Taxable
Zero-Rated
Nil-Rated
Exempted
Non-GST",0,"item_tax_template.gst_treatment",1,0,"","","","","",0,0,0,0,1,0,0,1,0,"",1,0,0,0,0,0,0,0,0,0,0,0,0,0,"",0,"",0
"Purchase Invoice Item-gst_hsn_code","Purchase Invoice Item","Data",1,"GST India","HSN/SAC","","gst_hsn_code","description",0,"","",0,0,"",0,"item_code.gst_hsn_code",1,0,"","","","","",0,0,0,0,0,0,0,1,0,"",0,1,0,0,0,0,0,0,0,0,0,0,0,0,"",0,"",0
"Purchase Receipt Item-cess_non_advol_amount","Purchase Receipt Item","Currency",1,"GST India","CESS Non Advol Amount","","cess_non_advol_amount","cess_amount",0,"","",0,0,"Company:company:default_currency",0,"",0,0,"","","","","",0,0,0,0,1,0,0,0,0,"",1,0,0,0,0,0,0,0,0,0,0,0,0,0,"",0,"",0
"Purchase Receipt Item-cess_amount","Purchase Receipt Item","Currency",1,"GST India","CESS Amount","","cess_amount","sgst_amount",0,"","",0,0,"Company:company:default_currency",0,"",0,0,"","","","","",0,0,0,0,1,0,0,0,0,"",1,0,0,0,0,0,0,0,0,0,0,0,0,0,"",0,"",0
"Purchase Receipt Item-sgst_amount","Purchase Receipt Item","Currency",1,"GST India","SGST Amount","","sgst_amount","cgst_amount",0,"","",0,0,"Company:company:default_currency",0,"",0,0,"","","","","",0,0,0,0,1,0,0,0,0,"",1,0,0,0,0,0,0,0,0,0,0,0,0,0,"",0,"",0
"Purchase Receipt Item-cgst_amount","Purchase Receipt Item","Currency",1,"GST India","CGST Amount","","cgst_amount","igst_amount",0,"","",0,0,"Company:company:default_currency",0,"",0,0,"","","","","",0,0,0,0,1,0,0,0,0,"",1,0,0,0,0,0,0,0,0,0,0,0,0,0,"",0,"",0
"Purchase Receipt Item-igst_amount","Purchase Receipt Item","Currency",1,"GST India","IGST Amount","","igst_amount","cb_gst_details",0,"","",0,0,"Company:company:default_currency",0,"",0,0,"","","","","",0,0,0,0,1,0,0,0,0,"",1,0,0,0,0,0,0,0,0,0,0,0,0,0,"",0,"",0
"Purchase Receipt Item-cb_gst_details","Purchase Receipt Item","Column Break",1,"GST India","","","cb_gst_details","cess_non_advol_rate",0,"","",0,0,"",0,"",0,0,"","","","","",0,0,0,0,0,0,0,0,0,"",0,0,0,0,0,0,0,0,0,0,0,0,0,0,"",0,"",0
"Purchase Receipt Item-cess_non_advol_rate","Purchase Receipt Item","Float",1,"GST India","CESS Non Advol Rate","","cess_non_advol_rate","cess_rate",0,"","",0,0,"",0,"",0,0,"","","","","",0,0,0,0,1,0,0,0,0,"",1,0,0,0,0,0,0,0,0,0,0,0,0,0,"",0,"",0
"Purchase Receipt Item-cess_rate","Purchase Receipt Item","Float",1,"GST India","CESS Rate","","cess_rate","sgst_rate",0,"","",0,0,"",0,"",0,0,"","","","","",0,0,0,0,1,0,0,0,0,"",1,0,0,0,0,0,0,0,0,0,0,0,0,0,"",0,"",0
"Purchase Receipt Item-sgst_rate","Purchase Receipt Item","Float",1,"GST India","SGST Rate","","sgst_rate","cgst_rate",0,"","",0,0,"",0,"",0,0,"","","","","",0,0,0,0,1,0,0,0,0,"",1,0,0,0,0,0,0,0,0,0,0,0,0,0,"",0,"",0
"Purchase Receipt Item-cgst_rate","Purchase Receipt Item","Float",1,"GST India","CGST Rate","","cgst_rate","igst_rate",0,"","",0,0,"",0,"",0,0,"","","","","",0,0,0,0,1,0,0,0,0,"",1,0,0,0,0,0,0,0,0,0,0,0,0,0,"",0,"",0
"Purchase Receipt Item-igst_rate","Purchase Receipt Item","Float",1,"GST India","IGST Rate","","igst_rate","gst_details_section",0,"","",0,0,"",0,"",0,0,"","","","","",0,0,0,0,1,0,0,0,0,"",1,0,0,0,0,0,0,0,0,0,0,0,0,0,"",0,"",0
"Purchase Receipt Item-gst_details_section","Purchase Receipt Item","Section Break",1,"GST India","GST Details","","gst_details_section","taxable_value",0,"","",0,0,"",0,"",0,1,"","","","","",0,0,0,0,0,0,0,0,0,"",0,0,0,0,0,0,0,0,0,0,0,0,0,0,"",0,"",0
"Purchase Receipt Item-gst_treatment","Purchase Receipt Item","Autocomplete",1,"GST India","GST Treatment","","gst_treatment","item_tax_template",0,"","",0,0,"Taxable
Zero-Rated
Nil-Rated
Exempted
Non-GST",0,"item_tax_template.gst_treatment",1,0,"","","","","",0,0,0,0,1,0,0,1,0,"",1,0,0,0,0,0,0,0,0,0,0,0,0,0,"",0,"",0
"Purchase Receipt Item-gst_hsn_code","Purchase Receipt Item","Data",1,"GST India","HSN/SAC","","gst_hsn_code","description",0,"","",0,0,"",0,"item_code.gst_hsn_code",1,0,"","","","","",0,0,0,0,0,0,0,1,0,"",0,1,0,0,0,0,0,0,0,0,0,0,0,0,"",0,"",0
"Purchase Order Item-cess_non_advol_amount","Purchase Order Item","Currency",1,"GST India","CESS Non Advol Amount","","cess_non_advol_amount","cess_amount",0,"","",0,0,"Company:company:default_currency",0,"",0,0,"","","","","",0,0,0,0,1,0,0,0,0,"",1,0,0,0,0,0,0,0,0,0,0,0,0,0,"",0,"",0
"Purchase Order Item-cess_amount","Purchase Order Item","Currency",1,"GST India","CESS Amount","","cess_amount","sgst_amount",0,"","",0,0,"Company:company:default_currency",0,"",0,0,"","","","","",0,0,0,0,1,0,0,0,0,"",1,0,0,0,0,0,0,0,0,0,0,0,0,0,"",0,"",0
"Purchase Order Item-sgst_amount","Purchase Order Item","Currency",1,"GST India","SGST Amount","","sgst_amount","cgst_amount",0,"","",0,0,"Company:company:default_currency",0,"",0,0,"","","","","",0,0,0,0,1,0,0,0,0,"",1,0,0,0,0,0,0,0,0,0,0,0,0,0,"",0,"",0
"Purchase Order Item-cgst_amount","Purchase Order Item","Currency",1,"GST India","CGST Amount","","cgst_amount","igst_amount",0,"","",0,0,"Company:company:default_currency",0,"",0,0,"","","","","",0,0,0,0,1,0,0,0,0,"",1,0,0,0,0,0,0,0,0,0,0,0,0,0,"",0,"",0
"Purchase Order Item-igst_amount","Purchase Order Item","Currency",1,"GST India","IGST Amount","","igst_amount","cb_gst_details",0,"","",0,0,"Company:company:default_currency",0,"",0,0,"","","","","",0,0,0,0,1,0,0,0,0,"",1,0,0,0,0,0,0,0,0,0,0,0,0,0,"",0,"",0
"Purchase Order Item-cb_gst_details","Purchase Order Item","Column Break",1,"GST India","","","cb_gst_details","cess_non_advol_rate",0,"","",0,0,"",0,"",0,0,"","","","","",0,0,0,0,0,0,0,0,0,"",0,0,0,0,0,0,0,0,0,0,0,0,0,0,"",0,"",0
"Purchase Order Item-cess_non_advol_rate","Purchase Order Item","Float",1,"GST India","CESS Non Advol Rate","","cess_non_advol_rate","cess_rate",0,"","",0,0,"",0,"",0,0,"","","","","",0,0,0,0,1,0,0,0,0,"",1,0,0,0,0,0,0,0,0,0,0,0,0,0,"",0,"",0
"Purchase Order Item-cess_rate","Purchase Order Item","Float",1,"GST India","CESS Rate","","cess_rate","sgst_rate",0,"","",0,0,"",0,"",0,0,"","","","","",0,0,0,0,1,0,0,0,0,"",1,0,0,0,0,0,0,0,0,0,0,0,0,0,"",0,"",0
"Purchase Order Item-sgst_rate","Purchase Order Item","Float",1,"GST India","SGST Rate","","sgst_rate","cgst_rate",0,"","",0,0,"",0,"",0,0,"","","","","",0,0,0,0,1,0,0,0,0,"",1,0,0,0,0,0,0,0,0,0,0,0,0,0,"",0,"",0
"Purchase Order Item-cgst_rate","Purchase Order Item","Float",1,"GST India","CGST Rate","","cgst_rate","igst_rate",0,"","",0,0,"",0,"",0,0,"","","","","",0,0,0,0,1,0,0,0,0,"",1,0,0,0,0,0,0,0,0,0,0,0,0,0,"",0,"",0
"Purchase Order Item-igst_rate","Purchase Order Item","Float",1,"GST India","IGST Rate","","igst_rate","gst_details_section",0,"","",0,0,"",0,"",0,0,"","","","","",0,0,0,0,1,0,0,0,0,"",1,0,0,0,0,0,0,0,0,0,0,0,0,0,"",0,"",0
"Purchase Order Item-gst_details_section","Purchase Order Item","Section Break",1,"GST India","GST Details","","gst_details_section","taxable_value",0,"","",0,0,"",0,"",0,1,"","","","","",0,0,0,0,0,0,0,0,0,"",0,0,0,0,0,0,0,0,0,0,0,0,0,0,"",0,"",0
"Purchase Order Item-gst_treatment","Purchase Order Item","Autocomplete",1,"GST India","GST Treatment","","gst_treatment","item_tax_template",0,"","",0,0,"Taxable
Zero-Rated
Nil-Rated
Exempted
Non-GST",0,"item_tax_template.gst_treatment",1,0,"","","","","",0,0,0,0,1,0,0,1,0,"",1,0,0,0,0,0,0,0,0,0,0,0,0,0,"",0,"",0
"Purchase Order Item-gst_hsn_code","Purchase Order Item","Data",1,"GST India","HSN/SAC","","gst_hsn_code","description",0,"","",0,0,"",0,"item_code.gst_hsn_code",1,0,"","","","","",0,0,0,0,0,0,0,1,0,"",0,1,0,0,0,0,0,0,0,0,0,0,0,0,"",0,"",0
"Supplier Quotation Item-cess_non_advol_amount","Supplier Quotation Item","Currency",1,"GST India","CESS Non Advol Amount","","cess_non_advol_amount","cess_amount",0,"","",0,0,"Company:company:default_currency",0,"",0,0,"","","","","",0,0,0,0,1,0,0,0,0,"",1,0,0,0,0,0,0,0,0,0,0,0,0,0,"",0,"",0
"Supplier Quotation Item-cess_amount","Supplier Quotation Item","Currency",1,"GST India","CESS Amount","","cess_amount","sgst_amount",0,"","",0,0,"Company:company:default_currency",0,"",0,0,"","","","","",0,0,0,0,1,0,0,0,0,"",1,0,0,0,0,0,0,0,0,0,0,0,0,0,"",0,"",0
"Supplier Quotation Item-sgst_amount","Supplier Quotation Item","Currency",1,"GST India","SGST Amount","","sgst_amount","cgst_amount",0,"","",0,0,"Company:company:default_currency",0,"",0,0,"","","","","",0,0,0,0,1,0,0,0,0,"",1,0,0,0,0,0,0,0,0,0,0,0,0,0,"",0,"",0
"Supplier Quotation Item-cgst_amount","Supplier Quotation Item","Currency",1,"GST India","CGST Amount","","cgst_amount","igst_amount",0,"","",0,0,"Company:company:default_currency",0,"",0,0,"","","","","",0,0,0,0,1,0,0,0,0,"",1,0,0,0,0,0,0,0,0,0,0,0,0,0,"",0,"",0
"Supplier Quotation Item-igst_amount","Supplier Quotation Item","Currency",1,"GST India","IGST Amount","","igst_amount","cb_gst_details",0,"","",0,0,"Company:company:default_currency",0,"",0,0,"","","","","",0,0,0,0,1,0,0,0,0,"",1,0,0,0,0,0,0,0,0,0,0,0,0,0,"",0,"",0
"Supplier Quotation Item-cb_gst_details","Supplier Quotation Item","Column Break",1,"GST India","","","cb_gst_details","cess_non_advol_rate",0,"","",0,0,"",0,"",0,0,"","","","","",0,0,0,0,0,0,0,0,0,"",0,0,0,0,0,0,0,0,0,0,0,0,0,0,"",0,"",0
"Supplier Quotation Item-cess_non_advol_rate","Supplier Quotation Item","Float",1,"GST India","CESS Non Advol Rate","","cess_non_advol_rate","cess_rate",0,"","",0,0,"",0,"",0,0,"","","","","",0,0,0,0,1,0,0,0,0,"",1,0,0,0,0,0,0,0,0,0,0,0,0,0,"",0,"",0
"Supplier Quotation Item-cess_rate","Supplier Quotation Item","Float",1,"GST India","CESS Rate","","cess_rate","sgst_rate",0,"","",0,0,"",0,"",0,0,"","","","","",0,0,0,0,1,0,0,0,0,"",1,0,0,0,0,0,0,0,0,0,0,0,0,0,"",0,"",0
"Supplier Quotation Item-sgst_rate","Supplier Quotation Item","Float",1,"GST India","SGST Rate","","sgst_rate","cgst_rate",0,"","",0,0,"",0,"",0,0,"","","","","",0,0,0,0,1,0,0,0,0,"",1,0,0,0,0,0,0,0,0,0,0,0,0,0,"",0,"",0
"Supplier Quotation Item-cgst_rate","Supplier Quotation Item","Float",1,"GST India","CGST Rate","","cgst_rate","igst_rate",0,"","",0,0,"",0,"",0,0,"","","","","",0,0,0,0,1,0,0,0,0,"",1,0,0,0,0,0,0,0,0,0,0,0,0,0,"",0,"",0
"Supplier Quotation Item-igst_rate","Supplier Quotation Item","Float",1,"GST India","IGST Rate","","igst_rate","gst_details_section",0,"","",0,0,"",0,"",0,0,"","","","","",0,0,0,0,1,0,0,0,0,"",1,0,0,0,0,0,0,0,0,0,0,0,0,0,"",0,"",0
"Supplier Quotation Item-gst_details_section","Supplier Quotation Item","Section Break",1,"GST India","GST Details","","gst_details_section","taxable_value",0,"","",0,0,"",0,"",0,1,"","","","","",0,0,0,0,0,0,0,0,0,"",0,0,0,0,0,0,0,0,0,0,0,0,0,0,"",0,"",0
"Supplier Quotation Item-gst_treatment","Supplier Quotation Item","Autocomplete",1,"GST India","GST Treatment","","gst_treatment","item_tax_template",0,"","",0,0,"Taxable
Zero-Rated
Nil-Rated
Exempted
Non-GST",0,"item_tax_template.gst_treatment",1,0,"","","","","",0,0,0,0,1,0,0,1,0,"",1,0,0,0,0,0,0,0,0,0,0,0,0,0,"",0,"",0
"Supplier Quotation Item-gst_hsn_code","Supplier Quotation Item","Data",1,"GST India","HSN/SAC","","gst_hsn_code","description",0,"","",0,0,"",0,"item_code.gst_hsn_code",1,0,"","","","","",0,0,0,0,0,0,0,1,0,"",0,1,0,0,0,0,0,0,0,0,0,0,0,0,"",0,"",0
"Subcontracting Receipt Item-item_tax_template","Subcontracting Receipt Item","Link",1,"GST India","Item Tax Template","","item_tax_template","amount",0,"","",0,0,"Item Tax Template",0,"",0,0,"","","","","",0,0,0,0,0,0,0,0,0,"",0,0,1,0,0,0,0,0,0,0,0,0,0,0,"",0,"",0
"Stock Entry Detail-item_tax_template","Stock Entry Detail","Link",1,"GST India","Item Tax Template","","item_tax_template","amount",0,"","",0,0,"Item Tax Template",0,"",0,0,"","","","","",0,0,0,0,0,0,0,0,0,"",0,0,1,0,0,0,0,0,0,0,0,0,0,0,"",0,"",0
"Subcontracting Order Item-item_tax_template","Subcontracting Order Item","Link",1,"GST India","Item Tax Template","","item_tax_template","amount",0,"","",0,0,"Item Tax Template",0,"",0,0,"","","","","",0,0,0,0,0,0,0,0,0,"",0,0,1,0,0,0,0,0,0,0,0,0,0,0,"",0,"",0
"Subcontracting Receipt Item-taxable_value","Subcontracting Receipt Item","Currency",1,"GST India","Taxable Value","","taxable_value","scrap_cost_per_qty",0,"","",0,0,"Company:company:default_currency",0,"",0,0,"","","","","",0,0,0,0,1,0,0,1,0,"",1,0,0,0,0,0,0,0,0,0,0,0,0,0,"",0,"",0
"Stock Entry Detail-taxable_value","Stock Entry Detail","Currency",1,"GST India","Taxable Value","","taxable_value","amount",0,"","",0,0,"Company:company:default_currency",0,"",0,0,"","","","","",0,0,0,0,1,0,0,1,0,"",1,0,0,0,0,0,0,0,0,0,0,0,0,0,"",0,"",0
"Subcontracting Order Item-taxable_value","Subcontracting Order Item","Currency",1,"GST India","Taxable Value","","taxable_value","additional_cost_per_qty",0,"","",0,0,"Company:company:default_currency",0,"",0,0,"","","","","",0,0,0,0,1,0,0,1,0,"",1,0,0,0,0,0,0,0,0,0,0,0,0,0,"",0,"",0
"POS Invoice Item-taxable_value","POS Invoice Item","Currency",1,"GST India","Taxable Value","","taxable_value","base_net_amount",0,"","",0,0,"Company:company:default_currency",0,"",0,0,"","","","","",0,0,0,0,1,0,0,1,0,"",1,0,0,0,0,0,0,0,0,0,0,0,0,0,"",0,"",0
"Sales Invoice Item-taxable_value","Sales Invoice Item","Currency",1,"GST India","Taxable Value","","taxable_value","base_net_amount",0,"","",0,0,"Company:company:default_currency",0,"",0,0,"","","","","",0,0,0,0,1,0,0,1,0,"",1,0,0,0,0,0,0,0,0,0,0,0,0,0,"",0,"",0
"Delivery Note Item-taxable_value","Delivery Note Item","Currency",1,"GST India","Taxable Value","","taxable_value","base_net_amount",0,"","",0,0,"Company:company:default_currency",0,"",0,0,"","","","","",0,0,0,0,1,0,0,1,0,"",1,0,0,0,0,0,0,0,0,0,0,0,0,0,"",0,"",0
"Sales Order Item-taxable_value","Sales Order Item","Currency",1,"GST India","Taxable Value","","taxable_value","base_net_amount",0,"","",0,0,"Company:company:default_currency",0,"",0,0,"","","","","",0,0,0,0,1,0,0,1,0,"",1,0,0,0,0,0,0,0,0,0,0,0,0,0,"",0,"",0
"Quotation Item-taxable_value","Quotation Item","Currency",1,"GST India","Taxable Value","","taxable_value","base_net_amount",0,"","",0,0,"Company:company:default_currency",0,"",0,0,"","","","","",0,0,0,0,1,0,0,1,0,"",1,0,0,0,0,0,0,0,0,0,0,0,0,0,"",0,"",0
"Purchase Invoice Item-taxable_value","Purchase Invoice Item","Currency",1,"GST India","Taxable Value","","taxable_value","base_net_amount",0,"","",0,0,"Company:company:default_currency",0,"",0,0,"","","","","",0,0,0,0,1,0,0,1,0,"",1,0,0,0,0,0,0,0,0,0,0,0,0,0,"",0,"",0
"Purchase Receipt Item-taxable_value","Purchase Receipt Item","Currency",1,"GST India","Taxable Value","","taxable_value","base_net_amount",0,"","",0,0,"Company:company:default_currency",0,"",0,0,"","","","","",0,0,0,0,1,0,0,1,0,"",1,0,0,0,0,0,0,0,0,0,0,0,0,0,"",0,"",0
"Purchase Order Item-taxable_value","Purchase Order Item","Currency",1,"GST India","Taxable Value","","taxable_value","base_net_amount",0,"","",0,0,"Company:company:default_currency",0,"",0,0,"","","","","",0,0,0,0,1,0,0,1,0,"",1,0,0,0,0,0,0,0,0,0,0,0,0,0,"",0,"",0
"Supplier Quotation Item-taxable_value","Supplier Quotation Item","Currency",1,"GST India","Taxable Value","","taxable_value","base_net_amount",0,"","",0,0,"Company:company:default_currency",0,"",0,0,"","","","","",0,0,0,0,1,0,0,1,0,"",1,0,0,0,0,0,0,0,0,0,0,0,0,0,"",0,"",0
"Material Request Item-gst_hsn_code","Material Request Item","Data",1,"GST India","HSN/SAC","","gst_hsn_code","description",0,"","",0,0,"",0,"item_code.gst_hsn_code",1,0,"","","","","",0,0,0,0,0,0,0,1,0,"",0,1,0,0,0,0,0,0,0,0,0,0,0,0,"",0,"",0
"GL Entry-company_gstin","GL Entry","Autocomplete",1,"GST India","Company GSTIN","","company_gstin","company",0,"","",0,0,"",0,"",0,0,"","","","","",0,0,0,0,0,0,0,0,0,"",0,0,0,0,0,0,0,0,0,0,0,0,0,0,"",0,"",0
"Journal Entry-company_gstin","Journal Entry","Autocomplete",1,"GST India","Company GSTIN","","company_gstin","company",0,"","",0,0,"",0,"",0,0,"","","","","",0,0,0,0,0,0,0,0,0,"",0,0,0,0,0,0,0,0,0,0,0,0,0,0,"",0,"",0
"Sales Invoice-shipping_bill_date","Sales Invoice","Date",1,"GST India","Shipping Bill Date","","shipping_bill_date","shipping_bill_number",0,"","",0,0,"",0,"",0,0,"","","eval:doc.gst_category == 'Overseas' && doc.place_of_supply == '96-Other Countries'","","",0,0,0,0,0,0,0,1,0,"",0,0,0,0,0,0,0,0,0,0,0,0,0,0,"",0,"",0
"Sales Invoice-shipping_bill_number","Sales Invoice","Data",1,"GST India"," Shipping Bill Number","","shipping_bill_number","port_code",50,"","",0,0,"",0,"",0,0,"","","eval:doc.gst_category == 'Overseas' && doc.place_of_supply == '96-Other Countries'","","",0,0,0,0,0,0,0,1,0,"",0,0,0,0,0,0,0,0,0,0,0,0,0,0,"",0,"",0
"Sales Invoice-port_code","Sales Invoice","Autocomplete",1,"GST India","Port Code","","port_code","gst_col_break",15,"","",0,0,"[
 {
  ""label"": ""INABG1 - Alibag"",
  ""value"": ""INABG1""
 },
 {
  ""label"": ""INACH1 - Achra"",
  ""value"": ""INACH1""
 },
 {
  ""label"": ""INADA6 - Ahmedabad Adalaj"",
  ""value"": ""INADA6""
 },
 {
  ""label"": ""INADI1 - Androth Island"",
  ""value"": ""INADI1""
 },
 {
  ""label"": ""INAGI1 - Agatti Island"",
  ""value"": ""INAGI1""
 },
 {
  ""label"": ""INAGR4 - Agra"",
  ""value"": ""INAGR4""
 },
 {
  ""label"": ""INAGR5 - FPO AGRA"",
  ""value"": ""INAGR5""
 },
 {
  ""label"": ""INAGR6 - Agra"",
  ""value"": ""INAGR6""
 },
 {
  ""label"": ""INAGTB - Agartala"",
  ""value"": ""INAGTB""
 },
 {
  ""label"": ""INAGX4 - Agatti Island"",
  ""value"": ""INAGX4""
 },
 {
  ""label"": ""INAHD6 - ICD SANAND"",
  ""value"": ""INAHD6""
 },
 {
  ""label"": ""INAIG6 - GE PVT. LTD."",
  ""value"": ""INAIG6""
 },
 {
  ""label"": ""INAII6 - M/S IGATE GS LTD."",
  ""value"": ""INAII6""
 },
 {
  ""label"": ""INAIK6 - IBRAHIMPURICD KHURJA"",
  ""value"": ""INAIK6""
 },
 {
  ""label"": ""INAIR6 - SP PVT. LTD."",
  ""value"": ""INAIR6""
 },
 {
  ""label"": ""INAJE6 - WLSPUN ANJAR SEZ"",
  ""value"": ""INAJE6""
 },
 {
  ""label"": ""INAJJ6 - Arakkonam Melpakkam"",
  ""value"": ""INAJJ6""
 },
 {
  ""label"": ""INAJL4 - Aizawl"",
  ""value"": ""INAJL4""
 },
 {
  ""label"": ""INAJM6 - MUNDRA PORT SEZ"",
  ""value"": ""INAJM6""
 },
 {
  ""label"": ""INAKB6 - BIACPL SEZ"",
  ""value"": ""INAKB6""
 },
 {
  ""label"": ""INAKD4 - Akola"",
  ""value"": ""INAKD4""
 },
 {
  ""label"": ""INAKP6 - APIICL SEZ"",
  ""value"": ""INAKP6""
 },
 {
  ""label"": ""INAKR6 - RPCIPL SEZ"",
  ""value"": ""INAKR6""
 },
 {
  ""label"": ""INAKV6 - Ankleshwar ICD"",
  ""value"": ""INAKV6""
 },
 {
  ""label"": ""INALA1 - ALANG SBY"",
  ""value"": ""INALA1""
 },
 {
  ""label"": ""INALF1 - Allepey"",
  ""value"": ""INALF1""
 },
 {
  ""label"": ""INAMD4 - Ahmedabad"",
  ""value"": ""INAMD4""
 },
 {
  ""label"": ""INAMD5 - Ahmedabad"",
  ""value"": ""INAMD5""
 },
 {
  ""label"": ""INAMD6 - Ahmedabad"",
  ""value"": ""INAMD6""
 },
 {
  ""label"": ""INAMG6 - Amingaon (Gauhati)"",
  ""value"": ""INAMG6""
 },
 {
  ""label"": ""INAMI1 - Amini Island"",
  ""value"": ""INAMI1""
 },
 {
  ""label"": ""INAMK6 - KSITIL/SEZ/ALAPPUZHA"",
  ""value"": ""INAMK6""
 },
 {
  ""label"": ""INANG1 - Anijengo"",
  ""value"": ""INANG1""
 },
 {
  ""label"": ""INANL1 - Arnala"",
  ""value"": ""INANL1""
 },
 {
  ""label"": ""INAPI6 - AAP-SEZ AHMEDABAD"",
  ""value"": ""INAPI6""
 },
 {
  ""label"": ""INAPL6 - Dadri ACPL CFS"",
  ""value"": ""INAPL6""
 },
 {
  ""label"": ""INAPT6 - Anaparti"",
  ""value"": ""INAPT6""
 },
 {
  ""label"": ""INARR6 - Aroor"",
  ""value"": ""INARR6""
 },
 {
  ""label"": ""INASR2 - Amritsar Railway Stn"",
  ""value"": ""INASR2""
 },
 {
  ""label"": ""INASR6 - Amritsar"",
  ""value"": ""INASR6""
 },
 {
  ""label"": ""INATQ4 - Amritsar"",
  ""value"": ""INATQ4""
 },
 {
  ""label"": ""INATQ6 - Amritsar"",
  ""value"": ""INATQ6""
 },
 {
  ""label"": ""INATRB - Attari Road"",
  ""value"": ""INATRB""
 },
 {
  ""label"": ""INATT2 - Attari Railway Stat"",
  ""value"": ""INATT2""
 },
 {
  ""label"": ""INAWM6 - SEZ, SHENDRA"",
  ""value"": ""INAWM6""
 },
 {
  ""label"": ""INAWS6 - SOMANI SEZ BHIWADI"",
  ""value"": ""INAWS6""
 },
 {
  ""label"": ""INAWW6 - WIDL AEZ, AURANGABAD"",
  ""value"": ""INAWW6""
 },
 {
  ""label"": ""INAZK1 - Azhikkal"",
  ""value"": ""INAZK1""
 },
 {
  ""label"": ""INBAG6 - GEM&JEWEL-SEZ/ULWE"",
  ""value"": ""INBAG6""
 },
 {
  ""label"": ""INBAI6 - IT/ITES-B-SEZ/ULWE"",
  ""value"": ""INBAI6""
 },
 {
  ""label"": ""INBAM6 - MULTISERVCE-SEZ/ULWE"",
  ""value"": ""INBAM6""
 },
 {
  ""label"": ""INBAP6 - MULTISERVICEDRONAGIR"",
  ""value"": ""INBAP6""
 },
 {
  ""label"": ""INBAT6 - IT/ITES-C SEZ/UIWE"",
  ""value"": ""INBAT6""
 },
 {
  ""label"": ""INBAU6 - IT/ITES-A-SEZ/ULWE"",
  ""value"": ""INBAU6""
 },
 {
  ""label"": ""INBAW6 - ICD BAWAL"",
  ""value"": ""INBAW6""
 },
 {
  ""label"": ""INBBI4 - Bhubaneswar"",
  ""value"": ""INBBI4""
 },
 {
  ""label"": ""INBBM6 - Bari Brahamna ICD"",
  ""value"": ""INBBM6""
 },
 {
  ""label"": ""INBBP1 - Bahabal Pur"",
  ""value"": ""INBBP1""
 },
 {
  ""label"": ""INBBS6 - SEZ, OIIDC, BHUBANES"",
  ""value"": ""INBBS6""
 },
 {
  ""label"": ""INBCH6 - HARI SEZ VARANASI"",
  ""value"": ""INBCH6""
 },
 {
  ""label"": ""INBCO6 - EURO MULTIVISION SEZ"",
  ""value"": ""INBCO6""
 },
 {
  ""label"": ""INBCP6 - PRITECH/SEZ/BANGLORE"",
  ""value"": ""INBCP6""
 },
 {
  ""label"": ""INBDB6 - PRECIOUSCARGOCUSTOMS"",
  ""value"": ""INBDB6""
 },
 {
  ""label"": ""INBDG1 - Badagara"",
  ""value"": ""INBDG1""
 },
 {
  ""label"": ""INBDH6 - ICD BADOHI"",
  ""value"": ""INBDH6""
 },
 {
  ""label"": ""INBDI6 - ICD BADDI,"",
  ""value"": ""INBDI6""
 },
 {
  ""label"": ""INBDM6 - ICD, PANCHI, SONIPAT"",
  ""value"": ""INBDM6""
 },
 {
  ""label"": ""INBDQ1 - Vadodara"",
  ""value"": ""INBDQ1""
 },
 {
  ""label"": ""INBDR1 - Baindur"",
  ""value"": ""INBDR1""
 },
 {
  ""label"": ""INBED1 - Bedi"",
  ""value"": ""INBED1""
 },
 {
  ""label"": ""INBEK4 - Bareilly"",
  ""value"": ""INBEK4""
 },
 {
  ""label"": ""INBEP4 - Bellary"",
  ""value"": ""INBEP4""
 },
 {
  ""label"": ""INBET1 - Betul"",
  ""value"": ""INBET1""
 },
 {
  ""label"": ""INBEY1 - Beypore"",
  ""value"": ""INBEY1""
 },
 {
  ""label"": ""INBFR6 - M/S GRFL, ICD, BALLA"",
  ""value"": ""INBFR6""
 },
 {
  ""label"": ""INBGK6 - Bhagat ki Kothi Jodh"",
  ""value"": ""INBGK6""
 },
 {
  ""label"": ""INBGMB - Baghmara"",
  ""value"": ""INBGMB""
 },
 {
  ""label"": ""INBGQ6 - QUEST SEZ BELGAUM"",
  ""value"": ""INBGQ6""
 },
 {
  ""label"": ""INBGUB - Bairgania"",
  ""value"": ""INBGUB""
 },
 {
  ""label"": ""INBGW1 - Bhagwa"",
  ""value"": ""INBGW1""
 },
 {
  ""label"": ""INBHC6 - JUBILANT/SEZ/VILAYAT"",
  ""value"": ""INBHC6""
 },
 {
  ""label"": ""INBHD6 - DAHEZ SEZ"",
  ""value"": ""INBHD6""
 },
 {
  ""label"": ""INBHJ4 - Bhuj"",
  ""value"": ""INBHJ4""
 },
 {
  ""label"": ""INBHL6 - Bhilwara"",
  ""value"": ""INBHL6""
 },
 {
  ""label"": ""INBHM1 - Bheemunipatnam"",
  ""value"": ""INBHM1""
 },
 {
  ""label"": ""INBHO4 - Bhopal"",
  ""value"": ""INBHO4""
 },
 {
  ""label"": ""INBHS6 - STERLING BHARUCH"",
  ""value"": ""INBHS6""
 },
 {
  ""label"": ""INBHU1 - Bhavanagar"",
  ""value"": ""INBHU1""
 },
 {
  ""label"": ""INBHU4 - Bhavanagar"",
  ""value"": ""INBHU4""
 },
 {
  ""label"": ""INBKB4 - Bikaner"",
  ""value"": ""INBKB4""
 },
 {
  ""label"": ""INBKR1 - Belekeri"",
  ""value"": ""INBKR1""
 },
 {
  ""label"": ""INBKT1 - Bankot"",
  ""value"": ""INBKT1""
 },
 {
  ""label"": ""INBLC6 - CESSNA/SEZ/BANGALORE"",
  ""value"": ""INBLC6""
 },
 {
  ""label"": ""INBLE6 - CONCOR ICD BALASORE"",
  ""value"": ""INBLE6""
 },
 {
  ""label"": ""INBLJ6 - Agra"",
  ""value"": ""INBLJ6""
 },
 {
  ""label"": ""INBLK1 - Belekeri"",
  ""value"": ""INBLK1""
 },
 {
  ""label"": ""INBLM1 - Bilimora"",
  ""value"": ""INBLM1""
 },
 {
  ""label"": ""INBLP1 - Belapur"",
  ""value"": ""INBLP1""
 },
 {
  ""label"": ""INBLR4 - Bangalore"",
  ""value"": ""INBLR4""
 },
 {
  ""label"": ""INBLR5 - Bangalore"",
  ""value"": ""INBLR5""
 },
 {
  ""label"": ""INBLR6 - Bangalore"",
  ""value"": ""INBLR6""
 },
 {
  ""label"": ""INBLTB - Balet"",
  ""value"": ""INBLTB""
 },
 {
  ""label"": ""INBLV6 - VTV/SEZ/BANGALORE"",
  ""value"": ""INBLV6""
 },
 {
  ""label"": ""INBMA6 - APIIC PRAKASHAM"",
  ""value"": ""INBMA6""
 },
 {
  ""label"": ""INBMR2 - Barmer Railway Stati"",
  ""value"": ""INBMR2""
 },
 {
  ""label"": ""INBNC6 - KBITS SEZ BANGALORE"",
  ""value"": ""INBNC6""
 },
 {
  ""label"": ""INBND1 - Bandra"",
  ""value"": ""INBND1""
 },
 {
  ""label"": ""INBNG6 - MAHAGAON ICD, THANE"",
  ""value"": ""INBNG6""
 },
 {
  ""label"": ""INBNK6 - KOLKATA IT PARK"",
  ""value"": ""INBNK6""
 },
 {
  ""label"": ""INBNP1 - Bheemunipatnam"",
  ""value"": ""INBNP1""
 },
 {
  ""label"": ""INBNRB - Bhimnagar"",
  ""value"": ""INBNRB""
 },
 {
  ""label"": ""INBNT6 - TCS"",
  ""value"": ""INBNT6""
 },
 {
  ""label"": ""INBNW6 - WIPRO SEZ"",
  ""value"": ""INBNW6""
 },
 {
  ""label"": ""INBNX6 - CANDOR ONE HTSPL,SEZ"",
  ""value"": ""INBNX6""
 },
 {
  ""label"": ""INBNYB - Berhni"",
  ""value"": ""INBNYB""
 },
 {
  ""label"": ""INBOK6 - BORKHEDI ICD NAGPUR"",
  ""value"": ""INBOK6""
 },
 {
  ""label"": ""INBOLB - Bolanganj"",
  ""value"": ""INBOLB""
 },
 {
  ""label"": ""INBOM1 - Mumbai (Ex Bombay)"",
  ""value"": ""INBOM1""
 },
 {
  ""label"": ""INBOM4 - Mumbai (Ex Bombay)"",
  ""value"": ""INBOM4""
 },
 {
  ""label"": ""INBOM5 - Mumbai (Ex Bombay)"",
  ""value"": ""INBOM5""
 },
 {
  ""label"": ""INBOM6 - Mumbai(EPZ/SEZ)"",
  ""value"": ""INBOM6""
 },
 {
  ""label"": ""INBPL5 - BHOPAL FPO"",
  ""value"": ""INBPL5""
 },
 {
  ""label"": ""INBPS5 - APSO MUMBAI"",
  ""value"": ""INBPS5""
 },
 {
  ""label"": ""INBRAB - Barsora"",
  ""value"": ""INBRAB""
 },
 {
  ""label"": ""INBRC6 - Baroda"",
  ""value"": ""INBRC6""
 },
 {
  ""label"": ""INBRH1 - Broach"",
  ""value"": ""INBRH1""
 },
 {
  ""label"": ""INBRI6 - RNBIPL SEZ BIKANER"",
  ""value"": ""INBRI6""
 },
 {
  ""label"": ""INBRL6 - L & T/SEZ/VADODARA"",
  ""value"": ""INBRL6""
 },
 {
  ""label"": ""INBRM1 - Borlai \u00bf Mandla"",
  ""value"": ""INBRM1""
 },
 {
  ""label"": ""INBRS6 - S E & C/SEZ/WAGHODIA"",
  ""value"": ""INBRS6""
 },
 {
  ""label"": ""INBRY1 - Borya"",
  ""value"": ""INBRY1""
 },
 {
  ""label"": ""INBSAB - Banbasa"",
  ""value"": ""INBSAB""
 },
 {
  ""label"": ""INBSB6 - Varanasi"",
  ""value"": ""INBSB6""
 },
 {
  ""label"": ""INBSL6 - Bhusaval ICD"",
  ""value"": ""INBSL6""
 },
 {
  ""label"": ""INBSN1 - Bassein"",
  ""value"": ""INBSN1""
 },
 {
  ""label"": ""INBSR1 - Bulsar"",
  ""value"": ""INBSR1""
 },
 {
  ""label"": ""INBSW6 - AFS KAPASHERA"",
  ""value"": ""INBSW6""
 },
 {
  ""label"": ""INBTK1 - Bhatkal"",
  ""value"": ""INBTK1""
 },
 {
  ""label"": ""INBTMB - Bhithamore(Sursnad)"",
  ""value"": ""INBTMB""
 },
 {
  ""label"": ""INBTR1 - Bitra Island"",
  ""value"": ""INBTR1""
 },
 {
  ""label"": ""INBUD1 - Budge-Budge"",
  ""value"": ""INBUD1""
 },
 {
  ""label"": ""INBUL6 - AN FTWZ BULANDSHAHR"",
  ""value"": ""INBUL6""
 },
 {
  ""label"": ""INBUP4 - Bhatinda"",
  ""value"": ""INBUP4""
 },
 {
  ""label"": ""INBUP6 - Bhatinda"",
  ""value"": ""INBUP6""
 },
 {
  ""label"": ""INBVC6 - CONCR-ICD/BALLABGARH"",
  ""value"": ""INBVC6""
 },
 {
  ""label"": ""INBWD6 - Bhiwadi"",
  ""value"": ""INBWD6""
 },
 {
  ""label"": ""INBWN1 - Bhiwandi"",
  ""value"": ""INBWN1""
 },
 {
  ""label"": ""INBXR6 - DLF LTD., SEZ"",
  ""value"": ""INBXR6""
 },
 {
  ""label"": ""INBYT1 - Beyt"",
  ""value"": ""INBYT1""
 },
 {
  ""label"": ""INCAG6 - TATA STEEL SEZGANJAM"",
  ""value"": ""INCAG6""
 },
 {
  ""label"": ""INCAM1 - Cambay"",
  ""value"": ""INCAM1""
 },
 {
  ""label"": ""INCAP1 - Calingapatam"",
  ""value"": ""INCAP1""
 },
 {
  ""label"": ""INCAR1 - Carijam"",
  ""value"": ""INCAR1""
 },
 {
  ""label"": ""INCAS6 - SAPL SEZ/ GANJAM"",
  ""value"": ""INCAS6""
 },
 {
  ""label"": ""INCBC6 - CHIPL SEZ/ COIMBATOR"",
  ""value"": ""INCBC6""
 },
 {
  ""label"": ""INCBD4 - Car Nicobar"",
  ""value"": ""INCBD4""
 },
 {
  ""label"": ""INCBDB - Changrabandh"",
  ""value"": ""INCBDB""
 },
 {
  ""label"": ""INCBE6 - COIMBATORE"",
  ""value"": ""INCBE6""
 },
 {
  ""label"": ""INCBL1 - Chandbali"",
  ""value"": ""INCBL1""
 },
 {
  ""label"": ""INCBS6 - SE&C COIMBATORE"",
  ""value"": ""INCBS6""
 },
 {
  ""label"": ""INCCH6 - Chinchwad ICD"",
  ""value"": ""INCCH6""
 },
 {
  ""label"": ""INCCI6 - WIPRO SEZ HINJEWADI"",
  ""value"": ""INCCI6""
 },
 {
  ""label"": ""INCCJ1 - Kozhikode (ex Calicu"",
  ""value"": ""INCCJ1""
 },
 {
  ""label"": ""INCCJ4 - Kozhikode (ex Calicu"",
  ""value"": ""INCCJ4""
 },
 {
  ""label"": ""INCCP6 - PEPPL SEZ, CHINCHWAD"",
  ""value"": ""INCCP6""
 },
 {
  ""label"": ""INCCQ6 - M/S QB PARK LTD."",
  ""value"": ""INCCQ6""
 },
 {
  ""label"": ""INCCT6 - KINFRAFP SEZ"",
  ""value"": ""INCCT6""
 },
 {
  ""label"": ""INCCU1 - Calcutta"",
  ""value"": ""INCCU1""
 },
 {
  ""label"": ""INCCU4 - Calcutta"",
  ""value"": ""INCCU4""
 },
 {
  ""label"": ""INCCU5 - Calcutta"",
  ""value"": ""INCCU5""
 },
 {
  ""label"": ""INCCW6 - WIPRO LTD."",
  ""value"": ""INCCW6""
 },
 {
  ""label"": ""INCDC6 - RGT PARK (PHASE-II)"",
  ""value"": ""INCDC6""
 },
 {
  ""label"": ""INCDD6 - RGT PARK (PHASE-I)"",
  ""value"": ""INCDD6""
 },
 {
  ""label"": ""INCDL1 - Cuddalore"",
  ""value"": ""INCDL1""
 },
 {
  ""label"": ""INCDP1 - Coondapur (Ganguly)"",
  ""value"": ""INCDP1""
 },
 {
  ""label"": ""INCDP4 - Cuddapah"",
  ""value"": ""INCDP4""
 },
 {
  ""label"": ""INCDP6 - M/S APIIC LTD SEZ."",
  ""value"": ""INCDP6""
 },
 {
  ""label"": ""INCDQ6 - QUARKCITY/SEZ/MOHALI"",
  ""value"": ""INCDQ6""
 },
 {
  ""label"": ""INCDR6 - SUN PHARMACEUTICALS"",
  ""value"": ""INCDR6""
 },
 {
  ""label"": ""INCEC6 - L&T AE IT SEZ PVT."",
  ""value"": ""INCEC6""
 },
 {
  ""label"": ""INCGA6 - MWCD APARELS CHENGPA"",
  ""value"": ""INCGA6""
 },
 {
  ""label"": ""INCGE6 - ETA TECH. PVT. LTD."",
  ""value"": ""INCGE6""
 },
 {
  ""label"": ""INCGI6 - MWCD SEZ CHENGALPATU"",
  ""value"": ""INCGI6""
 },
 {
  ""label"": ""INCGL6 - MWCD AUTO ANCILARIES"",
  ""value"": ""INCGL6""
 },
 {
  ""label"": ""INCHE6 - Tiruppur-Chettipalay"",
  ""value"": ""INCHE6""
 },
 {
  ""label"": ""INCHJ6 - ICD WARDHA"",
  ""value"": ""INCHJ6""
 },
 {
  ""label"": ""INCHL1 - Colachel"",
  ""value"": ""INCHL1""
 },
 {
  ""label"": ""INCHMB - Chamurchi"",
  ""value"": ""INCHMB""
 },
 {
  ""label"": ""INCHN6 - Vadodara Chhani CFS"",
  ""value"": ""INCHN6""
 },
 {
  ""label"": ""INCHPB - Champai"",
  ""value"": ""INCHPB""
 },
 {
  ""label"": ""INCHR1 - Chapora"",
  ""value"": ""INCHR1""
 },
 {
  ""label"": ""INCJA6 - L&T AE IT SEZ"",
  ""value"": ""INCJA6""
 },
 {
  ""label"": ""INCJB4 - Coimbatore"",
  ""value"": ""INCJB4""
 },
 {
  ""label"": ""INCJB6 - Coimbatore"",
  ""value"": ""INCJB6""
 },
 {
  ""label"": ""INCJC6 - NCTL (ENGG.) SEZ/ KA"",
  ""value"": ""INCJC6""
 },
 {
  ""label"": ""INCJD6 - DLF INFOCITY DEV."",
  ""value"": ""INCJD6""
 },
 {
  ""label"": ""INCJE6 - ECTN KANCHEEPURAM"",
  ""value"": ""INCJE6""
 },
 {
  ""label"": ""INCJF6 - FTIL SRIPERUMBUDUR"",
  ""value"": ""INCJF6""
 },
 {
  ""label"": ""INCJH6 - ICD WARDHA"",
  ""value"": ""INCJH6""
 },
 {
  ""label"": ""INCJI6 - ETL IS LTD."",
  ""value"": ""INCJI6""
 },
 {
  ""label"": ""INCJJ6 - J M FTZ/SEZ/MANNUR"",
  ""value"": ""INCJJ6""
 },
 {
  ""label"": ""INCJN6 - NIPL SEZ SRIPERUMBUD"",
  ""value"": ""INCJN6""
 },
 {
  ""label"": ""INCJO6 - SIPCOT ORAGADAM SRIP"",
  ""value"": ""INCJO6""
 },
 {
  ""label"": ""INCJS6 - SIPCOT SRIPERUMBUDUR"",
  ""value"": ""INCJS6""
 },
 {
  ""label"": ""INCLK6 - KSITIL/SEZ/KOZHIKODE"",
  ""value"": ""INCLK6""
 },
 {
  ""label"": ""INCLU6 - ULCCS/SEZ/KOZHIKODE"",
  ""value"": ""INCLU6""
 },
 {
  ""label"": ""INCLX6 - Chirala"",
  ""value"": ""INCLX6""
 },
 {
  ""label"": ""INCMB1 - Cambay"",
  ""value"": ""INCMB1""
 },
 {
  ""label"": ""INCML6 - KATHUWAS ICD ALWAR"",
  ""value"": ""INCML6""
 },
 {
  ""label"": ""INCNB1 - Car-Nicobar"",
  ""value"": ""INCNB1""
 },
 {
  ""label"": ""INCNC6 - NCT PVT. LTD. SEZ"",
  ""value"": ""INCNC6""
 },
 {
  ""label"": ""INCNN1 - Cannanore"",
  ""value"": ""INCNN1""
 },
 {
  ""label"": ""INCOA6 - KAKINADA SEZ KAKINAD"",
  ""value"": ""INCOA6""
 },
 {
  ""label"": ""INCOH4 - Cooch Behar"",
  ""value"": ""INCOH4""
 },
 {
  ""label"": ""INCOK1 - Cochin"",
  ""value"": ""INCOK1""
 },
 {
  ""label"": ""INCOK4 - Cochin"",
  ""value"": ""INCOK4""
 },
 {
  ""label"": ""INCOK6 - Cochin(EPZ/SEZ)"",
  ""value"": ""INCOK6""
 },
 {
  ""label"": ""INCOL1 - Colochel"",
  ""value"": ""INCOL1""
 },
 {
  ""label"": ""INCOO1 - Coondapur (Ganguly)"",
  ""value"": ""INCOO1""
 },
 {
  ""label"": ""INCOP6 - PARRY SEZ KAKINADA"",
  ""value"": ""INCOP6""
 },
 {
  ""label"": ""INCPC6 - Kanpur Chakeri"",
  ""value"": ""INCPC6""
 },
 {
  ""label"": ""INCPL6 - Dadri CGML"",
  ""value"": ""INCPL6""
 },
 {
  ""label"": ""INCPR6 - ICD CHAWAPAYAL"",
  ""value"": ""INCPR6""
 },
 {
  ""label"": ""INCRL6 - RGA SEZ CHIKKANKANNE"",
  ""value"": ""INCRL6""
 },
 {
  ""label"": ""INCRN1 - Cornwallis"",
  ""value"": ""INCRN1""
 },
 {
  ""label"": ""INCRW6 - WIPRO/SEZ/BANGALORE"",
  ""value"": ""INCRW6""
 },
 {
  ""label"": ""INCRXB - LOKSAN LCS"",
  ""value"": ""INCRXB""
 },
 {
  ""label"": ""INCSP6 - SI PVT. LTD."",
  ""value"": ""INCSP6""
 },
 {
  ""label"": ""INCSV6 - SPVL SEZ COIMBATORE"",
  ""value"": ""INCSV6""
 },
 {
  ""label"": ""INCTI1 - Chetlat Island"",
  ""value"": ""INCTI1""
 },
 {
  ""label"": ""INCUM1 - Cutch Mandvi"",
  ""value"": ""INCUM1""
 },
 {
  ""label"": ""INDAE4 - Daparizo"",
  ""value"": ""INDAE4""
 },
 {
  ""label"": ""INDAH1 - Dahej"",
  ""value"": ""INDAH1""
 },
 {
  ""label"": ""INDAI4 - Darjeeling"",
  ""value"": ""INDAI4""
 },
 {
  ""label"": ""INDAM1 - Daman"",
  ""value"": ""INDAM1""
 },
 {
  ""label"": ""INDAM4 - Daman"",
  ""value"": ""INDAM4""
 },
 {
  ""label"": ""INDAR6 - ARTHA SEZ GR. NOIDA"",
  ""value"": ""INDAR6""
 },
 {
  ""label"": ""INDBD4 - Dhanbad"",
  ""value"": ""INDBD4""
 },
 {
  ""label"": ""INDBS6 - SANTA-SEZ/ViII-MUPPI"",
  ""value"": ""INDBS6""
 },
 {
  ""label"": ""INDDL6 - PSWC ICD DHANDARIKAL"",
  ""value"": ""INDDL6""
 },
 {
  ""label"": ""INDEA6 - AS PVT. LTD."",
  ""value"": ""INDEA6""
 },
 {
  ""label"": ""INDED4 - Dehra Dun"",
  ""value"": ""INDED4""
 },
 {
  ""label"": ""INDEF6 - INFOSYS SEZ DADRI"",
  ""value"": ""INDEF6""
 },
 {
  ""label"": ""INDEG1 - Deogad"",
  ""value"": ""INDEG1""
 },
 {
  ""label"": ""INDEH6 - HCL TECH. LTD. DEV."",
  ""value"": ""INDEH6""
 },
 {
  ""label"": ""INDEI6 - IVR SEZ NOIDA"",
  ""value"": ""INDEI6""
 },
 {
  ""label"": ""INDEJ6 - JUBILANT SEZ NOIDA"",
  ""value"": ""INDEJ6""
 },
 {
  ""label"": ""INDEL4 - Delhi"",
  ""value"": ""INDEL4""
 },
 {
  ""label"": ""INDEL5 - Delhi"",
  ""value"": ""INDEL5""
 },
 {
  ""label"": ""INDEM6 - MOSERBAER/SEZ/NOIDA"",
  ""value"": ""INDEM6""
 },
 {
  ""label"": ""INDEN6 - M/S NIIT TECH. LTD."",
  ""value"": ""INDEN6""
 },
 {
  ""label"": ""INDEP4 - Deparizo"",
  ""value"": ""INDEP4""
 },
 {
  ""label"": ""INDER6 - Dadri"",
  ""value"": ""INDER6""
 },
 {
  ""label"": ""INDES6 - M/S SEAVIEW DEV. LTD"",
  ""value"": ""INDES6""
 },
 {
  ""label"": ""INDET6 - UNITECH HITECH NOIDA"",
  ""value"": ""INDET6""
 },
 {
  ""label"": ""INDEU6 - UNITECHINFRA NOIDA"",
  ""value"": ""INDEU6""
 },
 {
  ""label"": ""INDEW6 - M/S WIPRO LTD."",
  ""value"": ""INDEW6""
 },
 {
  ""label"": ""INDGI6 - GALLANT SEZ NOIDA"",
  ""value"": ""INDGI6""
 },
 {
  ""label"": ""INDGT6 - GOLDEN SEZ NOIDA"",
  ""value"": ""INDGT6""
 },
 {
  ""label"": ""INDHA6 - Indore-Dhannad"",
  ""value"": ""INDHA6""
 },
 {
  ""label"": ""INDHBB - Dhubri Steamerghat"",
  ""value"": ""INDHBB""
 },
 {
  ""label"": ""INDHLB - Dhalaighat"",
  ""value"": ""INDHLB""
 },
 {
  ""label"": ""INDHM4 - Dharamsala"",
  ""value"": ""INDHM4""
 },
 {
  ""label"": ""INDHN1 - Dahanu"",
  ""value"": ""INDHN1""
 },
 {
  ""label"": ""INDHP1 - Dabhol Port"",
  ""value"": ""INDHP1""
 },
 {
  ""label"": ""INDHR1 - Dholera"",
  ""value"": ""INDHR1""
 },
 {
  ""label"": ""INDHU1 - Dahanu"",
  ""value"": ""INDHU1""
 },
 {
  ""label"": ""INDIB4 - Dibrugarh"",
  ""value"": ""INDIB4""
 },
 {
  ""label"": ""INDID6 - SEZ, MIDC, NANDED"",
  ""value"": ""INDID6""
 },
 {
  ""label"": ""INDIG1 - Dighi Port"",
  ""value"": ""INDIG1""
 },
 {
  ""label"": ""INDIG6 - Dighi (Pune)"",
  ""value"": ""INDIG6""
 },
 {
  ""label"": ""INDIT6 - ANSAL IT/SEZ/NOIDA"",
  ""value"": ""INDIT6""
 },
 {
  ""label"": ""INDIU1 - Diu"",
  ""value"": ""INDIU1""
 },
 {
  ""label"": ""INDIU4 - Diu"",
  ""value"": ""INDIU4""
 },
 {
  ""label"": ""INDIV1 - Div"",
  ""value"": ""INDIV1""
 },
 {
  ""label"": ""INDLAB - Dharchula"",
  ""value"": ""INDLAB""
 },
 {
  ""label"": ""INDLH6 - APLLP SEZ BENGALURU"",
  ""value"": ""INDLH6""
 },
 {
  ""label"": ""INDLI2 - Delhi Railway Statio"",
  ""value"": ""INDLI2""
 },
 {
  ""label"": ""INDLOB - BIRPARA LCS"",
  ""value"": ""INDLOB""
 },
 {
  ""label"": ""INDLUB - Dalu"",
  ""value"": ""INDLUB""
 },
 {
  ""label"": ""INDMA1 - DHAMRA"",
  ""value"": ""INDMA1""
 },
 {
  ""label"": ""INDMRB - Demagir"",
  ""value"": ""INDMRB""
 },
 {
  ""label"": ""INDMT1 - Dharamtar"",
  ""value"": ""INDMT1""
 },
 {
  ""label"": ""INDMU4 - Dimapur"",
  ""value"": ""INDMU4""
 },
 {
  ""label"": ""INDPC4 - DPC BKC Mumbai"",
  ""value"": ""INDPC4""
 },
 {
  ""label"": ""INDPR6 - DAPPER"",
  ""value"": ""INDPR6""
 },
 {
  ""label"": ""INDRC6 - RCIPL SEZ NOIDA"",
  ""value"": ""INDRC6""
 },
 {
  ""label"": ""INDRGB - Darranga"",
  ""value"": ""INDRGB""
 },
 {
  ""label"": ""INDRK1 - Dwarka (Rupen)"",
  ""value"": ""INDRK1""
 },
 {
  ""label"": ""INDRL1 - Dabolim"",
  ""value"": ""INDRL1""
 },
 {
  ""label"": ""INDRU6 - Belgaum Desur"",
  ""value"": ""INDRU6""
 },
 {
  ""label"": ""INDSK1 - Dhanu-shkodi"",
  ""value"": ""INDSK1""
 },
 {
  ""label"": ""INDSM6 - SMRTPL SEZ NOIDA"",
  ""value"": ""INDSM6""
 },
 {
  ""label"": ""INDTW1 - Dantiwara"",
  ""value"": ""INDTW1""
 },
 {
  ""label"": ""INDUR6 - ICD Durgapur"",
  ""value"": ""INDUR6""
 },
 {
  ""label"": ""INDWA1 - Dwarka"",
  ""value"": ""INDWA1""
 },
 {
  ""label"": ""INDWKB - Dawki"",
  ""value"": ""INDWKB""
 },
 {
  ""label"": ""INDWN6 - ICD SAMALKHA PANIPAT"",
  ""value"": ""INDWN6""
 },
 {
  ""label"": ""INDWR6 - INFOSYS SEZ HUBLI"",
  ""value"": ""INDWR6""
 },
 {
  ""label"": ""INENR1 - KAMARAJAR PORT LTD"",
  ""value"": ""INENR1""
 },
 {
  ""label"": ""INERP6 - PUTHUVYPEEN SEZ"",
  ""value"": ""INERP6""
 },
 {
  ""label"": ""INERV6 - VALLARPADOM SEZ"",
  ""value"": ""INERV6""
 },
 {
  ""label"": ""INESH1 - Elphinstone Harbour"",
  ""value"": ""INESH1""
 },
 {
  ""label"": ""INFBD6 - ICD Faridabad"",
  ""value"": ""INFBD6""
 },
 {
  ""label"": ""INFBE6 - ESPIRE SEZ FARIDABAD"",
  ""value"": ""INFBE6""
 },
 {
  ""label"": ""INFBM6 - METRO SEZ GURGAON"",
  ""value"": ""INFBM6""
 },
 {
  ""label"": ""INFBP6 - PERPETUAL FARIDABAD"",
  ""value"": ""INFBP6""
 },
 {
  ""label"": ""INFBRB - Fulbari LCS"",
  ""value"": ""INFBRB""
 },
 {
  ""label"": ""INFBS6 - SELECTOSEZ FARIDABAD"",
  ""value"": ""INFBS6""
 },
 {
  ""label"": ""INFCH5 - FPO(SEA) CHENNAI"",
  ""value"": ""INFCH5""
 },
 {
  ""label"": ""INFLT6 - Falta(SEZ)"",
  ""value"": ""INFLT6""
 },
 {
  ""label"": ""INFMA6 - APIICL MEDAK"",
  ""value"": ""INFMA6""
 },
 {
  ""label"": ""INFMH6 - HGSEZL RANGA REDDY"",
  ""value"": ""INFMH6""
 },
 {
  ""label"": ""INFMJ6 - M/S J.T. SEZ, RANGAR"",
  ""value"": ""INFMJ6""
 },
 {
  ""label"": ""INFMS6 - M/S STARGAZE, SEZ"",
  ""value"": ""INFMS6""
 },
 {
  ""label"": ""INGAIB - Gauriphanta"",
  ""value"": ""INGAIB""
 },
 {
  ""label"": ""INGALB - Galgalia"",
  ""value"": ""INGALB""
 },
 {
  ""label"": ""INGAO6 - OPGS POWER GUJARAT"",
  ""value"": ""INGAO6""
 },
 {
  ""label"": ""INGAS6 - ANSAL SEZ GURGAON"",
  ""value"": ""INGAS6""
 },
 {
  ""label"": ""INGAU1 - Gauhati (Panidi)"",
  ""value"": ""INGAU1""
 },
 {
  ""label"": ""INGAU2 - Gauhati (Panidi)"",
  ""value"": ""INGAU2""
 },
 {
  ""label"": ""INGAU4 - Gauhati (Panidi)"",
  ""value"": ""INGAU4""
 },
 {
  ""label"": ""INGAU5 - FPO GUWAHATI"",
  ""value"": ""INGAU5""
 },
 {
  ""label"": ""INGAW2 - Guwahati"",
  ""value"": ""INGAW2""
 },
 {
  ""label"": ""INGAY4 - Gaya"",
  ""value"": ""INGAY4""
 },
 {
  ""label"": ""INGDL6 - DLF CYBERCITY SEZ,"",
  ""value"": ""INGDL6""
 },
 {
  ""label"": ""INGDM6 - MF PARK PVT. LTD."",
  ""value"": ""INGDM6""
 },
 {
  ""label"": ""INGDP6 - FLLPL SEZ THIRUVALUR"",
  ""value"": ""INGDP6""
 },
 {
  ""label"": ""INGED2 - Gede Railway Station"",
  ""value"": ""INGED2""
 },
 {
  ""label"": ""INGGA1 - Gogha"",
  ""value"": ""INGGA1""
 },
 {
  ""label"": ""INGGB6 - SBPL SEZ GURGAON"",
  ""value"": ""INGGB6""
 },
 {
  ""label"": ""INGGC6 - ORIENT SEZ GURGAON"",
  ""value"": ""INGGC6""
 },
 {
  ""label"": ""INGGD6 - DLF LTD."",
  ""value"": ""INGGD6""
 },
 {
  ""label"": ""INGGE6 - AEPL SEZ GURGAON"",
  ""value"": ""INGGE6""
 },
 {
  ""label"": ""INGGF6 - FRESH SEZ GURGAON"",
  ""value"": ""INGGF6""
 },
 {
  ""label"": ""INGGG6 - GHI SEZ GURGAON"",
  ""value"": ""INGGG6""
 },
 {
  ""label"": ""INGGI6 - GIL SEZ, GURGAON"",
  ""value"": ""INGGI6""
 },
 {
  ""label"": ""INGGL6 - LUXOR SEZ GURGAON"",
  ""value"": ""INGGL6""
 },
 {
  ""label"": ""INGGM6 - MIPPL SEZ GURGAON"",
  ""value"": ""INGGM6""
 },
 {
  ""label"": ""INGGN2 - Gurgaon"",
  ""value"": ""INGGN2""
 },
 {
  ""label"": ""INGGO6 - ORIENTCRAFT SEZ GGN"",
  ""value"": ""INGGO6""
 },
 {
  ""label"": ""INGGP6 - SUNWISE SEZ GURGAON"",
  ""value"": ""INGGP6""
 },
 {
  ""label"": ""INGGS6 - SUNCITY SEZ GURGAON"",
  ""value"": ""INGGS6""
 },
 {
  ""label"": ""INGGU6 - URP LTD."",
  ""value"": ""INGGU6""
 },
 {
  ""label"": ""INGGV1 - GANGAVARAM PORT"",
  ""value"": ""INGGV1""
 },
 {
  ""label"": ""INGHA1 - Ghogha"",
  ""value"": ""INGHA1""
 },
 {
  ""label"": ""INGHC6 - ASF INSIGNIA SEZ"",
  ""value"": ""INGHC6""
 },
 {
  ""label"": ""INGHPB - Ghasuapara"",
  ""value"": ""INGHPB""
 },
 {
  ""label"": ""INGHR6 - Garhi Harsaru Gurgao"",
  ""value"": ""INGHR6""
 },
 {
  ""label"": ""INGHWB - Gauhati Steamerghat"",
  ""value"": ""INGHWB""
 },
 {
  ""label"": ""INGID6 - MID PLTD SEZ GURGAON"",
  ""value"": ""INGID6""
 },
 {
  ""label"": ""INGIN6 - Gandhidham"",
  ""value"": ""INGIN6""
 },
 {
  ""label"": ""INGJIB - Gunji"",
  ""value"": ""INGJIB""
 },
 {
  ""label"": ""INGJXB - Ghojadanga"",
  ""value"": ""INGJXB""
 },
 {
  ""label"": ""INGKJ2 - Golakganj Railway St"",
  ""value"": ""INGKJ2""
 },
 {
  ""label"": ""INGKJB - Golakganj LCS"",
  ""value"": ""INGKJB""
 },
 {
  ""label"": ""INGLY6 - APIIC MAHABOOBNAGAR"",
  ""value"": ""INGLY6""
 },
 {
  ""label"": ""INGMI6 - MID PVT LTD."",
  ""value"": ""INGMI6""
 },
 {
  ""label"": ""INGNA6 - APPL, SEZ"",
  ""value"": ""INGNA6""
 },
 {
  ""label"": ""INGNC6 - GIFT SEZ LTD"",
  ""value"": ""INGNC6""
 },
 {
  ""label"": ""INGNG6 - GIDC, SEZ"",
  ""value"": ""INGNG6""
 },
 {
  ""label"": ""INGNL6 - LOMA ITPARK GHANSOLI"",
  ""value"": ""INGNL6""
 },
 {
  ""label"": ""INGNP6 - GPRPL SEZ GURGAON"",
  ""value"": ""INGNP6""
 },
 {
  ""label"": ""INGNR6 - LIPL/MARRIPLEMGUNTUR"",
  ""value"": ""INGNR6""
 },
 {
  ""label"": ""INGNT6 - TCSL, SEZ"",
  ""value"": ""INGNT6""
 },
 {
  ""label"": ""INGOI4 - Goa"",
  ""value"": ""INGOI4""
 },
 {
  ""label"": ""INGOP4 - Gorakhpur"",
  ""value"": ""INGOP4""
 },
 {
  ""label"": ""INGPB6 - PROGRESSIVE GURGAON"",
  ""value"": ""INGPB6""
 },
 {
  ""label"": ""INGPR1 - Gopalpur"",
  ""value"": ""INGPR1""
 },
 {
  ""label"": ""INGRD6 - Mumbai DP-II"",
  ""value"": ""INGRD6""
 },
 {
  ""label"": ""INGRL6 - GPRL SEZ GURGAON"",
  ""value"": ""INGRL6""
 },
 {
  ""label"": ""INGRN6 - RELIANCE SEZ GURGAON"",
  ""value"": ""INGRN6""
 },
 {
  ""label"": ""INGRR6 - Mumbai DP-I"",
  ""value"": ""INGRR6""
 },
 {
  ""label"": ""INGRS6 - RAHEJA SEZ GURGAON"",
  ""value"": ""INGRS6""
 },
 {
  ""label"": ""INGRW6 - APM ICD BHAMBOLIKHED"",
  ""value"": ""INGRW6""
 },
 {
  ""label"": ""INGTGB - Gitaldah road"",
  ""value"": ""INGTGB""
 },
 {
  ""label"": ""INGTI6 - INFOSYS TECH. LTD."",
  ""value"": ""INGTI6""
 },
 {
  ""label"": ""INGTR2 - Guntur"",
  ""value"": ""INGTR2""
 },
 {
  ""label"": ""INGTS6 - SP PVT. LTD."",
  ""value"": ""INGTS6""
 },
 {
  ""label"": ""INGTZB - Getandah"",
  ""value"": ""INGTZB""
 },
 {
  ""label"": ""INGUX4 - Guna"",
  ""value"": ""INGUX4""
 },
 {
  ""label"": ""INGWL4 - Gwalior"",
  ""value"": ""INGWL4""
 },
 {
  ""label"": ""INGWL6 - Malanpuri (Gwalior)"",
  ""value"": ""INGWL6""
 },
 {
  ""label"": ""INGWM4 - VIJAYAWADA AIRPORT"",
  ""value"": ""INGWM4""
 },
 {
  ""label"": ""INHAL1 - Haldia"",
  ""value"": ""INHAL1""
 },
 {
  ""label"": ""INHAN6 - HINDAUN ICD KARAULI"",
  ""value"": ""INHAN6""
 },
 {
  ""label"": ""INHAO6 - OPTOINFRA/SEZ/HASSAN"",
  ""value"": ""INHAO6""
 },
 {
  ""label"": ""INHAS6 - HASSAN ICD"",
  ""value"": ""INHAS6""
 },
 {
  ""label"": ""INHBB6 - SDPL SEZ BENGALURU"",
  ""value"": ""INHBB6""
 },
 {
  ""label"": ""INHBX4 - Hubli"",
  ""value"": ""INHBX4""
 },
 {
  ""label"": ""INHDD6 - SIDCUL ICD PANTNAGAR"",
  ""value"": ""INHDD6""
 },
 {
  ""label"": ""INHEB6 - GOCL SEZ BENGALURU"",
  ""value"": ""INHEB6""
 },
 {
  ""label"": ""INHEI6 - INFOSYS/SEZ/MYSORE"",
  ""value"": ""INHEI6""
 },
 {
  ""label"": ""INHEM6 - MEBP/SEZ/BANGALORE"",
  ""value"": ""INHEM6""
 },
 {
  ""label"": ""INHGLB - Hingalganj"",
  ""value"": ""INHGLB""
 },
 {
  ""label"": ""INHGT1 - Hangarkatta"",
  ""value"": ""INHGT1""
 },
 {
  ""label"": ""INHIR6 - SHB ICD SURAT"",
  ""value"": ""INHIR6""
 },
 {
  ""label"": ""INHJR4 - Khajuraho"",
  ""value"": ""INHJR4""
 },
 {
  ""label"": ""INHLD2 - Haldibari Railway St"",
  ""value"": ""INHLD2""
 },
 {
  ""label"": ""INHLE6 - INFY SEZ BEGURHOBLI"",
  ""value"": ""INHLE6""
 },
 {
  ""label"": ""INHLIB - Hilli"",
  ""value"": ""INHLIB""
 },
 {
  ""label"": ""INHND1 - HEMNAGAR PORT"",
  ""value"": ""INHND1""
 },
 {
  ""label"": ""INHON1 - Honavar"",
  ""value"": ""INHON1""
 },
 {
  ""label"": ""INHPI6 - SANDKHERA ICD KASHIP"",
  ""value"": ""INHPI6""
 },
 {
  ""label"": ""INHRN1 - Harnai"",
  ""value"": ""INHRN1""
 },
 {
  ""label"": ""INHSF6 - KIADBFP SEZ HASSAN"",
  ""value"": ""INHSF6""
 },
 {
  ""label"": ""INHSP6 - KIADBP SEZ HASSAN"",
  ""value"": ""INHSP6""
 },
 {
  ""label"": ""INHSS4 - Hissar"",
  ""value"": ""INHSS4""
 },
 {
  ""label"": ""INHST6 - KIADBT SEZ HASSAN"",
  ""value"": ""INHST6""
 },
 {
  ""label"": ""INHSU6 - ICD HOSUR"",
  ""value"": ""INHSU6""
 },
 {
  ""label"": ""INHTSB - Hatisar"",
  ""value"": ""INHTSB""
 },
 {
  ""label"": ""INHUR6 - M/S RASSI, SEZ"",
  ""value"": ""INHUR6""
 },
 {
  ""label"": ""INHWR1 - Honawar"",
  ""value"": ""INHWR1""
 },
 {
  ""label"": ""INHYB6 - LHT PARK PVT. LTD."",
  ""value"": ""INHYB6""
 },
 {
  ""label"": ""INHYD4 - Hyderabad"",
  ""value"": ""INHYD4""
 },
 {
  ""label"": ""INHYD5 - FPO HYDERABAD"",
  ""value"": ""INHYD5""
 },
 {
  ""label"": ""INHYD6 - Hyderabad"",
  ""value"": ""INHYD6""
 },
 {
  ""label"": ""INHZA1 - HAZIRA, SURAT"",
  ""value"": ""INHZA1""
 },
 {
  ""label"": ""INHZA6 - Hazira SEZ, Surat"",
  ""value"": ""INHZA6""
 },
 {
  ""label"": ""INIDR4 - Indore"",
  ""value"": ""INIDR4""
 },
 {
  ""label"": ""INIDR6 - Indore(EPZ/SEZ)"",
  ""value"": ""INIDR6""
 },
 {
  ""label"": ""INIGU6 - Coimbatore Irugur IC"",
  ""value"": ""INIGU6""
 },
 {
  ""label"": ""INILP6 - Tiruvallur-ILP ICD"",
  ""value"": ""INILP6""
 },
 {
  ""label"": ""INIMF4 - Imphal"",
  ""value"": ""INIMF4""
 },
 {
  ""label"": ""ININB6 - CRYSTAL IT PARK, SEZ"",
  ""value"": ""ININB6""
 },
 {
  ""label"": ""ININD6 - ICD Pithampur"",
  ""value"": ""ININD6""
 },
 {
  ""label"": ""ININI6 - IMPETUS INFOTECH SEZ"",
  ""value"": ""ININI6""
 },
 {
  ""label"": ""ININN6 - INFOSYS SEZ INDORE"",
  ""value"": ""ININN6""
 },
 {
  ""label"": ""ININT6 - TCS SEZ INDORE"",
  ""value"": ""ININT6""
 },
 {
  ""label"": ""INISK4 - Nasik"",
  ""value"": ""INISK4""
 },
 {
  ""label"": ""INISK6 - Nasik"",
  ""value"": ""INISK6""
 },
 {
  ""label"": ""INIXA4 - Agartala"",
  ""value"": ""INIXA4""
 },
 {
  ""label"": ""INIXB4 - Bagdogra"",
  ""value"": ""INIXB4""
 },
 {
  ""label"": ""INIXC4 - Chandigarh"",
  ""value"": ""INIXC4""
 },
 {
  ""label"": ""INIXD4 - Allahabad"",
  ""value"": ""INIXD4""
 },
 {
  ""label"": ""INIXE1 - Mangalore"",
  ""value"": ""INIXE1""
 },
 {
  ""label"": ""INIXE4 - Mangalore"",
  ""value"": ""INIXE4""
 },
 {
  ""label"": ""INIXG4 - Belgaum"",
  ""value"": ""INIXG4""
 },
 {
  ""label"": ""INIXH4 - Kailashahar"",
  ""value"": ""INIXH4""
 },
 {
  ""label"": ""INIXI4 - Lilabari"",
  ""value"": ""INIXI4""
 },
 {
  ""label"": ""INIXJ4 - Jammu"",
  ""value"": ""INIXJ4""
 },
 {
  ""label"": ""INIXK4 - Keshod"",
  ""value"": ""INIXK4""
 },
 {
  ""label"": ""INIXL4 - Leh"",
  ""value"": ""INIXL4""
 },
 {
  ""label"": ""INIXL5 - FPO LEH"",
  ""value"": ""INIXL5""
 },
 {
  ""label"": ""INIXM4 - Madurai"",
  ""value"": ""INIXM4""
 },
 {
  ""label"": ""INIXM6 - MaduraiICD"",
  ""value"": ""INIXM6""
 },
 {
  ""label"": ""INIXN4 - Khowai"",
  ""value"": ""INIXN4""
 },
 {
  ""label"": ""INIXP4 - Pathankot"",
  ""value"": ""INIXP4""
 },
 {
  ""label"": ""INIXQ4 - Kamalpur"",
  ""value"": ""INIXQ4""
 },
 {
  ""label"": ""INIXR4 - Ranchi"",
  ""value"": ""INIXR4""
 },
 {
  ""label"": ""INIXS4 - Silchar"",
  ""value"": ""INIXS4""
 },
 {
  ""label"": ""INIXT4 - Pasighat"",
  ""value"": ""INIXT4""
 },
 {
  ""label"": ""INIXU4 - AURANGABAD"",
  ""value"": ""INIXU4""
 },
 {
  ""label"": ""INIXW4 - Jamshedpur"",
  ""value"": ""INIXW4""
 },
 {
  ""label"": ""INIXW6 - Jamshedpur ICD"",
  ""value"": ""INIXW6""
 },
 {
  ""label"": ""INIXY1 - Kandla"",
  ""value"": ""INIXY1""
 },
 {
  ""label"": ""INIXY4 - Kandla"",
  ""value"": ""INIXY4""
 },
 {
  ""label"": ""INIXY6 - Kandla SEZ"",
  ""value"": ""INIXY6""
 },
 {
  ""label"": ""INIXZ1 - Port Blair"",
  ""value"": ""INIXZ1""
 },
 {
  ""label"": ""INIXZ4 - Port Blair"",
  ""value"": ""INIXZ4""
 },
 {
  ""label"": ""INJAI4 - Jaipur"",
  ""value"": ""INJAI4""
 },
 {
  ""label"": ""INJAI5 - Jaipur"",
  ""value"": ""INJAI5""
 },
 {
  ""label"": ""INJAI6 - Jaipur"",
  ""value"": ""INJAI6""
 },
 {
  ""label"": ""INJAK1 - Jakhau"",
  ""value"": ""INJAK1""
 },
 {
  ""label"": ""INJAL6 - Jalgaon"",
  ""value"": ""INJAL6""
 },
 {
  ""label"": ""INJAYB - Jayanagar"",
  ""value"": ""INJAYB""
 },
 {
  ""label"": ""INJBD1 - Jafrabad"",
  ""value"": ""INJBD1""
 },
 {
  ""label"": ""INJBL6 - E-COMPLEX SEZ/Amreli"",
  ""value"": ""INJBL6""
 },
 {
  ""label"": ""INJBNB - JOGBANI"",
  ""value"": ""INJBNB""
 },
 {
  ""label"": ""INJDA1 - Jodia"",
  ""value"": ""INJDA1""
 },
 {
  ""label"": ""INJDH4 - Jodhpur"",
  ""value"": ""INJDH4""
 },
 {
  ""label"": ""INJDH6 - Jodhpur"",
  ""value"": ""INJDH6""
 },
 {
  ""label"": ""INJGA4 - Jamnagar"",
  ""value"": ""INJGA4""
 },
 {
  ""label"": ""INJGB4 - Jagdalpur"",
  ""value"": ""INJGB4""
 },
 {
  ""label"": ""INJGD1 - Jaigad"",
  ""value"": ""INJGD1""
 },
 {
  ""label"": ""INJGI6 - GENPACT SEZ JAIPUR"",
  ""value"": ""INJGI6""
 },
 {
  ""label"": ""INJHA6 - VEDANTA ALU. LTD."",
  ""value"": ""INJHA6""
 },
 {
  ""label"": ""INJHOB - Jhulaghat (Pithoraga"",
  ""value"": ""INJHOB""
 },
 {
  ""label"": ""INJHV6 - VEDANTASEZJHARSUGUDA"",
  ""value"": ""INJHV6""
 },
 {
  ""label"": ""INJIGB - Jaigaon"",
  ""value"": ""INJIGB""
 },
 {
  ""label"": ""INJJK6 - ICD JSL JAJPUR"",
  ""value"": ""INJJK6""
 },
 {
  ""label"": ""INJKA6 - SACHANA ICD VIRAMGAM"",
  ""value"": ""INJKA6""
 },
 {
  ""label"": ""INJLR4 - Jabalpur"",
  ""value"": ""INJLR4""
 },
 {
  ""label"": ""INJNJ6 - NEWFOUND SEZ THANE"",
  ""value"": ""INJNJ6""
 },
 {
  ""label"": ""INJNR4 - Nashik-Janori ACC"",
  ""value"": ""INJNR4""
 },
 {
  ""label"": ""INJNR6 - Nashik-Janori ICD"",
  ""value"": ""INJNR6""
 },
 {
  ""label"": ""INJPGB - Jalpaiguri"",
  ""value"": ""INJPGB""
 },
 {
  ""label"": ""INJPI6 - RIICO SEZ 1 SITAPUR"",
  ""value"": ""INJPI6""
 },
 {
  ""label"": ""INJPV6 - VATIKA SEZ JAIPUR"",
  ""value"": ""INJPV6""
 },
 {
  ""label"": ""INJPW6 - MWC JAIPUR LTD."",
  ""value"": ""INJPW6""
 },
 {
  ""label"": ""INJRH4 - Jorhat"",
  ""value"": ""INJRH4""
 },
 {
  ""label"": ""INJSA4 - Jaisalmer"",
  ""value"": ""INJSA4""
 },
 {
  ""label"": ""INJSG6 - CONCOR JHARSUGUDA"",
  ""value"": ""INJSG6""
 },
 {
  ""label"": ""INJSM6 - ADANI POWER SEZ"",
  ""value"": ""INJSM6""
 },
 {
  ""label"": ""INJSZ6 - JAIPUR SEZ"",
  ""value"": ""INJSZ6""
 },
 {
  ""label"": ""INJTP1 - Jaitapur"",
  ""value"": ""INJTP1""
 },
 {
  ""label"": ""INJUC6 - Jalandhar"",
  ""value"": ""INJUC6""
 },
 {
  ""label"": ""INJUX6 - Basni Jodhpur ICD"",
  ""value"": ""INJUX6""
 },
 {
  ""label"": ""INJWAB - Jarwa"",
  ""value"": ""INJWAB""
 },
 {
  ""label"": ""INKAK1 - Kakinada"",
  ""value"": ""INKAK1""
 },
 {
  ""label"": ""INKAK6 - Kakinada"",
  ""value"": ""INKAK6""
 },
 {
  ""label"": ""INKAL1 - Kallai"",
  ""value"": ""INKAL1""
 },
 {
  ""label"": ""INKAP6 - Kapadra (Surat)"",
  ""value"": ""INKAP6""
 },
 {
  ""label"": ""INKAR6 - Karur ICD"",
  ""value"": ""INKAR6""
 },
 {
  ""label"": ""INKAT1 - KATTUPALLI PORT"",
  ""value"": ""INKAT1""
 },
 {
  ""label"": ""INKBC6 - ICD HAZIRA"",
  ""value"": ""INKBC6""
 },
 {
  ""label"": ""INKBT1 - Khambhat"",
  ""value"": ""INKBT1""
 },
 {
  ""label"": ""INKCG6 - NSL SEZ PVT. LTD."",
  ""value"": ""INKCG6""
 },
 {
  ""label"": ""INKDD6 - Karedu"",
  ""value"": ""INKDD6""
 },
 {
  ""label"": ""INKDI1 - Kadmat Island"",
  ""value"": ""INKDI1""
 },
 {
  ""label"": ""INKDL6 - KANDLA SEZ"",
  ""value"": ""INKDL6""
 },
 {
  ""label"": ""INKDN1 - Kodinar(Muldwarka)"",
  ""value"": ""INKDN1""
 },
 {
  ""label"": ""INKDP1 - Kondiapetnam"",
  ""value"": ""INKDP1""
 },
 {
  ""label"": ""INKELB - Kel Sahar Subdivisio"",
  ""value"": ""INKELB""
 },
 {
  ""label"": ""INKGG6 - GLOBAL/SEZ/BANGALORE"",
  ""value"": ""INKGG6""
 },
 {
  ""label"": ""INKGJ1 - KARIMGANJ STEAMERGHA"",
  ""value"": ""INKGJ1""
 },
 {
  ""label"": ""INKHD6 - ICD Kheda-Dhar"",
  ""value"": ""INKHD6""
 },
 {
  ""label"": ""INKIW1 - Kelwa"",
  ""value"": ""INKIW1""
 },
 {
  ""label"": ""INKJA6 - APP/SEZ/DODAKANAHALI"",
  ""value"": ""INKJA6""
 },
 {
  ""label"": ""INKJB6 - BAGMAN/SEZ/BANGALORE"",
  ""value"": ""INKJB6""
 },
 {
  ""label"": ""INKJD6 - DIVYA/SEZ/BANGALORE"",
  ""value"": ""INKJD6""
 },
 {
  ""label"": ""INKJG6 - GOPALAN/SEZ/BANGALOR"",
  ""value"": ""INKJG6""
 },
 {
  ""label"": ""INKJH6 - HCL/SEZ/BANGALORE"",
  ""value"": ""INKJH6""
 },
 {
  ""label"": ""INKJIB - PIPRAUN LCS"",
  ""value"": ""INKJIB""
 },
 {
  ""label"": ""INKJM6 - BD SEZ BENGALURU"",
  ""value"": ""INKJM6""
 },
 {
  ""label"": ""INKJR6 - BBREL KUNDALAHALLI"",
  ""value"": ""INKJR6""
 },
 {
  ""label"": ""INKKR1 - Kilakari"",
  ""value"": ""INKKR1""
 },
 {
  ""label"": ""INKKU6 - Kanakpura Jaipur ICD"",
  ""value"": ""INKKU6""
 },
 {
  ""label"": ""INKLB6 - BLUE/SEZ/ERNAKULAM"",
  ""value"": ""INKLB6""
 },
 {
  ""label"": ""INKLC6 - CARB/SEZ/ERNAKULAM"",
  ""value"": ""INKLC6""
 },
 {
  ""label"": ""INKLG6 - SGS/SEZ/ERNAKULAM"",
  ""value"": ""INKLG6""
 },
 {
  ""label"": ""INKLH4 - Kohlapur"",
  ""value"": ""INKLH4""
 },
 {
  ""label"": ""INKLI6 - INFOPARK/SEZ/EKM"",
  ""value"": ""INKLI6""
 },
 {
  ""label"": ""INKLK6 - KINFRA KANAYANNOOR"",
  ""value"": ""INKLK6""
 },
 {
  ""label"": ""INKLM6 - MULTISERVCEKALAMBOLI"",
  ""value"": ""INKLM6""
 },
 {
  ""label"": ""INKLN6 - IT/ITES/SEZ/KALAMBOL"",
  ""value"": ""INKLN6""
 },
 {
  ""label"": ""INKLS6 - SMART CITY SEZ KOCHI"",
  ""value"": ""INKLS6""
 },
 {
  ""label"": ""INKLY1 - Kalyan"",
  ""value"": ""INKLY1""
 },
 {
  ""label"": ""INKMAB - KULKULI LCS"",
  ""value"": ""INKMAB""
 },
 {
  ""label"": ""INKMB1 - Kumbharu"",
  ""value"": ""INKMB1""
 },
 {
  ""label"": ""INKMI6 - INFO SEZ ERNAKULAM"",
  ""value"": ""INKMI6""
 },
 {
  ""label"": ""INKML6 - DEIPL KURUBARAPALLI"",
  ""value"": ""INKML6""
 },
 {
  ""label"": ""INKND1 - Kankudy"",
  ""value"": ""INKND1""
 },
 {
  ""label"": ""INKNK6 - INFOPARK SEZ KORATTY"",
  ""value"": ""INKNK6""
 },
 {
  ""label"": ""INKNLB - Kunauli"",
  ""value"": ""INKNLB""
 },
 {
  ""label"": ""INKNU4 - Kanpur"",
  ""value"": ""INKNU4""
 },
 {
  ""label"": ""INKNU5 - FPO KANPUR"",
  ""value"": ""INKNU5""
 },
 {
  ""label"": ""INKNU6 - Kanpur"",
  ""value"": ""INKNU6""
 },
 {
  ""label"": ""INKOC5 - Kochi"",
  ""value"": ""INKOC5""
 },
 {
  ""label"": ""INKOD1 - Kodinar"",
  ""value"": ""INKOD1""
 },
 {
  ""label"": ""INKOI1 - Koilthottum"",
  ""value"": ""INKOI1""
 },
 {
  ""label"": ""INKOK1 - Koka"",
  ""value"": ""INKOK1""
 },
 {
  ""label"": ""INKON1 - Konarak"",
  ""value"": ""INKON1""
 },
 {
  ""label"": ""INKPK6 - CONCOR ICD MIHAN"",
  ""value"": ""INKPK6""
 },
 {
  ""label"": ""INKRI1 - Krishnapatnam"",
  ""value"": ""INKRI1""
 },
 {
  ""label"": ""INKRK1 - Karaikal"",
  ""value"": ""INKRK1""
 },
 {
  ""label"": ""INKRM6 - MADC LTD."",
  ""value"": ""INKRM6""
 },
 {
  ""label"": ""INKRN1 - Karanja"",
  ""value"": ""INKRN1""
 },
 {
  ""label"": ""INKRP1 - Kiranpani"",
  ""value"": ""INKRP1""
 },
 {
  ""label"": ""INKRW1 - Karwar"",
  ""value"": ""INKRW1""
 },
 {
  ""label"": ""INKSG1 - Kasargod"",
  ""value"": ""INKSG1""
 },
 {
  ""label"": ""INKSH1 - Kelshi"",
  ""value"": ""INKSH1""
 },
 {
  ""label"": ""INKSP1 - Kulasekarapatnam"",
  ""value"": ""INKSP1""
 },
 {
  ""label"": ""INKTD1 - Kotda"",
  ""value"": ""INKTD1""
 },
 {
  ""label"": ""INKTGB - Katarniyaghat"",
  ""value"": ""INKTGB""
 },
 {
  ""label"": ""INKTI1 - Kiltan Island"",
  ""value"": ""INKTI1""
 },
 {
  ""label"": ""INKTRB - Kathihar"",
  ""value"": ""INKTRB""
 },
 {
  ""label"": ""INKTT6 - Kota"",
  ""value"": ""INKTT6""
 },
 {
  ""label"": ""INKTU4 - Kota"",
  ""value"": ""INKTU4""
 },
 {
  ""label"": ""INKTU6 - Kota"",
  ""value"": ""INKTU6""
 },
 {
  ""label"": ""INKTW1 - Koteshwar"",
  ""value"": ""INKTW1""
 },
 {
  ""label"": ""INKTY6 - CHEYYAR POCHAMPALLI"",
  ""value"": ""INKTY6""
 },
 {
  ""label"": ""INKUK1 - KOLLAM PORT"",
  ""value"": ""INKUK1""
 },
 {
  ""label"": ""INKUK6 - KSITIL/SEZ/KOLLAM"",
  ""value"": ""INKUK6""
 },
 {
  ""label"": ""INKUR6 - OIIDC SEZ KHURDA"",
  ""value"": ""INKUR6""
 },
 {
  ""label"": ""INKUU4 - Kulu"",
  ""value"": ""INKUU4""
 },
 {
  ""label"": ""INKVI1 - Kavi"",
  ""value"": ""INKVI1""
 },
 {
  ""label"": ""INKVL1 - Kovalam"",
  ""value"": ""INKVL1""
 },
 {
  ""label"": ""INKVR6 - WFPML SEZ KOVVUR"",
  ""value"": ""INKVR6""
 },
 {
  ""label"": ""INKVT1 - Kavaratti Island"",
  ""value"": ""INKVT1""
 },
 {
  ""label"": ""INKWAB - Khunwa"",
  ""value"": ""INKWAB""
 },
 {
  ""label"": ""INKWGB - Khowaighat"",
  ""value"": ""INKWGB""
 },
 {
  ""label"": ""INKWHB - KAKRAHAWA LCS"",
  ""value"": ""INKWHB""
 },
 {
  ""label"": ""INKXJ2 - Karimganj Railway St"",
  ""value"": ""INKXJ2""
 },
 {
  ""label"": ""INKYM6 - KOTTAYAM"",
  ""value"": ""INKYM6""
 },
 {
  ""label"": ""INKZE6 - E TECH-I/SEZ/THPURAM"",
  ""value"": ""INKZE6""
 },
 {
  ""label"": ""INKZP6 - E PARK-III/SEZ/T'RAM"",
  ""value"": ""INKZP6""
 },
 {
  ""label"": ""INKZT6 - E PARK-II/SEZ/TPURAM"",
  ""value"": ""INKZT6""
 },
 {
  ""label"": ""INLCH6 - HCL IT SEZ LUCKNOW"",
  ""value"": ""INLCH6""
 },
 {
  ""label"": ""INLDA4 - Malda"",
  ""value"": ""INLDA4""
 },
 {
  ""label"": ""INLDH6 - Ludhiana"",
  ""value"": ""INLDH6""
 },
 {
  ""label"": ""INLGLB - Lalgola Town"",
  ""value"": ""INLGLB""
 },
 {
  ""label"": ""INLKO4 - Lucknow"",
  ""value"": ""INLKO4""
 },
 {
  ""label"": ""INLKQB - LAUKAHA LCS"",
  ""value"": ""INLKQB""
 },
 {
  ""label"": ""INLON6 - ICD Loni"",
  ""value"": ""INLON6""
 },
 {
  ""label"": ""INLPB6 - BBLLP NANAKRAMGUDA"",
  ""value"": ""INLPB6""
 },
 {
  ""label"": ""INLPC6 - CMC LTD."",
  ""value"": ""INLPC6""
 },
 {
  ""label"": ""INLPD6 - M/S DLF, SEZ"",
  ""value"": ""INLPD6""
 },
 {
  ""label"": ""INLPG6 - GCPL SEZ KOKAPET"",
  ""value"": ""INLPG6""
 },
 {
  ""label"": ""INLPI6 - M/S SUNDEW, SEZ"",
  ""value"": ""INLPI6""
 },
 {
  ""label"": ""INLPJ6 - RELIANCE SEZ"",
  ""value"": ""INLPJ6""
 },
 {
  ""label"": ""INLPM6 - MDL NANAKRAMGUDA"",
  ""value"": ""INLPM6""
 },
 {
  ""label"": ""INLPR1 - Leapuram"",
  ""value"": ""INLPR1""
 },
 {
  ""label"": ""INLPS6 - D NSL IP LTD."",
  ""value"": ""INLPS6""
 },
 {
  ""label"": ""INLPW6 - WIPRO LTD. HYDERABAD"",
  ""value"": ""INLPW6""
 },
 {
  ""label"": ""INLTBB - Latu Bazar"",
  ""value"": ""INLTBB""
 },
 {
  ""label"": ""INLUD6 - LUDHIANA"",
  ""value"": ""INLUD6""
 },
 {
  ""label"": ""INLUH4 - Ludhiana"",
  ""value"": ""INLUH4""
 },
 {
  ""label"": ""INLUH5 - FPO LUDHIANA"",
  ""value"": ""INLUH5""
 },
 {
  ""label"": ""INLUH6 - Ludhiana"",
  ""value"": ""INLUH6""
 },
 {
  ""label"": ""INLWG6 - WIPRO LTD."",
  ""value"": ""INLWG6""
 },
 {
  ""label"": ""INMAA1 - Chennai (Ex Madras)"",
  ""value"": ""INMAA1""
 },
 {
  ""label"": ""INMAA4 - Chennai (Ex Madras)"",
  ""value"": ""INMAA4""
 },
 {
  ""label"": ""INMAA5 - Chennai (Ex Madras)"",
  ""value"": ""INMAA5""
 },
 {
  ""label"": ""INMAA6 - Chennai(EPZ/SEZ)"",
  ""value"": ""INMAA6""
 },
 {
  ""label"": ""INMAB6 - BRIGADE/SEZ/KANNADA"",
  ""value"": ""INMAB6""
 },
 {
  ""label"": ""INMAE6 - EC OF TAMIL NADU"",
  ""value"": ""INMAE6""
 },
 {
  ""label"": ""INMAH1 - Mahe"",
  ""value"": ""INMAH1""
 },
 {
  ""label"": ""INMAI6 - INFOSYS/SEZ/MANGALOR"",
  ""value"": ""INMAI6""
 },
 {
  ""label"": ""INMAL1 - Malpe"",
  ""value"": ""INMAL1""
 },
 {
  ""label"": ""INMAP1 - Masulipatnam"",
  ""value"": ""INMAP1""
 },
 {
  ""label"": ""INMAQ6 - MANGALORE SEZ"",
  ""value"": ""INMAQ6""
 },
 {
  ""label"": ""INMAS6 - TRIL INFOPARK LTD."",
  ""value"": ""INMAS6""
 },
 {
  ""label"": ""INMBC6 - Moradabad(EPZ/SEZ)"",
  ""value"": ""INMBC6""
 },
 {
  ""label"": ""INMBD6 - Pakwara (Moradabad)"",
  ""value"": ""INMBD6""
 },
 {
  ""label"": ""INMBS6 - Madhosingh ICD"",
  ""value"": ""INMBS6""
 },
 {
  ""label"": ""INMCI1 - Minicoi I"",
  ""value"": ""INMCI1""
 },
 {
  ""label"": ""INMDA1 - Magdalla"",
  ""value"": ""INMDA1""
 },
 {
  ""label"": ""INMDD6 - Mandideep ICD"",
  ""value"": ""INMDD6""
 },
 {
  ""label"": ""INMDE6 - APIIC SEZ MEDAK"",
  ""value"": ""INMDE6""
 },
 {
  ""label"": ""INMDG6 - Margao"",
  ""value"": ""INMDG6""
 },
 {
  ""label"": ""INMDK1 - Muldwarka"",
  ""value"": ""INMDK1""
 },
 {
  ""label"": ""INMDP1 - Mandapam"",
  ""value"": ""INMDP1""
 },
 {
  ""label"": ""INMDU6 - KERN ICD MADURAI"",
  ""value"": ""INMDU6""
 },
 {
  ""label"": ""INMDV1 - Mandvi"",
  ""value"": ""INMDV1""
 },
 {
  ""label"": ""INMDW1 - Meadows"",
  ""value"": ""INMDW1""
 },
 {
  ""label"": ""INMEA6 - APIIC-SEZ/ViII-LALGA"",
  ""value"": ""INMEA6""
 },
 {
  ""label"": ""INMEC6 - EC OF TAMIL NADU"",
  ""value"": ""INMEC6""
 },
 {
  ""label"": ""INMGHB - Mahendraganj"",
  ""value"": ""INMGHB""
 },
 {
  ""label"": ""INMGR1 - Mangrol"",
  ""value"": ""INMGR1""
 },
 {
  ""label"": ""INMHA1 - Mahuva"",
  ""value"": ""INMHA1""
 },
 {
  ""label"": ""INMHDB - Kotawalighat (Mohedi"",
  ""value"": ""INMHDB""
 },
 {
  ""label"": ""INMHE1 - Mahe"",
  ""value"": ""INMHE1""
 },
 {
  ""label"": ""INMHGB - Mahurighat"",
  ""value"": ""INMHGB""
 },
 {
  ""label"": ""INMHN2 - Mahisashan Railway S"",
  ""value"": ""INMHN2""
 },
 {
  ""label"": ""INMKCB - Manikarchar"",
  ""value"": ""INMKCB""
 },
 {
  ""label"": ""INMKD6 - MIKADO SEZ GURGAON"",
  ""value"": ""INMKD6""
 },
 {
  ""label"": ""INMLI1 - Maroli"",
  ""value"": ""INMLI1""
 },
 {
  ""label"": ""INMLP1 - Mallipuram"",
  ""value"": ""INMLP1""
 },
 {
  ""label"": ""INMLW1 - Malwan"",
  ""value"": ""INMLW1""
 },
 {
  ""label"": ""INMNB2 - Munabao Railway Stat"",
  ""value"": ""INMNB2""
 },
 {
  ""label"": ""INMNR1 - Manori"",
  ""value"": ""INMNR1""
 },
 {
  ""label"": ""INMNUB - Manu"",
  ""value"": ""INMNUB""
 },
 {
  ""label"": ""INMNW1 - Mandwa"",
  ""value"": ""INMNW1""
 },
 {
  ""label"": ""INMOH4 - Mohanbari"",
  ""value"": ""INMOH4""
 },
 {
  ""label"": ""INMOR2 - Moradabad"",
  ""value"": ""INMOR2""
 },
 {
  ""label"": ""INMPC1 - TEST"",
  ""value"": ""INMPC1""
 },
 {
  ""label"": ""INMPR6 - Malanpur ICD"",
  ""value"": ""INMPR6""
 },
 {
  ""label"": ""INMQK6 - KIADB/SEZ/MANGALORE"",
  ""value"": ""INMQK6""
 },
 {
  ""label"": ""INMRA1 - Mora"",
  ""value"": ""INMRA1""
 },
 {
  ""label"": ""INMRD1 - Murad"",
  ""value"": ""INMRD1""
 },
 {
  ""label"": ""INMREB - Moreh"",
  ""value"": ""INMREB""
 },
 {
  ""label"": ""INMRG4 - Margao"",
  ""value"": ""INMRG4""
 },
 {
  ""label"": ""INMRJ6 - Miraj"",
  ""value"": ""INMRJ6""
 },
 {
  ""label"": ""INMRM1 - Marmagoa"",
  ""value"": ""INMRM1""
 },
 {
  ""label"": ""INMSR6 - RENAIS/SEZ/BANGALORE"",
  ""value"": ""INMSR6""
 },
 {
  ""label"": ""INMTW1 - Metwad"",
  ""value"": ""INMTW1""
 },
 {
  ""label"": ""INMUC6 - SCPL/SEZ/MULUND"",
  ""value"": ""INMUC6""
 },
 {
  ""label"": ""INMUL6 - Mulund ICD"",
  ""value"": ""INMUL6""
 },
 {
  ""label"": ""INMUN1 - Mundra"",
  ""value"": ""INMUN1""
 },
 {
  ""label"": ""INMUR1 - Murad"",
  ""value"": ""INMUR1""
 },
 {
  ""label"": ""INMUZ6 - MODINAGAR ICD"",
  ""value"": ""INMUZ6""
 },
 {
  ""label"": ""INMWA6 - ICD Maliwada"",
  ""value"": ""INMWA6""
 },
 {
  ""label"": ""INMYB1 - Mayabandar"",
  ""value"": ""INMYB1""
 },
 {
  ""label"": ""INMYL6 - L AND T/SEZ/MYSORE"",
  ""value"": ""INMYL6""
 },
 {
  ""label"": ""INMYO6 - OPTOINFRA/SEZ/MYSORE"",
  ""value"": ""INMYO6""
 },
 {
  ""label"": ""INMYQ4 - Mysore"",
  ""value"": ""INMYQ4""
 },
 {
  ""label"": ""INMZA4 - Muzaffarnagar"",
  ""value"": ""INMZA4""
 },
 {
  ""label"": ""INMZU4 - Muzaffarpur"",
  ""value"": ""INMZU4""
 },
 {
  ""label"": ""INNAG4 - Nagpur"",
  ""value"": ""INNAG4""
 },
 {
  ""label"": ""INNAG6 - Nagpur"",
  ""value"": ""INNAG6""
 },
 {
  ""label"": ""INNAN1 - Nancowrie"",
  ""value"": ""INNAN1""
 },
 {
  ""label"": ""INNAV1 - Navlakhi"",
  ""value"": ""INNAV1""
 },
 {
  ""label"": ""INNDA6 - Noida(EPZ/SEZ)"",
  ""value"": ""INNDA6""
 },
 {
  ""label"": ""INNDC4 - Nanded"",
  ""value"": ""INNDC4""
 },
 {
  ""label"": ""INNDG1 - Nandgaon"",
  ""value"": ""INNDG1""
 },
 {
  ""label"": ""INNDP1 - Tuglakabad"",
  ""value"": ""INNDP1""
 },
 {
  ""label"": ""INNEE1 - Neendakara"",
  ""value"": ""INNEE1""
 },
 {
  ""label"": ""INNEL1 - Nellore"",
  ""value"": ""INNEL1""
 },
 {
  ""label"": ""INNGB6 - BUTIBORI ICD NAGPUR"",
  ""value"": ""INNGB6""
 },
 {
  ""label"": ""INNGKB - NAGARKATA LCS"",
  ""value"": ""INNGKB""
 },
 {
  ""label"": ""INNGO6 - OSE SEZ NOIDA"",
  ""value"": ""INNGO6""
 },
 {
  ""label"": ""INNGP6 - Nagpur"",
  ""value"": ""INNGP6""
 },
 {
  ""label"": ""INNGRB - Nepalgunj Road"",
  ""value"": ""INNGRB""
 },
 {
  ""label"": ""INNGSB - Village Namgaya Ship"",
  ""value"": ""INNGSB""
 },
 {
  ""label"": ""INNKI6 - INDIABULLS NASHIK"",
  ""value"": ""INNKI6""
 },
 {
  ""label"": ""INNKNB - Namkhana"",
  ""value"": ""INNKNB""
 },
 {
  ""label"": ""INNML1 - New Mangalore"",
  ""value"": ""INNML1""
 },
 {
  ""label"": ""INNMTB - Neamati steamer Ghat"",
  ""value"": ""INNMTB""
 },
 {
  ""label"": ""INNNN6 - AMRL SEZ NANGUNERI"",
  ""value"": ""INNNN6""
 },
 {
  ""label"": ""INNPGB - Nampong"",
  ""value"": ""INNPGB""
 },
 {
  ""label"": ""INNPT1 - Nagapattinam"",
  ""value"": ""INNPT1""
 },
 {
  ""label"": ""INNRP6 - AA LTD."",
  ""value"": ""INNRP6""
 },
 {
  ""label"": ""INNSA1 - Jawaharlal Nehru (Nh"",
  ""value"": ""INNSA1""
 },
 {
  ""label"": ""INNSK6 - Nasik"",
  ""value"": ""INNSK6""
 },
 {
  ""label"": ""INNTLB - SHERATHANG LCS"",
  ""value"": ""INNTLB""
 },
 {
  ""label"": ""INNTVB - THOOTHIBARI LCS"",
  ""value"": ""INNTVB""
 },
 {
  ""label"": ""INNUR6 - Kundli"",
  ""value"": ""INNUR6""
 },
 {
  ""label"": ""INNVB1 - Navabunder(with its"",
  ""value"": ""INNVB1""
 },
 {
  ""label"": ""INNVP1 - Navaspur"",
  ""value"": ""INNVP1""
 },
 {
  ""label"": ""INNVT1 - Nivti"",
  ""value"": ""INNVT1""
 },
 {
  ""label"": ""INNVY4 - Neyveli"",
  ""value"": ""INNVY4""
 },
 {
  ""label"": ""INNWP1 - Newapur"",
  ""value"": ""INNWP1""
 },
 {
  ""label"": ""INNYP6 - APIIC LTD."",
  ""value"": ""INNYP6""
 },
 {
  ""label"": ""INOKH1 - Okha"",
  ""value"": ""INOKH1""
 },
 {
  ""label"": ""INOMN4 - Osmanabad"",
  ""value"": ""INOMN4""
 },
 {
  ""label"": ""INOMU1 - Old Mundra Port"",
  ""value"": ""INOMU1""
 },
 {
  ""label"": ""INONJ1 - Onjal"",
  ""value"": ""INONJ1""
 },
 {
  ""label"": ""INPAB4 - Bilaspur"",
  ""value"": ""INPAB4""
 },
 {
  ""label"": ""INPAK6 - KSITIL/SEZ/PAYYANOOR"",
  ""value"": ""INPAK6""
 },
 {
  ""label"": ""INPAN1 - Panaji Port"",
  ""value"": ""INPAN1""
 },
 {
  ""label"": ""INPAO6 - HBS SEZ PANOLI"",
  ""value"": ""INPAO6""
 },
 {
  ""label"": ""INPAP2 - Panipat"",
  ""value"": ""INPAP2""
 },
 {
  ""label"": ""INPAT4 - Patna"",
  ""value"": ""INPAT4""
 },
 {
  ""label"": ""INPAV1 - Pipavav (Victor) Por"",
  ""value"": ""INPAV1""
 },
 {
  ""label"": ""INPAV2 - Pipavav (Victor) Por"",
  ""value"": ""INPAV2""
 },
 {
  ""label"": ""INPBD1 - Porbandar"",
  ""value"": ""INPBD1""
 },
 {
  ""label"": ""INPBD4 - Porbandar"",
  ""value"": ""INPBD4""
 },
 {
  ""label"": ""INPBLB - KAMARDWISA LCS"",
  ""value"": ""INPBLB""
 },
 {
  ""label"": ""INPDD1 - Padubidri Minor Port"",
  ""value"": ""INPDD1""
 },
 {
  ""label"": ""INPEK6 - EKIPL/SEZ/PUNE"",
  ""value"": ""INPEK6""
 },
 {
  ""label"": ""INPGH4 - Pantnagar"",
  ""value"": ""INPGH4""
 },
 {
  ""label"": ""INPHBB - Phulbari"",
  ""value"": ""INPHBB""
 },
 {
  ""label"": ""INPID1 - Port Indai"",
  ""value"": ""INPID1""
 },
 {
  ""label"": ""INPIN1 - Pindhara"",
  ""value"": ""INPIN1""
 },
 {
  ""label"": ""INPIT6 - ITL/SEZ/PUNE"",
  ""value"": ""INPIT6""
 },
 {
  ""label"": ""INPKD6 - IGEL SEZ SETTIPALI"",
  ""value"": ""INPKD6""
 },
 {
  ""label"": ""INPKR6 - ICD PALI, REWARI"",
  ""value"": ""INPKR6""
 },
 {
  ""label"": ""INPMB1 - Pamban"",
  ""value"": ""INPMB1""
 },
 {
  ""label"": ""INPMP6 - Pimpri"",
  ""value"": ""INPMP6""
 },
 {
  ""label"": ""INPMT6 - MTDCCL/SEZ/PUNE"",
  ""value"": ""INPMT6""
 },
 {
  ""label"": ""INPNB6 - BTSL SEZ PUNE"",
  ""value"": ""INPNB6""
 },
 {
  ""label"": ""INPNE6 - NT PVT. LTD."",
  ""value"": ""INPNE6""
 },
 {
  ""label"": ""INPNF5 - PATNA FPO"",
  ""value"": ""INPNF5""
 },
 {
  ""label"": ""INPNI6 - MITTAL SEZ PANIPAT"",
  ""value"": ""INPNI6""
 },
 {
  ""label"": ""INPNJ1 - Panjim"",
  ""value"": ""INPNJ1""
 },
 {
  ""label"": ""INPNK6 - KLPPL PANKI"",
  ""value"": ""INPNK6""
 },
 {
  ""label"": ""INPNL6 - PERSIPINA SEZ RAIGAD"",
  ""value"": ""INPNL6""
 },
 {
  ""label"": ""INPNM1 - Panambur"",
  ""value"": ""INPNM1""
 },
 {
  ""label"": ""INPNN1 - Ponnani"",
  ""value"": ""INPNN1""
 },
 {
  ""label"": ""INPNP6 - Babarpur"",
  ""value"": ""INPNP6""
 },
 {
  ""label"": ""INPNQ2 - Pune"",
  ""value"": ""INPNQ2""
 },
 {
  ""label"": ""INPNQ4 - Pune"",
  ""value"": ""INPNQ4""
 },
 {
  ""label"": ""INPNQ6 - SERUM BIO/SEZ/PUNE"",
  ""value"": ""INPNQ6""
 },
 {
  ""label"": ""INPNTB - Panitanki(Naxalbari)"",
  ""value"": ""INPNTB""
 },
 {
  ""label"": ""INPNU6 - TMSF PVT. LTD."",
  ""value"": ""INPNU6""
 },
 {
  ""label"": ""INPNV6 - ICD Panvel"",
  ""value"": ""INPNV6""
 },
 {
  ""label"": ""INPNY1 - Pondicherry"",
  ""value"": ""INPNY1""
 },
 {
  ""label"": ""INPNY4 - Pondicherry"",
  ""value"": ""INPNY4""
 },
 {
  ""label"": ""INPNY6 - ICD PULICHAPALLAM"",
  ""value"": ""INPNY6""
 },
 {
  ""label"": ""INPPG6 - Patparganj ICD,DELHI"",
  ""value"": ""INPPG6""
 },
 {
  ""label"": ""INPPJ1 - Pellet Plant Jetty a"",
  ""value"": ""INPPJ1""
 },
 {
  ""label"": ""INPRD6 - PREPL SEZ PERUNGUDI"",
  ""value"": ""INPRD6""
 },
 {
  ""label"": ""INPRG1 - Purangad"",
  ""value"": ""INPRG1""
 },
 {
  ""label"": ""INPRK6 - ICD POWARKHEDA"",
  ""value"": ""INPRK6""
 },
 {
  ""label"": ""INPRT1 - Paradeep"",
  ""value"": ""INPRT1""
 },
 {
  ""label"": ""INPSH1 - Palshet"",
  ""value"": ""INPSH1""
 },
 {
  ""label"": ""INPSI6 - SIPL/SEZ/PUNE"",
  ""value"": ""INPSI6""
 },
 {
  ""label"": ""INPSN6 - PERFECT SEZ NOIDA"",
  ""value"": ""INPSN6""
 },
 {
  ""label"": ""INPSP6 - NSPL SEZ HINJEWADI"",
  ""value"": ""INPSP6""
 },
 {
  ""label"": ""INPTL6 - Patli ICD"",
  ""value"": ""INPTL6""
 },
 {
  ""label"": ""INPTN1 - Portonovo"",
  ""value"": ""INPTN1""
 },
 {
  ""label"": ""INPTPB - Petrapole LCS"",
  ""value"": ""INPTPB""
 },
 {
  ""label"": ""INPUA6 - AIGP SEZ WAGHOLI"",
  ""value"": ""INPUA6""
 },
 {
  ""label"": ""INPUE6 - EON KHARADI SEZ"",
  ""value"": ""INPUE6""
 },
 {
  ""label"": ""INPUI6 - KIPPLGDPLSEZ KHARADI"",
  ""value"": ""INPUI6""
 },
 {
  ""label"": ""INPUL1 - Pulicat"",
  ""value"": ""INPUL1""
 },
 {
  ""label"": ""INPUM6 - MIDC PUNE"",
  ""value"": ""INPUM6""
 },
 {
  ""label"": ""INPUN6 - M/S KBTV PVT., PUNE"",
  ""value"": ""INPUN6""
 },
 {
  ""label"": ""INPUR1 - Puri"",
  ""value"": ""INPUR1""
 },
 {
  ""label"": ""INPUT4 - Puttaparthi"",
  ""value"": ""INPUT4""
 },
 {
  ""label"": ""INPVL6 - Panvel ICD"",
  ""value"": ""INPVL6""
 },
 {
  ""label"": ""INPVS6 - SNPIP SEZ TAMBARAM"",
  ""value"": ""INPVS6""
 },
 {
  ""label"": ""INPWL6 - PALWAL ICD"",
  ""value"": ""INPWL6""
 },
 {
  ""label"": ""INPYB4 - Jeypore"",
  ""value"": ""INPYB4""
 },
 {
  ""label"": ""INPYS6 - SIPCOT SEZ ERODE"",
  ""value"": ""INPYS6""
 },
 {
  ""label"": ""INQRH6 - HTPL ICD KILARAIPUR"",
  ""value"": ""INQRH6""
 },
 {
  ""label"": ""INQRP6 - ADANI ICD KILARAIPUR"",
  ""value"": ""INQRP6""
 },
 {
  ""label"": ""INQUI1 - Quilon"",
  ""value"": ""INQUI1""
 },
 {
  ""label"": ""INRAI6 - Raipur"",
  ""value"": ""INRAI6""
 },
 {
  ""label"": ""INRAJ4 - Rajkot"",
  ""value"": ""INRAJ4""
 },
 {
  ""label"": ""INRAJ6 - Rajkot"",
  ""value"": ""INRAJ6""
 },
 {
  ""label"": ""INRAM1 - Rameshwaram"",
  ""value"": ""INRAM1""
 },
 {
  ""label"": ""INRDP2 - Radhikapur Railway S"",
  ""value"": ""INRDP2""
 },
 {
  ""label"": ""INREA6 - Rewari"",
  ""value"": ""INREA6""
 },
 {
  ""label"": ""INRED1 - Redi"",
  ""value"": ""INRED1""
 },
 {
  ""label"": ""INREW4 - Rewa"",
  ""value"": ""INREW4""
 },
 {
  ""label"": ""INRGBB - Old Raghna Bazar"",
  ""value"": ""INRGBB""
 },
 {
  ""label"": ""INRGH4 - Balurghat"",
  ""value"": ""INRGH4""
 },
 {
  ""label"": ""INRGJ2 - RAIGANJ LCS RLY"",
  ""value"": ""INRGJ2""
 },
 {
  ""label"": ""INRGT1 - Ranghat Bay"",
  ""value"": ""INRGT1""
 },
 {
  ""label"": ""INRGUB - Ryngku"",
  ""value"": ""INRGUB""
 },
 {
  ""label"": ""INRJA4 - Rajahmundry"",
  ""value"": ""INRJA4""
 },
 {
  ""label"": ""INRJI4 - Rajouri"",
  ""value"": ""INRJI4""
 },
 {
  ""label"": ""INRJN6 - LS PVT. LTD."",
  ""value"": ""INRJN6""
 },
 {
  ""label"": ""INRJP1 - Rajpara"",
  ""value"": ""INRJP1""
 },
 {
  ""label"": ""INRJR1 - Rajpuri"",
  ""value"": ""INRJR1""
 },
 {
  ""label"": ""INRKG1 - Rajakkamangalam"",
  ""value"": ""INRKG1""
 },
 {
  ""label"": ""INRMD4 - Ramagundam"",
  ""value"": ""INRMD4""
 },
 {
  ""label"": ""INRML6 - CONCOR ICDNAYARAIPUR"",
  ""value"": ""INRML6""
 },
 {
  ""label"": ""INRNC5 - RANCHI FPO"",
  ""value"": ""INRNC5""
 },
 {
  ""label"": ""INRNG2 - Ranaghat Railway Sta"",
  ""value"": ""INRNG2""
 },
 {
  ""label"": ""INRNR1 - Ranpar"",
  ""value"": ""INRNR1""
 },
 {
  ""label"": ""INRPL6 - Raddipalam"",
  ""value"": ""INRPL6""
 },
 {
  ""label"": ""INRPR4 - Raipur"",
  ""value"": ""INRPR4""
 },
 {
  ""label"": ""INRPR6 - Raipur"",
  ""value"": ""INRPR6""
 },
 {
  ""label"": ""INRPU5 - RAIPUR FPO"",
  ""value"": ""INRPU5""
 },
 {
  ""label"": ""INRRI1 - Raili"",
  ""value"": ""INRRI1""
 },
 {
  ""label"": ""INRRK4 - Rourkela"",
  ""value"": ""INRRK4""
 },
 {
  ""label"": ""INRTC1 - Ratnagiri"",
  ""value"": ""INRTC1""
 },
 {
  ""label"": ""INRTC4 - Ratnagiri"",
  ""value"": ""INRTC4""
 },
 {
  ""label"": ""INRTM6 - CONCOR ICD RATLAM"",
  ""value"": ""INRTM6""
 },
 {
  ""label"": ""INRUP4 - Rupsi"",
  ""value"": ""INRUP4""
 },
 {
  ""label"": ""INRVD1 - Revdanda"",
  ""value"": ""INRVD1""
 },
 {
  ""label"": ""INRWR1 - Rameshwaram"",
  ""value"": ""INRWR1""
 },
 {
  ""label"": ""INRXLB - Raxaul"",
  ""value"": ""INRXLB""
 },
 {
  ""label"": ""INSABB - Sabroom"",
  ""value"": ""INSABB""
 },
 {
  ""label"": ""INSAC6 - Sachin (Surat)"",
  ""value"": ""INSAC6""
 },
 {
  ""label"": ""INSAJ6 - NAVKAR ICD UMBERGAON"",
  ""value"": ""INSAJ6""
 },
 {
  ""label"": ""INSAL1 - Salaya"",
  ""value"": ""INSAL1""
 },
 {
  ""label"": ""INSAS6 - INFOSYS SEZ MOHALI"",
  ""value"": ""INSAS6""
 },
 {
  ""label"": ""INSAU6 - THAR DRY PORT"",
  ""value"": ""INSAU6""
 },
 {
  ""label"": ""INSBC6 - BIOCON SEZ BANGALORE"",
  ""value"": ""INSBC6""
 },
 {
  ""label"": ""INSBH1 - Sinbhour"",
  ""value"": ""INSBH1""
 },
 {
  ""label"": ""INSBI6 - ICD Sabarmati"",
  ""value"": ""INSBI6""
 },
 {
  ""label"": ""INSBK6 - KIADB/SEZ/BANGALORE"",
  ""value"": ""INSBK6""
 },
 {
  ""label"": ""INSBL6 - INFOSYS/SEZ/BANGLORE"",
  ""value"": ""INSBL6""
 },
 {
  ""label"": ""INSBW6 - WIPRO ELEC/SEZ/BLR"",
  ""value"": ""INSBW6""
 },
 {
  ""label"": ""INSBZ1 - SHELLA BAZAR"",
  ""value"": ""INSBZ1""
 },
 {
  ""label"": ""INSCH6 - SAP-SEZ SURAT"",
  ""value"": ""INSCH6""
 },
 {
  ""label"": ""INSGF6 - GRFL ICD SAHNEWAL"",
  ""value"": ""INSGF6""
 },
 {
  ""label"": ""INSHI1 - Shirola"",
  ""value"": ""INSHI1""
 },
 {
  ""label"": ""INSHL4 - Shillong"",
  ""value"": ""INSHL4""
 },
 {
  ""label"": ""INSHP1 - Sinbhour Port"",
  ""value"": ""INSHP1""
 },
 {
  ""label"": ""INSIK1 - Sikka"",
  ""value"": ""INSIK1""
 },
 {
  ""label"": ""INSJR6 - Surajpur"",
  ""value"": ""INSJR6""
 },
 {
  ""label"": ""INSKD6 - ICD KALINGANAGAR"",
  ""value"": ""INSKD6""
 },
 {
  ""label"": ""INSKPB - Sukhia Pokhari"",
  ""value"": ""INSKPB""
 },
 {
  ""label"": ""INSLL6 - Singanallur"",
  ""value"": ""INSLL6""
 },
 {
  ""label"": ""INSLR2 - Silcher R.M.S. Offic"",
  ""value"": ""INSLR2""
 },
 {
  ""label"": ""INSLRB - Silcher Steamerghat"",
  ""value"": ""INSLRB""
 },
 {
  ""label"": ""INSLT6 - SALT LAKE (EPZ/SEZ)"",
  ""value"": ""INSLT6""
 },
 {
  ""label"": ""INSLV4 - Simla"",
  ""value"": ""INSLV4""
 },
 {
  ""label"": ""INSMK6 - KEONICS/SEZ/SHIMOGA"",
  ""value"": ""INSMK6""
 },
 {
  ""label"": ""INSMPB - Srimantapur"",
  ""value"": ""INSMPB""
 },
 {
  ""label"": ""INSMR1 - Simor"",
  ""value"": ""INSMR1""
 },
 {
  ""label"": ""INSNA6 - ANSAL SEZ SONEPAT"",
  ""value"": ""INSNA6""
 },
 {
  ""label"": ""INSNBB - Sonabarsa"",
  ""value"": ""INSNBB""
 },
 {
  ""label"": ""INSNF6 - ICD, Hyderabad"",
  ""value"": ""INSNF6""
 },
 {
  ""label"": ""INSNG2 - Singabad Railway Sta"",
  ""value"": ""INSNG2""
 },
 {
  ""label"": ""INSNI6 - KANECH, ICD SAHNEWAL"",
  ""value"": ""INSNI6""
 },
 {
  ""label"": ""INSNLB - Sonauli"",
  ""value"": ""INSNLB""
 },
 {
  ""label"": ""INSNN6 - APIIC LTD."",
  ""value"": ""INSNN6""
 },
 {
  ""label"": ""INSNR6 - ARI LTD."",
  ""value"": ""INSNR6""
 },
 {
  ""label"": ""INSNS6 - NLE PVT. LTD."",
  ""value"": ""INSNS6""
 },
 {
  ""label"": ""INSPC6 - CCLPIL SEZ VIZAG"",
  ""value"": ""INSPC6""
 },
 {
  ""label"": ""INSPE6 - ASDI SEZ NELLORE"",
  ""value"": ""INSPE6""
 },
 {
  ""label"": ""INSRE6 - Saharanpur"",
  ""value"": ""INSRE6""
 },
 {
  ""label"": ""INSRK6 - KSITILA/SEZ/PALI/ALZ"",
  ""value"": ""INSRK6""
 },
 {
  ""label"": ""INSRV1 - Surasani-Yanam"",
  ""value"": ""INSRV1""
 },
 {
  ""label"": ""INSSE4 - Sholapur"",
  ""value"": ""INSSE4""
 },
 {
  ""label"": ""INSTFB - SIKTA LCS"",
  ""value"": ""INSTFB""
 },
 {
  ""label"": ""INSTIB - Sitai"",
  ""value"": ""INSTIB""
 },
 {
  ""label"": ""INSTM6 - MIDC PHALTAN SEZ"",
  ""value"": ""INSTM6""
 },
 {
  ""label"": ""INSTP1 - Satpati"",
  ""value"": ""INSTP1""
 },
 {
  ""label"": ""INSTRB - Sutarkandi"",
  ""value"": ""INSTRB""
 },
 {
  ""label"": ""INSTT6 - Dadri STTPL CFS"",
  ""value"": ""INSTT6""
 },
 {
  ""label"": ""INSTU6 - MIDC SEZ SATARA"",
  ""value"": ""INSTU6""
 },
 {
  ""label"": ""INSTV1 - Surat"",
  ""value"": ""INSTV1""
 },
 {
  ""label"": ""INSTV4 - Surat"",
  ""value"": ""INSTV4""
 },
 {
  ""label"": ""INSTV6 - Surat(EPZ/SEZ)"",
  ""value"": ""INSTV6""
 },
 {
  ""label"": ""INSWD1 - Shriwardhan"",
  ""value"": ""INSWD1""
 },
 {
  ""label"": ""INSXE6 - ELCOT AMMAPALAYAM"",
  ""value"": ""INSXE6""
 },
 {
  ""label"": ""INSXR4 - Srinagar"",
  ""value"": ""INSXR4""
 },
 {
  ""label"": ""INSXR5 - FPO SRINAGAR"",
  ""value"": ""INSXR5""
 },
 {
  ""label"": ""INSXV4 - Salem"",
  ""value"": ""INSXV4""
 },
 {
  ""label"": ""INSXV6 - Salem"",
  ""value"": ""INSXV6""
 },
 {
  ""label"": ""INTAD1 - Tadri"",
  ""value"": ""INTAD1""
 },
 {
  ""label"": ""INTAS6 - SRICITYPVTLTD-SEZ"",
  ""value"": ""INTAS6""
 },
 {
  ""label"": ""INTBC6 - CTS PVT. LTD."",
  ""value"": ""INTBC6""
 },
 {
  ""label"": ""INTBM6 - PHPL SEZ KANCHEPURAM"",
  ""value"": ""INTBM6""
 },
 {
  ""label"": ""INTBP6 - SPIPL SEZ, PERUGULTH"",
  ""value"": ""INTBP6""
 },
 {
  ""label"": ""INTBS6 - HEXAWARE TECH. LTD."",
  ""value"": ""INTBS6""
 },
 {
  ""label"": ""INTBT6 - TCS LTD."",
  ""value"": ""INTBT6""
 },
 {
  ""label"": ""INTCR6 - M/S TICS, ICD MATHIL"",
  ""value"": ""INTCR6""
 },
 {
  ""label"": ""INTDE6 - Tudiyalur-Coimbatore"",
  ""value"": ""INTDE6""
 },
 {
  ""label"": ""INTEI4 - Tezu"",
  ""value"": ""INTEI4""
 },
 {
  ""label"": ""INTEL1 - Tellicherry"",
  ""value"": ""INTEL1""
 },
 {
  ""label"": ""INTEN6 - SIPCOT GANGAKONDAN"",
  ""value"": ""INTEN6""
 },
 {
  ""label"": ""INTEZ4 - Tezpur"",
  ""value"": ""INTEZ4""
 },
 {
  ""label"": ""INTGN6 - KEIPL/ PUNE"",
  ""value"": ""INTGN6""
 },
 {
  ""label"": ""INTHA6 - Thar Dry Port Jodhpu"",
  ""value"": ""INTHA6""
 },
 {
  ""label"": ""INTHL1 - Thal"",
  ""value"": ""INTHL1""
 },
 {
  ""label"": ""INTHO6 - Tiruppur-Thottiplaya"",
  ""value"": ""INTHO6""
 },
 {
  ""label"": ""INTIR4 - Tirupati"",
  ""value"": ""INTIR4""
 },
 {
  ""label"": ""INTIV1 - Tiviri"",
  ""value"": ""INTIV1""
 },
 {
  ""label"": ""INTJA1 - Talaja"",
  ""value"": ""INTJA1""
 },
 {
  ""label"": ""INTJPB - Tezpur Steamerghat"",
  ""value"": ""INTJPB""
 },
 {
  ""label"": ""INTJV4 - Thanjavur"",
  ""value"": ""INTJV4""
 },
 {
  ""label"": ""INTKD2 - Tuglakabad"",
  ""value"": ""INTKD2""
 },
 {
  ""label"": ""INTKD6 - Tuglakabad"",
  ""value"": ""INTKD6""
 },
 {
  ""label"": ""INTKNB - Tikonia"",
  ""value"": ""INTKNB""
 },
 {
  ""label"": ""INTLG6 - Pune-Talegoan ICD"",
  ""value"": ""INTLG6""
 },
 {
  ""label"": ""INTLT6 - L&T SBL L&T CHENNAI"",
  ""value"": ""INTLT6""
 },
 {
  ""label"": ""INTMI6 - M/S IFFCO KISAN, SEZ"",
  ""value"": ""INTMI6""
 },
 {
  ""label"": ""INTMP1 - Trombay"",
  ""value"": ""INTMP1""
 },
 {
  ""label"": ""INTMX6 - ICD, THIMMAPUR,"",
  ""value"": ""INTMX6""
 },
 {
  ""label"": ""INTNA1 - Thana"",
  ""value"": ""INTNA1""
 },
 {
  ""label"": ""INTNC6 - CCCL SEZ TUTICORIN"",
  ""value"": ""INTNC6""
 },
 {
  ""label"": ""INTND1 - Tondi"",
  ""value"": ""INTND1""
 },
 {
  ""label"": ""INTNGB - Tungi"",
  ""value"": ""INTNGB""
 },
 {
  ""label"": ""INTNI6 - HIPL SEZ"",
  ""value"": ""INTNI6""
 },
 {
  ""label"": ""INTNK1 - Tankari"",
  ""value"": ""INTNK1""
 },
 {
  ""label"": ""INTNS6 - SSL SEZ TUTICORIN"",
  ""value"": ""INTNS6""
 },
 {
  ""label"": ""INTPH1 - Thopputhurai"",
  ""value"": ""INTPH1""
 },
 {
  ""label"": ""INTPJ6 - ECTN SEZ TRICHY"",
  ""value"": ""INTPJ6""
 },
 {
  ""label"": ""INTPN1 - Talpona"",
  ""value"": ""INTPN1""
 },
 {
  ""label"": ""INTRA1 - Tranquebar"",
  ""value"": ""INTRA1""
 },
 {
  ""label"": ""INTRL6 - ICD Tiruvallur"",
  ""value"": ""INTRL6""
 },
 {
  ""label"": ""INTRP1 - Tarapur"",
  ""value"": ""INTRP1""
 },
 {
  ""label"": ""INTRV4 - Thiruvananthapuram"",
  ""value"": ""INTRV4""
 },
 {
  ""label"": ""INTRZ4 - Tiruchirapalli"",
  ""value"": ""INTRZ4""
 },
 {
  ""label"": ""INTSI6 - HVCPL SEZ KADAYAM"",
  ""value"": ""INTSI6""
 },
 {
  ""label"": ""INTTP6 - Dadri TTPL"",
  ""value"": ""INTTP6""
 },
 {
  ""label"": ""INTTS1 - T.T. SHED (KIDDERPOR)"",
  ""value"": ""INTTS1""
 },
 {
  ""label"": ""INTUI6 - FCPL SEZ KESAVARAM"",
  ""value"": ""INTUI6""
 },
 {
  ""label"": ""INTUN1 - Tuna"",
  ""value"": ""INTUN1""
 },
 {
  ""label"": ""INTUP6 - Tirupur"",
  ""value"": ""INTUP6""
 },
 {
  ""label"": ""INTUT1 - Tuticorin"",
  ""value"": ""INTUT1""
 },
 {
  ""label"": ""INTUT6 - Tuticorin ICD"",
  ""value"": ""INTUT6""
 },
 {
  ""label"": ""INTVC6 - KINFRAA SEZ"",
  ""value"": ""INTVC6""
 },
 {
  ""label"": ""INTVT6 - ICD TONDIARPET CHENN"",
  ""value"": ""INTVT6""
 },
 {
  ""label"": ""INTYR1 - Tirukkadayyur"",
  ""value"": ""INTYR1""
 },
 {
  ""label"": ""INUDI6 - SYNEFRA-SEZ/UDUPI"",
  ""value"": ""INUDI6""
 },
 {
  ""label"": ""INUDN6 - GHB-SEZ SURAT"",
  ""value"": ""INUDN6""
 },
 {
  ""label"": ""INUDR4 - Udaipur"",
  ""value"": ""INUDR4""
 },
 {
  ""label"": ""INUDR6 - Udaipur"",
  ""value"": ""INUDR6""
 },
 {
  ""label"": ""INUDZ6 - Udaipur"",
  ""value"": ""INUDZ6""
 },
 {
  ""label"": ""INUKL6 - ETLISL SEZ ERODE"",
  ""value"": ""INUKL6""
 },
 {
  ""label"": ""INULPB - Ultapani"",
  ""value"": ""INULPB""
 },
 {
  ""label"": ""INULW1 - Ulwa"",
  ""value"": ""INULW1""
 },
 {
  ""label"": ""INUMB1 - Umbergoan"",
  ""value"": ""INUMB1""
 },
 {
  ""label"": ""INUMR1 - Umarsadi"",
  ""value"": ""INUMR1""
 },
 {
  ""label"": ""INURF6 - FAB CITY SPV-SEZ/SRI"",
  ""value"": ""INURF6""
 },
 {
  ""label"": ""INURG6 - GMR HYDTABAD AVIATIO"",
  ""value"": ""INURG6""
 },
 {
  ""label"": ""INURI6 - INDU TECHZONE PVT."",
  ""value"": ""INURI6""
 },
 {
  ""label"": ""INURT6 - TCS LTD. ADIBATLA"",
  ""value"": ""INURT6""
 },
 {
  ""label"": ""INUTN1 - Uttan"",
  ""value"": ""INUTN1""
 },
 {
  ""label"": ""INVAD1 - Vadinar"",
  ""value"": ""INVAD1""
 },
 {
  ""label"": ""INVAL6 - Valvada ICD"",
  ""value"": ""INVAL6""
 },
 {
  ""label"": ""INVAP1 - Vapi"",
  ""value"": ""INVAP1""
 },
 {
  ""label"": ""INVEN1 - Vengurla"",
  ""value"": ""INVEN1""
 },
 {
  ""label"": ""INVEP1 - Veppalodai"",
  ""value"": ""INVEP1""
 },
 {
  ""label"": ""INVGA4 - Vijayawada"",
  ""value"": ""INVGA4""
 },
 {
  ""label"": ""INVGA5 - FPO VIJAYAWADA"",
  ""value"": ""INVGA5""
 },
 {
  ""label"": ""INVGR6 - BHOJVA ICD VIRAMGAM"",
  ""value"": ""INVGR6""
 },
 {
  ""label"": ""INVKH6 - HIRANANDANI BUIL."",
  ""value"": ""INVKH6""
 },
 {
  ""label"": ""INVKM1 - Valinokkam"",
  ""value"": ""INVKM1""
 },
 {
  ""label"": ""INVLD6 - DISH/SEZ/KALYANGADH"",
  ""value"": ""INVLD6""
 },
 {
  ""label"": ""INVLN6 - NG REALTY-SEZ/TALUKA"",
  ""value"": ""INVLN6""
 },
 {
  ""label"": ""INVLR6 - SIPCOT LTD."",
  ""value"": ""INVLR6""
 },
 {
  ""label"": ""INVNG1 - Vengurla"",
  ""value"": ""INVNG1""
 },
 {
  ""label"": ""INVNS4 - Varanasi"",
  ""value"": ""INVNS4""
 },
 {
  ""label"": ""INVNS5 - FPO VARANASI"",
  ""value"": ""INVNS5""
 },
 {
  ""label"": ""INVNS6 - Varanasi"",
  ""value"": ""INVNS6""
 },
 {
  ""label"": ""INVPI6 - Vapi"",
  ""value"": ""INVPI6""
 },
 {
  ""label"": ""INVRD1 - Varavda"",
  ""value"": ""INVRD1""
 },
 {
  ""label"": ""INVRU1 - Vadarevu"",
  ""value"": ""INVRU1""
 },
 {
  ""label"": ""INVSA6 - APIIC (HALL NO.3)"",
  ""value"": ""INVSA6""
 },
 {
  ""label"": ""INVSI1 - Vansi-Borsi"",
  ""value"": ""INVSI1""
 },
 {
  ""label"": ""INVSK6 - APIIC- (HALL NO. 2)"",
  ""value"": ""INVSK6""
 },
 {
  ""label"": ""INVSP6 - WIPRO SEZRESPUVANIPA"",
  ""value"": ""INVSP6""
 },
 {
  ""label"": ""INVSV1 - Varsova"",
  ""value"": ""INVSV1""
 },
 {
  ""label"": ""INVTC6 - CHEYYAR VELLORE"",
  ""value"": ""INVTC6""
 },
 {
  ""label"": ""INVTZ1 - Visakhapatnam"",
  ""value"": ""INVTZ1""
 },
 {
  ""label"": ""INVTZ4 - Visakhapatnam"",
  ""value"": ""INVTZ4""
 },
 {
  ""label"": ""INVTZ6 - Visakhapatnam SEZ"",
  ""value"": ""INVTZ6""
 },
 {
  ""label"": ""INVVA1 - Veraval"",
  ""value"": ""INVVA1""
 },
 {
  ""label"": ""INVYD1 - Vijaydurg"",
  ""value"": ""INVYD1""
 },
 {
  ""label"": ""INVZJ1 - Vazhinjam"",
  ""value"": ""INVZJ1""
 },
 {
  ""label"": ""INVZM6 - DLL SEZ"",
  ""value"": ""INVZM6""
 },
 {
  ""label"": ""INVZR6 - M/S DR. REDDY SEZ"",
  ""value"": ""INVZR6""
 },
 {
  ""label"": ""INWAL6 - Waluj (Aurangabad)"",
  ""value"": ""INWAL6""
 },
 {
  ""label"": ""INWFD6 - ICD Bangalore"",
  ""value"": ""INWFD6""
 },
 {
  ""label"": ""INWFI6 - INFO/SEZ/BANGALORE"",
  ""value"": ""INWFI6""
 },
 {
  ""label"": ""INWFT6 - ITPL SEZ II BENGALUR"",
  ""value"": ""INWFT6""
 },
 {
  ""label"": ""INWGC4 - Warrangal"",
  ""value"": ""INWGC4""
 },
 {
  ""label"": ""INWRR6 - WARDHA POWER CO LTD"",
  ""value"": ""INWRR6""
 },
 {
  ""label"": ""INYMA6 - MODERN ASSET SEZ II"",
  ""value"": ""INYMA6""
 },
 {
  ""label"": ""INYNA6 - MOSERN ASSET SEZ I"",
  ""value"": ""INYNA6""
 },
 {
  ""label"": ""INYNK6 - KIP/SEZ/N BANGALORE"",
  ""value"": ""INYNK6""
 },
 {
  ""label"": ""INYNL6 - L&T CEL SEZ II"",
  ""value"": ""INYNL6""
 },
 {
  ""label"": ""INYNM6 - MILESTONE/SEZ/BLR"",
  ""value"": ""INYNM6""
 },
 {
  ""label"": ""INYNT6 - L&T CEL SEZ I"",
  ""value"": ""INYNT6""
 },
 {
  ""label"": ""INZIP6 - ZIPL-SEZ AHMEDABAD"",
  ""value"": ""INZIP6""
 }
]",0,"",0,0,"","","eval:doc.gst_category == 'Overseas' && doc.place_of_supply == '96-Other Countries'","","",0,0,0,0,0,0,0,1,0,"",0,0,0,0,0,0,0,0,0,0,0,0,0,0,"",0,"",0
"Delivery Note-shipping_bill_date","Delivery Note","Date",1,"GST India","Shipping Bill Date","","shipping_bill_date","shipping_bill_number",0,"","",0,0,"",0,"",0,0,"","","eval:doc.gst_category == 'Overseas' && doc.place_of_supply == '96-Other Countries'","","",0,0,0,0,0,0,0,1,0,"",0,0,0,0,0,0,0,0,0,0,0,0,0,0,"",0,"",0
"Delivery Note-shipping_bill_number","Delivery Note","Data",1,"GST India"," Shipping Bill Number","","shipping_bill_number","port_code",50,"","",0,0,"",0,"",0,0,"","","eval:doc.gst_category == 'Overseas' && doc.place_of_supply == '96-Other Countries'","","",0,0,0,0,0,0,0,1,0,"",0,0,0,0,0,0,0,0,0,0,0,0,0,0,"",0,"",0
"Delivery Note-port_code","Delivery Note","Autocomplete",1,"GST India","Port Code","","port_code","gst_col_break",15,"","",0,0,"[
 {
  ""label"": ""INABG1 - Alibag"",
  ""value"": ""INABG1""
 },
 {
  ""label"": ""INACH1 - Achra"",
  ""value"": ""INACH1""
 },
 {
  ""label"": ""INADA6 - Ahmedabad Adalaj"",
  ""value"": ""INADA6""
 },
 {
  ""label"": ""INADI1 - Androth Island"",
  ""value"": ""INADI1""
 },
 {
  ""label"": ""INAGI1 - Agatti Island"",
  ""value"": ""INAGI1""
 },
 {
  ""label"": ""INAGR4 - Agra"",
  ""value"": ""INAGR4""
 },
 {
  ""label"": ""INAGR5 - FPO AGRA"",
  ""value"": ""INAGR5""
 },
 {
  ""label"": ""INAGR6 - Agra"",
  ""value"": ""INAGR6""
 },
 {
  ""label"": ""INAGTB - Agartala"",
  ""value"": ""INAGTB""
 },
 {
  ""label"": ""INAGX4 - Agatti Island"",
  ""value"": ""INAGX4""
 },
 {
  ""label"": ""INAHD6 - ICD SANAND"",
  ""value"": ""INAHD6""
 },
 {
  ""label"": ""INAIG6 - GE PVT. LTD."",
  ""value"": ""INAIG6""
 },
 {
  ""label"": ""INAII6 - M/S IGATE GS LTD."",
  ""value"": ""INAII6""
 },
 {
  ""label"": ""INAIK6 - IBRAHIMPURICD KHURJA"",
  ""value"": ""INAIK6""
 },
 {
  ""label"": ""INAIR6 - SP PVT. LTD."",
  ""value"": ""INAIR6""
 },
 {
  ""label"": ""INAJE6 - WLSPUN ANJAR SEZ"",
  ""value"": ""INAJE6""
 },
 {
  ""label"": ""INAJJ6 - Arakkonam Melpakkam"",
  ""value"": ""INAJJ6""
 },
 {
  ""label"": ""INAJL4 - Aizawl"",
  ""value"": ""INAJL4""
 },
 {
  ""label"": ""INAJM6 - MUNDRA PORT SEZ"",
  ""value"": ""INAJM6""
 },
 {
  ""label"": ""INAKB6 - BIACPL SEZ"",
  ""value"": ""INAKB6""
 },
 {
  ""label"": ""INAKD4 - Akola"",
  ""value"": ""INAKD4""
 },
 {
  ""label"": ""INAKP6 - APIICL SEZ"",
  ""value"": ""INAKP6""
 },
 {
  ""label"": ""INAKR6 - RPCIPL SEZ"",
  ""value"": ""INAKR6""
 },
 {
  ""label"": ""INAKV6 - Ankleshwar ICD"",
  ""value"": ""INAKV6""
 },
 {
  ""label"": ""INALA1 - ALANG SBY"",
  ""value"": ""INALA1""
 },
 {
  ""label"": ""INALF1 - Allepey"",
  ""value"": ""INALF1""
 },
 {
  ""label"": ""INAMD4 - Ahmedabad"",
  ""value"": ""INAMD4""
 },
 {
  ""label"": ""INAMD5 - Ahmedabad"",
  ""value"": ""INAMD5""
 },
 {
  ""label"": ""INAMD6 - Ahmedabad"",
  ""value"": ""INAMD6""
 },
 {
  ""label"": ""INAMG6 - Amingaon (Gauhati)"",
  ""value"": ""INAMG6""
 },
 {
  ""label"": ""INAMI1 - Amini Island"",
  ""value"": ""INAMI1""
 },
 {
  ""label"": ""INAMK6 - KSITIL/SEZ/ALAPPUZHA"",
  ""value"": ""INAMK6""
 },
 {
  ""label"": ""INANG1 - Anijengo"",
  ""value"": ""INANG1""
 },
 {
  ""label"": ""INANL1 - Arnala"",
  ""value"": ""INANL1""
 },
 {
  ""label"": ""INAPI6 - AAP-SEZ AHMEDABAD"",
  ""value"": ""INAPI6""
 },
 {
  ""label"": ""INAPL6 - Dadri ACPL CFS"",
  ""value"": ""INAPL6""
 },
 {
  ""label"": ""INAPT6 - Anaparti"",
  ""value"": ""INAPT6""
 },
 {
  ""label"": ""INARR6 - Aroor"",
  ""value"": ""INARR6""
 },
 {
  ""label"": ""INASR2 - Amritsar Railway Stn"",
  ""value"": ""INASR2""
 },
 {
  ""label"": ""INASR6 - Amritsar"",
  ""value"": ""INASR6""
 },
 {
  ""label"": ""INATQ4 - Amritsar"",
  ""value"": ""INATQ4""
 },
 {
  ""label"": ""INATQ6 - Amritsar"",
  ""value"": ""INATQ6""
 },
 {
  ""label"": ""INATRB - Attari Road"",
  ""value"": ""INATRB""
 },
 {
  ""label"": ""INATT2 - Attari Railway Stat"",
  ""value"": ""INATT2""
 },
 {
  ""label"": ""INAWM6 - SEZ, SHENDRA"",
  ""value"": ""INAWM6""
 },
 {
  ""label"": ""INAWS6 - SOMANI SEZ BHIWADI"",
  ""value"": ""INAWS6""
 },
 {
  ""label"": ""INAWW6 - WIDL AEZ, AURANGABAD"",
  ""value"": ""INAWW6""
 },
 {
  ""label"": ""INAZK1 - Azhikkal"",
  ""value"": ""INAZK1""
 },
 {
  ""label"": ""INBAG6 - GEM&JEWEL-SEZ/ULWE"",
  ""value"": ""INBAG6""
 },
 {
  ""label"": ""INBAI6 - IT/ITES-B-SEZ/ULWE"",
  ""value"": ""INBAI6""
 },
 {
  ""label"": ""INBAM6 - MULTISERVCE-SEZ/ULWE"",
  ""value"": ""INBAM6""
 },
 {
  ""label"": ""INBAP6 - MULTISERVICEDRONAGIR"",
  ""value"": ""INBAP6""
 },
 {
  ""label"": ""INBAT6 - IT/ITES-C SEZ/UIWE"",
  ""value"": ""INBAT6""
 },
 {
  ""label"": ""INBAU6 - IT/ITES-A-SEZ/ULWE"",
  ""value"": ""INBAU6""
 },
 {
  ""label"": ""INBAW6 - ICD BAWAL"",
  ""value"": ""INBAW6""
 },
 {
  ""label"": ""INBBI4 - Bhubaneswar"",
  ""value"": ""INBBI4""
 },
 {
  ""label"": ""INBBM6 - Bari Brahamna ICD"",
  ""value"": ""INBBM6""
 },
 {
  ""label"": ""INBBP1 - Bahabal Pur"",
  ""value"": ""INBBP1""
 },
 {
  ""label"": ""INBBS6 - SEZ, OIIDC, BHUBANES"",
  ""value"": ""INBBS6""
 },
 {
  ""label"": ""INBCH6 - HARI SEZ VARANASI"",
  ""value"": ""INBCH6""
 },
 {
  ""label"": ""INBCO6 - EURO MULTIVISION SEZ"",
  ""value"": ""INBCO6""
 },
 {
  ""label"": ""INBCP6 - PRITECH/SEZ/BANGLORE"",
  ""value"": ""INBCP6""
 },
 {
  ""label"": ""INBDB6 - PRECIOUSCARGOCUSTOMS"",
  ""value"": ""INBDB6""
 },
 {
  ""label"": ""INBDG1 - Badagara"",
  ""value"": ""INBDG1""
 },
 {
  ""label"": ""INBDH6 - ICD BADOHI"",
  ""value"": ""INBDH6""
 },
 {
  ""label"": ""INBDI6 - ICD BADDI,"",
  ""value"": ""INBDI6""
 },
 {
  ""label"": ""INBDM6 - ICD, PANCHI, SONIPAT"",
  ""value"": ""INBDM6""
 },
 {
  ""label"": ""INBDQ1 - Vadodara"",
  ""value"": ""INBDQ1""
 },
 {
  ""label"": ""INBDR1 - Baindur"",
  ""value"": ""INBDR1""
 },
 {
  ""label"": ""INBED1 - Bedi"",
  ""value"": ""INBED1""
 },
 {
  ""label"": ""INBEK4 - Bareilly"",
  ""value"": ""INBEK4""
 },
 {
  ""label"": ""INBEP4 - Bellary"",
  ""value"": ""INBEP4""
 },
 {
  ""label"": ""INBET1 - Betul"",
  ""value"": ""INBET1""
 },
 {
  ""label"": ""INBEY1 - Beypore"",
  ""value"": ""INBEY1""
 },
 {
  ""label"": ""INBFR6 - M/S GRFL, ICD, BALLA"",
  ""value"": ""INBFR6""
 },
 {
  ""label"": ""INBGK6 - Bhagat ki Kothi Jodh"",
  ""value"": ""INBGK6""
 },
 {
  ""label"": ""INBGMB - Baghmara"",
  ""value"": ""INBGMB""
 },
 {
  ""label"": ""INBGQ6 - QUEST SEZ BELGAUM"",
  ""value"": ""INBGQ6""
 },
 {
  ""label"": ""INBGUB - Bairgania"",
  ""value"": ""INBGUB""
 },
 {
  ""label"": ""INBGW1 - Bhagwa"",
  ""value"": ""INBGW1""
 },
 {
  ""label"": ""INBHC6 - JUBILANT/SEZ/VILAYAT"",
  ""value"": ""INBHC6""
 },
 {
  ""label"": ""INBHD6 - DAHEZ SEZ"",
  ""value"": ""INBHD6""
 },
 {
  ""label"": ""INBHJ4 - Bhuj"",
  ""value"": ""INBHJ4""
 },
 {
  ""label"": ""INBHL6 - Bhilwara"",
  ""value"": ""INBHL6""
 },
 {
  ""label"": ""INBHM1 - Bheemunipatnam"",
  ""value"": ""INBHM1""
 },
 {
  ""label"": ""INBHO4 - Bhopal"",
  ""value"": ""INBHO4""
 },
 {
  ""label"": ""INBHS6 - STERLING BHARUCH"",
  ""value"": ""INBHS6""
 },
 {
  ""label"": ""INBHU1 - Bhavanagar"",
  ""value"": ""INBHU1""
 },
 {
  ""label"": ""INBHU4 - Bhavanagar"",
  ""value"": ""INBHU4""
 },
 {
  ""label"": ""INBKB4 - Bikaner"",
  ""value"": ""INBKB4""
 },
 {
  ""label"": ""INBKR1 - Belekeri"",
  ""value"": ""INBKR1""
 },
 {
  ""label"": ""INBKT1 - Bankot"",
  ""value"": ""INBKT1""
 },
 {
  ""label"": ""INBLC6 - CESSNA/SEZ/BANGALORE"",
  ""value"": ""INBLC6""
 },
 {
  ""label"": ""INBLE6 - CONCOR ICD BALASORE"",
  ""value"": ""INBLE6""
 },
 {
  ""label"": ""INBLJ6 - Agra"",
  ""value"": ""INBLJ6""
 },
 {
  ""label"": ""INBLK1 - Belekeri"",
  ""value"": ""INBLK1""
 },
 {
  ""label"": ""INBLM1 - Bilimora"",
  ""value"": ""INBLM1""
 },
 {
  ""label"": ""INBLP1 - Belapur"",
  ""value"": ""INBLP1""
 },
 {
  ""label"": ""INBLR4 - Bangalore"",
  ""value"": ""INBLR4""
 },
 {
  ""label"": ""INBLR5 - Bangalore"",
  ""value"": ""INBLR5""
 },
 {
  ""label"": ""INBLR6 - Bangalore"",
  ""value"": ""INBLR6""
 },
 {
  ""label"": ""INBLTB - Balet"",
  ""value"": ""INBLTB""
 },
 {
  ""label"": ""INBLV6 - VTV/SEZ/BANGALORE"",
  ""value"": ""INBLV6""
 },
 {
  ""label"": ""INBMA6 - APIIC PRAKASHAM"",
  ""value"": ""INBMA6""
 },
 {
  ""label"": ""INBMR2 - Barmer Railway Stati"",
  ""value"": ""INBMR2""
 },
 {
  ""label"": ""INBNC6 - KBITS SEZ BANGALORE"",
  ""value"": ""INBNC6""
 },
 {
  ""label"": ""INBND1 - Bandra"",
  ""value"": ""INBND1""
 },
 {
  ""label"": ""INBNG6 - MAHAGAON ICD, THANE"",
  ""value"": ""INBNG6""
 },
 {
  ""label"": ""INBNK6 - KOLKATA IT PARK"",
  ""value"": ""INBNK6""
 },
 {
  ""label"": ""INBNP1 - Bheemunipatnam"",
  ""value"": ""INBNP1""
 },
 {
  ""label"": ""INBNRB - Bhimnagar"",
  ""value"": ""INBNRB""
 },
 {
  ""label"": ""INBNT6 - TCS"",
  ""value"": ""INBNT6""
 },
 {
  ""label"": ""INBNW6 - WIPRO SEZ"",
  ""value"": ""INBNW6""
 },
 {
  ""label"": ""INBNX6 - CANDOR ONE HTSPL,SEZ"",
  ""value"": ""INBNX6""
 },
 {
  ""label"": ""INBNYB - Berhni"",
  ""value"": ""INBNYB""
 },
 {
  ""label"": ""INBOK6 - BORKHEDI ICD NAGPUR"",
  ""value"": ""INBOK6""
 },
 {
  ""label"": ""INBOLB - Bolanganj"",
  ""value"": ""INBOLB""
 },
 {
  ""label"": ""INBOM1 - Mumbai (Ex Bombay)"",
  ""value"": ""INBOM1""
 },
 {
  ""label"": ""INBOM4 - Mumbai (Ex Bombay)"",
  ""value"": ""INBOM4""
 },
 {
  ""label"": ""INBOM5 - Mumbai (Ex Bombay)"",
  ""value"": ""INBOM5""
 },
 {
  ""label"": ""INBOM6 - Mumbai(EPZ/SEZ)"",
  ""value"": ""INBOM6""
 },
 {
  ""label"": ""INBPL5 - BHOPAL FPO"",
  ""value"": ""INBPL5""
 },
 {
  ""label"": ""INBPS5 - APSO MUMBAI"",
  ""value"": ""INBPS5""
 },
 {
  ""label"": ""INBRAB - Barsora"",
  ""value"": ""INBRAB""
 },
 {
  ""label"": ""INBRC6 - Baroda"",
  ""value"": ""INBRC6""
 },
 {
  ""label"": ""INBRH1 - Broach"",
  ""value"": ""INBRH1""
 },
 {
  ""label"": ""INBRI6 - RNBIPL SEZ BIKANER"",
  ""value"": ""INBRI6""
 },
 {
  ""label"": ""INBRL6 - L & T/SEZ/VADODARA"",
  ""value"": ""INBRL6""
 },
 {
  ""label"": ""INBRM1 - Borlai \u00bf Mandla"",
  ""value"": ""INBRM1""
 },
 {
  ""label"": ""INBRS6 - S E & C/SEZ/WAGHODIA"",
  ""value"": ""INBRS6""
 },
 {
  ""label"": ""INBRY1 - Borya"",
  ""value"": ""INBRY1""
 },
 {
  ""label"": ""INBSAB - Banbasa"",
  ""value"": ""INBSAB""
 },
 {
  ""label"": ""INBSB6 - Varanasi"",
  ""value"": ""INBSB6""
 },
 {
  ""label"": ""INBSL6 - Bhusaval ICD"",
  ""value"": ""INBSL6""
 },
 {
  ""label"": ""INBSN1 - Bassein"",
  ""value"": ""INBSN1""
 },
 {
  ""label"": ""INBSR1 - Bulsar"",
  ""value"": ""INBSR1""
 },
 {
  ""label"": ""INBSW6 - AFS KAPASHERA"",
  ""value"": ""INBSW6""
 },
 {
  ""label"": ""INBTK1 - Bhatkal"",
  ""value"": ""INBTK1""
 },
 {
  ""label"": ""INBTMB - Bhithamore(Sursnad)"",
  ""value"": ""INBTMB""
 },
 {
  ""label"": ""INBTR1 - Bitra Island"",
  ""value"": ""INBTR1""
 },
 {
  ""label"": ""INBUD1 - Budge-Budge"",
  ""value"": ""INBUD1""
 },
 {
  ""label"": ""INBUL6 - AN FTWZ BULANDSHAHR"",
  ""value"": ""INBUL6""
 },
 {
  ""label"": ""INBUP4 - Bhatinda"",
  ""value"": ""INBUP4""
 },
 {
  ""label"": ""INBUP6 - Bhatinda"",
  ""value"": ""INBUP6""
 },
 {
  ""label"": ""INBVC6 - CONCR-ICD/BALLABGARH"",
  ""value"": ""INBVC6""
 },
 {
  ""label"": ""INBWD6 - Bhiwadi"",
  ""value"": ""INBWD6""
 },
 {
  ""label"": ""INBWN1 - Bhiwandi"",
  ""value"": ""INBWN1""
 },
 {
  ""label"": ""INBXR6 - DLF LTD., SEZ"",
  ""value"": ""INBXR6""
 },
 {
  ""label"": ""INBYT1 - Beyt"",
  ""value"": ""INBYT1""
 },
 {
  ""label"": ""INCAG6 - TATA STEEL SEZGANJAM"",
  ""value"": ""INCAG6""
 },
 {
  ""label"": ""INCAM1 - Cambay"",
  ""value"": ""INCAM1""
 },
 {
  ""label"": ""INCAP1 - Calingapatam"",
  ""value"": ""INCAP1""
 },
 {
  ""label"": ""INCAR1 - Carijam"",
  ""value"": ""INCAR1""
 },
 {
  ""label"": ""INCAS6 - SAPL SEZ/ GANJAM"",
  ""value"": ""INCAS6""
 },
 {
  ""label"": ""INCBC6 - CHIPL SEZ/ COIMBATOR"",
  ""value"": ""INCBC6""
 },
 {
  ""label"": ""INCBD4 - Car Nicobar"",
  ""value"": ""INCBD4""
 },
 {
  ""label"": ""INCBDB - Changrabandh"",
  ""value"": ""INCBDB""
 },
 {
  ""label"": ""INCBE6 - COIMBATORE"",
  ""value"": ""INCBE6""
 },
 {
  ""label"": ""INCBL1 - Chandbali"",
  ""value"": ""INCBL1""
 },
 {
  ""label"": ""INCBS6 - SE&C COIMBATORE"",
  ""value"": ""INCBS6""
 },
 {
  ""label"": ""INCCH6 - Chinchwad ICD"",
  ""value"": ""INCCH6""
 },
 {
  ""label"": ""INCCI6 - WIPRO SEZ HINJEWADI"",
  ""value"": ""INCCI6""
 },
 {
  ""label"": ""INCCJ1 - Kozhikode (ex Calicu"",
  ""value"": ""INCCJ1""
 },
 {
  ""label"": ""INCCJ4 - Kozhikode (ex Calicu"",
  ""value"": ""INCCJ4""
 },
 {
  ""label"": ""INCCP6 - PEPPL SEZ, CHINCHWAD"",
  ""value"": ""INCCP6""
 },
 {
  ""label"": ""INCCQ6 - M/S QB PARK LTD."",
  ""value"": ""INCCQ6""
 },
 {
  ""label"": ""INCCT6 - KINFRAFP SEZ"",
  ""value"": ""INCCT6""
 },
 {
  ""label"": ""INCCU1 - Calcutta"",
  ""value"": ""INCCU1""
 },
 {
  ""label"": ""INCCU4 - Calcutta"",
  ""value"": ""INCCU4""
 },
 {
  ""label"": ""INCCU5 - Calcutta"",
  ""value"": ""INCCU5""
 },
 {
  ""label"": ""INCCW6 - WIPRO LTD."",
  ""value"": ""INCCW6""
 },
 {
  ""label"": ""INCDC6 - RGT PARK (PHASE-II)"",
  ""value"": ""INCDC6""
 },
 {
  ""label"": ""INCDD6 - RGT PARK (PHASE-I)"",
  ""value"": ""INCDD6""
 },
 {
  ""label"": ""INCDL1 - Cuddalore"",
  ""value"": ""INCDL1""
 },
 {
  ""label"": ""INCDP1 - Coondapur (Ganguly)"",
  ""value"": ""INCDP1""
 },
 {
  ""label"": ""INCDP4 - Cuddapah"",
  ""value"": ""INCDP4""
 },
 {
  ""label"": ""INCDP6 - M/S APIIC LTD SEZ."",
  ""value"": ""INCDP6""
 },
 {
  ""label"": ""INCDQ6 - QUARKCITY/SEZ/MOHALI"",
  ""value"": ""INCDQ6""
 },
 {
  ""label"": ""INCDR6 - SUN PHARMACEUTICALS"",
  ""value"": ""INCDR6""
 },
 {
  ""label"": ""INCEC6 - L&T AE IT SEZ PVT."",
  ""value"": ""INCEC6""
 },
 {
  ""label"": ""INCGA6 - MWCD APARELS CHENGPA"",
  ""value"": ""INCGA6""
 },
 {
  ""label"": ""INCGE6 - ETA TECH. PVT. LTD."",
  ""value"": ""INCGE6""
 },
 {
  ""label"": ""INCGI6 - MWCD SEZ CHENGALPATU"",
  ""value"": ""INCGI6""
 },
 {
  ""label"": ""INCGL6 - MWCD AUTO ANCILARIES"",
  ""value"": ""INCGL6""
 },
 {
  ""label"": ""INCHE6 - Tiruppur-Chettipalay"",
  ""value"": ""INCHE6""
 },
 {
  ""label"": ""INCHJ6 - ICD WARDHA"",
  ""value"": ""INCHJ6""
 },
 {
  ""label"": ""INCHL1 - Colachel"",
  ""value"": ""INCHL1""
 },
 {
  ""label"": ""INCHMB - Chamurchi"",
  ""value"": ""INCHMB""
 },
 {
  ""label"": ""INCHN6 - Vadodara Chhani CFS"",
  ""value"": ""INCHN6""
 },
 {
  ""label"": ""INCHPB - Champai"",
  ""value"": ""INCHPB""
 },
 {
  ""label"": ""INCHR1 - Chapora"",
  ""value"": ""INCHR1""
 },
 {
  ""label"": ""INCJA6 - L&T AE IT SEZ"",
  ""value"": ""INCJA6""
 },
 {
  ""label"": ""INCJB4 - Coimbatore"",
  ""value"": ""INCJB4""
 },
 {
  ""label"": ""INCJB6 - Coimbatore"",
  ""value"": ""INCJB6""
 },
 {
  ""label"": ""INCJC6 - NCTL (ENGG.) SEZ/ KA"",
  ""value"": ""INCJC6""
 },
 {
  ""label"": ""INCJD6 - DLF INFOCITY DEV."",
  ""value"": ""INCJD6""
 },
 {
  ""label"": ""INCJE6 - ECTN KANCHEEPURAM"",
  ""value"": ""INCJE6""
 },
 {
  ""label"": ""INCJF6 - FTIL SRIPERUMBUDUR"",
  ""value"": ""INCJF6""
 },
 {
  ""label"": ""INCJH6 - ICD WARDHA"",
  ""value"": ""INCJH6""
 },
 {
  ""label"": ""INCJI6 - ETL IS LTD."",
  ""value"": ""INCJI6""
 },
 {
  ""label"": ""INCJJ6 - J M FTZ/SEZ/MANNUR"",
  ""value"": ""INCJJ6""
 },
 {
  ""label"": ""INCJN6 - NIPL SEZ SRIPERUMBUD"",
  ""value"": ""INCJN6""
 },
 {
  ""label"": ""INCJO6 - SIPCOT ORAGADAM SRIP"",
  ""value"": ""INCJO6""
 },
 {
  ""label"": ""INCJS6 - SIPCOT SRIPERUMBUDUR"",
  ""value"": ""INCJS6""
 },
 {
  ""label"": ""INCLK6 - KSITIL/SEZ/KOZHIKODE"",
  ""value"": ""INCLK6""
 },
 {
  ""label"": ""INCLU6 - ULCCS/SEZ/KOZHIKODE"",
  ""value"": ""INCLU6""
 },
 {
  ""label"": ""INCLX6 - Chirala"",
  ""value"": ""INCLX6""
 },
 {
  ""label"": ""INCMB1 - Cambay"",
  ""value"": ""INCMB1""
 },
 {
  ""label"": ""INCML6 - KATHUWAS ICD ALWAR"",
  ""value"": ""INCML6""
 },
 {
  ""label"": ""INCNB1 - Car-Nicobar"",
  ""value"": ""INCNB1""
 },
 {
  ""label"": ""INCNC6 - NCT PVT. LTD. SEZ"",
  ""value"": ""INCNC6""
 },
 {
  ""label"": ""INCNN1 - Cannanore"",
  ""value"": ""INCNN1""
 },
 {
  ""label"": ""INCOA6 - KAKINADA SEZ KAKINAD"",
  ""value"": ""INCOA6""
 },
 {
  ""label"": ""INCOH4 - Cooch Behar"",
  ""value"": ""INCOH4""
 },
 {
  ""label"": ""INCOK1 - Cochin"",
  ""value"": ""INCOK1""
 },
 {
  ""label"": ""INCOK4 - Cochin"",
  ""value"": ""INCOK4""
 },
 {
  ""label"": ""INCOK6 - Cochin(EPZ/SEZ)"",
  ""value"": ""INCOK6""
 },
 {
  ""label"": ""INCOL1 - Colochel"",
  ""value"": ""INCOL1""
 },
 {
  ""label"": ""INCOO1 - Coondapur (Ganguly)"",
  ""value"": ""INCOO1""
 },
 {
  ""label"": ""INCOP6 - PARRY SEZ KAKINADA"",
  ""value"": ""INCOP6""
 },
 {
  ""label"": ""INCPC6 - Kanpur Chakeri"",
  ""value"": ""INCPC6""
 },
 {
  ""label"": ""INCPL6 - Dadri CGML"",
  ""value"": ""INCPL6""
 },
 {
  ""label"": ""INCPR6 - ICD CHAWAPAYAL"",
  ""value"": ""INCPR6""
 },
 {
  ""label"": ""INCRL6 - RGA SEZ CHIKKANKANNE"",
  ""value"": ""INCRL6""
 },
 {
  ""label"": ""INCRN1 - Cornwallis"",
  ""value"": ""INCRN1""
 },
 {
  ""label"": ""INCRW6 - WIPRO/SEZ/BANGALORE"",
  ""value"": ""INCRW6""
 },
 {
  ""label"": ""INCRXB - LOKSAN LCS"",
  ""value"": ""INCRXB""
 },
 {
  ""label"": ""INCSP6 - SI PVT. LTD."",
  ""value"": ""INCSP6""
 },
 {
  ""label"": ""INCSV6 - SPVL SEZ COIMBATORE"",
  ""value"": ""INCSV6""
 },
 {
  ""label"": ""INCTI1 - Chetlat Island"",
  ""value"": ""INCTI1""
 },
 {
  ""label"": ""INCUM1 - Cutch Mandvi"",
  ""value"": ""INCUM1""
 },
 {
  ""label"": ""INDAE4 - Daparizo"",
  ""value"": ""INDAE4""
 },
 {
  ""label"": ""INDAH1 - Dahej"",
  ""value"": ""INDAH1""
 },
 {
  ""label"": ""INDAI4 - Darjeeling"",
  ""value"": ""INDAI4""
 },
 {
  ""label"": ""INDAM1 - Daman"",
  ""value"": ""INDAM1""
 },
 {
  ""label"": ""INDAM4 - Daman"",
  ""value"": ""INDAM4""
 },
 {
  ""label"": ""INDAR6 - ARTHA SEZ GR. NOIDA"",
  ""value"": ""INDAR6""
 },
 {
  ""label"": ""INDBD4 - Dhanbad"",
  ""value"": ""INDBD4""
 },
 {
  ""label"": ""INDBS6 - SANTA-SEZ/ViII-MUPPI"",
  ""value"": ""INDBS6""
 },
 {
  ""label"": ""INDDL6 - PSWC ICD DHANDARIKAL"",
  ""value"": ""INDDL6""
 },
 {
  ""label"": ""INDEA6 - AS PVT. LTD."",
  ""value"": ""INDEA6""
 },
 {
  ""label"": ""INDED4 - Dehra Dun"",
  ""value"": ""INDED4""
 },
 {
  ""label"": ""INDEF6 - INFOSYS SEZ DADRI"",
  ""value"": ""INDEF6""
 },
 {
  ""label"": ""INDEG1 - Deogad"",
  ""value"": ""INDEG1""
 },
 {
  ""label"": ""INDEH6 - HCL TECH. LTD. DEV."",
  ""value"": ""INDEH6""
 },
 {
  ""label"": ""INDEI6 - IVR SEZ NOIDA"",
  ""value"": ""INDEI6""
 },
 {
  ""label"": ""INDEJ6 - JUBILANT SEZ NOIDA"",
  ""value"": ""INDEJ6""
 },
 {
  ""label"": ""INDEL4 - Delhi"",
  ""value"": ""INDEL4""
 },
 {
  ""label"": ""INDEL5 - Delhi"",
  ""value"": ""INDEL5""
 },
 {
  ""label"": ""INDEM6 - MOSERBAER/SEZ/NOIDA"",
  ""value"": ""INDEM6""
 },
 {
  ""label"": ""INDEN6 - M/S NIIT TECH. LTD."",
  ""value"": ""INDEN6""
 },
 {
  ""label"": ""INDEP4 - Deparizo"",
  ""value"": ""INDEP4""
 },
 {
  ""label"": ""INDER6 - Dadri"",
  ""value"": ""INDER6""
 },
 {
  ""label"": ""INDES6 - M/S SEAVIEW DEV. LTD"",
  ""value"": ""INDES6""
 },
 {
  ""label"": ""INDET6 - UNITECH HITECH NOIDA"",
  ""value"": ""INDET6""
 },
 {
  ""label"": ""INDEU6 - UNITECHINFRA NOIDA"",
  ""value"": ""INDEU6""
 },
 {
  ""label"": ""INDEW6 - M/S WIPRO LTD."",
  ""value"": ""INDEW6""
 },
 {
  ""label"": ""INDGI6 - GALLANT SEZ NOIDA"",
  ""value"": ""INDGI6""
 },
 {
  ""label"": ""INDGT6 - GOLDEN SEZ NOIDA"",
  ""value"": ""INDGT6""
 },
 {
  ""label"": ""INDHA6 - Indore-Dhannad"",
  ""value"": ""INDHA6""
 },
 {
  ""label"": ""INDHBB - Dhubri Steamerghat"",
  ""value"": ""INDHBB""
 },
 {
  ""label"": ""INDHLB - Dhalaighat"",
  ""value"": ""INDHLB""
 },
 {
  ""label"": ""INDHM4 - Dharamsala"",
  ""value"": ""INDHM4""
 },
 {
  ""label"": ""INDHN1 - Dahanu"",
  ""value"": ""INDHN1""
 },
 {
  ""label"": ""INDHP1 - Dabhol Port"",
  ""value"": ""INDHP1""
 },
 {
  ""label"": ""INDHR1 - Dholera"",
  ""value"": ""INDHR1""
 },
 {
  ""label"": ""INDHU1 - Dahanu"",
  ""value"": ""INDHU1""
 },
 {
  ""label"": ""INDIB4 - Dibrugarh"",
  ""value"": ""INDIB4""
 },
 {
  ""label"": ""INDID6 - SEZ, MIDC, NANDED"",
  ""value"": ""INDID6""
 },
 {
  ""label"": ""INDIG1 - Dighi Port"",
  ""value"": ""INDIG1""
 },
 {
  ""label"": ""INDIG6 - Dighi (Pune)"",
  ""value"": ""INDIG6""
 },
 {
  ""label"": ""INDIT6 - ANSAL IT/SEZ/NOIDA"",
  ""value"": ""INDIT6""
 },
 {
  ""label"": ""INDIU1 - Diu"",
  ""value"": ""INDIU1""
 },
 {
  ""label"": ""INDIU4 - Diu"",
  ""value"": ""INDIU4""
 },
 {
  ""label"": ""INDIV1 - Div"",
  ""value"": ""INDIV1""
 },
 {
  ""label"": ""INDLAB - Dharchula"",
  ""value"": ""INDLAB""
 },
 {
  ""label"": ""INDLH6 - APLLP SEZ BENGALURU"",
  ""value"": ""INDLH6""
 },
 {
  ""label"": ""INDLI2 - Delhi Railway Statio"",
  ""value"": ""INDLI2""
 },
 {
  ""label"": ""INDLOB - BIRPARA LCS"",
  ""value"": ""INDLOB""
 },
 {
  ""label"": ""INDLUB - Dalu"",
  ""value"": ""INDLUB""
 },
 {
  ""label"": ""INDMA1 - DHAMRA"",
  ""value"": ""INDMA1""
 },
 {
  ""label"": ""INDMRB - Demagir"",
  ""value"": ""INDMRB""
 },
 {
  ""label"": ""INDMT1 - Dharamtar"",
  ""value"": ""INDMT1""
 },
 {
  ""label"": ""INDMU4 - Dimapur"",
  ""value"": ""INDMU4""
 },
 {
  ""label"": ""INDPC4 - DPC BKC Mumbai"",
  ""value"": ""INDPC4""
 },
 {
  ""label"": ""INDPR6 - DAPPER"",
  ""value"": ""INDPR6""
 },
 {
  ""label"": ""INDRC6 - RCIPL SEZ NOIDA"",
  ""value"": ""INDRC6""
 },
 {
  ""label"": ""INDRGB - Darranga"",
  ""value"": ""INDRGB""
 },
 {
  ""label"": ""INDRK1 - Dwarka (Rupen)"",
  ""value"": ""INDRK1""
 },
 {
  ""label"": ""INDRL1 - Dabolim"",
  ""value"": ""INDRL1""
 },
 {
  ""label"": ""INDRU6 - Belgaum Desur"",
  ""value"": ""INDRU6""
 },
 {
  ""label"": ""INDSK1 - Dhanu-shkodi"",
  ""value"": ""INDSK1""
 },
 {
  ""label"": ""INDSM6 - SMRTPL SEZ NOIDA"",
  ""value"": ""INDSM6""
 },
 {
  ""label"": ""INDTW1 - Dantiwara"",
  ""value"": ""INDTW1""
 },
 {
  ""label"": ""INDUR6 - ICD Durgapur"",
  ""value"": ""INDUR6""
 },
 {
  ""label"": ""INDWA1 - Dwarka"",
  ""value"": ""INDWA1""
 },
 {
  ""label"": ""INDWKB - Dawki"",
  ""value"": ""INDWKB""
 },
 {
  ""label"": ""INDWN6 - ICD SAMALKHA PANIPAT"",
  ""value"": ""INDWN6""
 },
 {
  ""label"": ""INDWR6 - INFOSYS SEZ HUBLI"",
  ""value"": ""INDWR6""
 },
 {
  ""label"": ""INENR1 - KAMARAJAR PORT LTD"",
  ""value"": ""INENR1""
 },
 {
  ""label"": ""INERP6 - PUTHUVYPEEN SEZ"",
  ""value"": ""INERP6""
 },
 {
  ""label"": ""INERV6 - VALLARPADOM SEZ"",
  ""value"": ""INERV6""
 },
 {
  ""label"": ""INESH1 - Elphinstone Harbour"",
  ""value"": ""INESH1""
 },
 {
  ""label"": ""INFBD6 - ICD Faridabad"",
  ""value"": ""INFBD6""
 },
 {
  ""label"": ""INFBE6 - ESPIRE SEZ FARIDABAD"",
  ""value"": ""INFBE6""
 },
 {
  ""label"": ""INFBM6 - METRO SEZ GURGAON"",
  ""value"": ""INFBM6""
 },
 {
  ""label"": ""INFBP6 - PERPETUAL FARIDABAD"",
  ""value"": ""INFBP6""
 },
 {
  ""label"": ""INFBRB - Fulbari LCS"",
  ""value"": ""INFBRB""
 },
 {
  ""label"": ""INFBS6 - SELECTOSEZ FARIDABAD"",
  ""value"": ""INFBS6""
 },
 {
  ""label"": ""INFCH5 - FPO(SEA) CHENNAI"",
  ""value"": ""INFCH5""
 },
 {
  ""label"": ""INFLT6 - Falta(SEZ)"",
  ""value"": ""INFLT6""
 },
 {
  ""label"": ""INFMA6 - APIICL MEDAK"",
  ""value"": ""INFMA6""
 },
 {
  ""label"": ""INFMH6 - HGSEZL RANGA REDDY"",
  ""value"": ""INFMH6""
 },
 {
  ""label"": ""INFMJ6 - M/S J.T. SEZ, RANGAR"",
  ""value"": ""INFMJ6""
 },
 {
  ""label"": ""INFMS6 - M/S STARGAZE, SEZ"",
  ""value"": ""INFMS6""
 },
 {
  ""label"": ""INGAIB - Gauriphanta"",
  ""value"": ""INGAIB""
 },
 {
  ""label"": ""INGALB - Galgalia"",
  ""value"": ""INGALB""
 },
 {
  ""label"": ""INGAO6 - OPGS POWER GUJARAT"",
  ""value"": ""INGAO6""
 },
 {
  ""label"": ""INGAS6 - ANSAL SEZ GURGAON"",
  ""value"": ""INGAS6""
 },
 {
  ""label"": ""INGAU1 - Gauhati (Panidi)"",
  ""value"": ""INGAU1""
 },
 {
  ""label"": ""INGAU2 - Gauhati (Panidi)"",
  ""value"": ""INGAU2""
 },
 {
  ""label"": ""INGAU4 - Gauhati (Panidi)"",
  ""value"": ""INGAU4""
 },
 {
  ""label"": ""INGAU5 - FPO GUWAHATI"",
  ""value"": ""INGAU5""
 },
 {
  ""label"": ""INGAW2 - Guwahati"",
  ""value"": ""INGAW2""
 },
 {
  ""label"": ""INGAY4 - Gaya"",
  ""value"": ""INGAY4""
 },
 {
  ""label"": ""INGDL6 - DLF CYBERCITY SEZ,"",
  ""value"": ""INGDL6""
 },
 {
  ""label"": ""INGDM6 - MF PARK PVT. LTD."",
  ""value"": ""INGDM6""
 },
 {
  ""label"": ""INGDP6 - FLLPL SEZ THIRUVALUR"",
  ""value"": ""INGDP6""
 },
 {
  ""label"": ""INGED2 - Gede Railway Station"",
  ""value"": ""INGED2""
 },
 {
  ""label"": ""INGGA1 - Gogha"",
  ""value"": ""INGGA1""
 },
 {
  ""label"": ""INGGB6 - SBPL SEZ GURGAON"",
  ""value"": ""INGGB6""
 },
 {
  ""label"": ""INGGC6 - ORIENT SEZ GURGAON"",
  ""value"": ""INGGC6""
 },
 {
  ""label"": ""INGGD6 - DLF LTD."",
  ""value"": ""INGGD6""
 },
 {
  ""label"": ""INGGE6 - AEPL SEZ GURGAON"",
  ""value"": ""INGGE6""
 },
 {
  ""label"": ""INGGF6 - FRESH SEZ GURGAON"",
  ""value"": ""INGGF6""
 },
 {
  ""label"": ""INGGG6 - GHI SEZ GURGAON"",
  ""value"": ""INGGG6""
 },
 {
  ""label"": ""INGGI6 - GIL SEZ, GURGAON"",
  ""value"": ""INGGI6""
 },
 {
  ""label"": ""INGGL6 - LUXOR SEZ GURGAON"",
  ""value"": ""INGGL6""
 },
 {
  ""label"": ""INGGM6 - MIPPL SEZ GURGAON"",
  ""value"": ""INGGM6""
 },
 {
  ""label"": ""INGGN2 - Gurgaon"",
  ""value"": ""INGGN2""
 },
 {
  ""label"": ""INGGO6 - ORIENTCRAFT SEZ GGN"",
  ""value"": ""INGGO6""
 },
 {
  ""label"": ""INGGP6 - SUNWISE SEZ GURGAON"",
  ""value"": ""INGGP6""
 },
 {
  ""label"": ""INGGS6 - SUNCITY SEZ GURGAON"",
  ""value"": ""INGGS6""
 },
 {
  ""label"": ""INGGU6 - URP LTD."",
  ""value"": ""INGGU6""
 },
 {
  ""label"": ""INGGV1 - GANGAVARAM PORT"",
  ""value"": ""INGGV1""
 },
 {
  ""label"": ""INGHA1 - Ghogha"",
  ""value"": ""INGHA1""
 },
 {
  ""label"": ""INGHC6 - ASF INSIGNIA SEZ"",
  ""value"": ""INGHC6""
 },
 {
  ""label"": ""INGHPB - Ghasuapara"",
  ""value"": ""INGHPB""
 },
 {
  ""label"": ""INGHR6 - Garhi Harsaru Gurgao"",
  ""value"": ""INGHR6""
 },
 {
  ""label"": ""INGHWB - Gauhati Steamerghat"",
  ""value"": ""INGHWB""
 },
 {
  ""label"": ""INGID6 - MID PLTD SEZ GURGAON"",
  ""value"": ""INGID6""
 },
 {
  ""label"": ""INGIN6 - Gandhidham"",
  ""value"": ""INGIN6""
 },
 {
  ""label"": ""INGJIB - Gunji"",
  ""value"": ""INGJIB""
 },
 {
  ""label"": ""INGJXB - Ghojadanga"",
  ""value"": ""INGJXB""
 },
 {
  ""label"": ""INGKJ2 - Golakganj Railway St"",
  ""value"": ""INGKJ2""
 },
 {
  ""label"": ""INGKJB - Golakganj LCS"",
  ""value"": ""INGKJB""
 },
 {
  ""label"": ""INGLY6 - APIIC MAHABOOBNAGAR"",
  ""value"": ""INGLY6""
 },
 {
  ""label"": ""INGMI6 - MID PVT LTD."",
  ""value"": ""INGMI6""
 },
 {
  ""label"": ""INGNA6 - APPL, SEZ"",
  ""value"": ""INGNA6""
 },
 {
  ""label"": ""INGNC6 - GIFT SEZ LTD"",
  ""value"": ""INGNC6""
 },
 {
  ""label"": ""INGNG6 - GIDC, SEZ"",
  ""value"": ""INGNG6""
 },
 {
  ""label"": ""INGNL6 - LOMA ITPARK GHANSOLI"",
  ""value"": ""INGNL6""
 },
 {
  ""label"": ""INGNP6 - GPRPL SEZ GURGAON"",
  ""value"": ""INGNP6""
 },
 {
  ""label"": ""INGNR6 - LIPL/MARRIPLEMGUNTUR"",
  ""value"": ""INGNR6""
 },
 {
  ""label"": ""INGNT6 - TCSL, SEZ"",
  ""value"": ""INGNT6""
 },
 {
  ""label"": ""INGOI4 - Goa"",
  ""value"": ""INGOI4""
 },
 {
  ""label"": ""INGOP4 - Gorakhpur"",
  ""value"": ""INGOP4""
 },
 {
  ""label"": ""INGPB6 - PROGRESSIVE GURGAON"",
  ""value"": ""INGPB6""
 },
 {
  ""label"": ""INGPR1 - Gopalpur"",
  ""value"": ""INGPR1""
 },
 {
  ""label"": ""INGRD6 - Mumbai DP-II"",
  ""value"": ""INGRD6""
 },
 {
  ""label"": ""INGRL6 - GPRL SEZ GURGAON"",
  ""value"": ""INGRL6""
 },
 {
  ""label"": ""INGRN6 - RELIANCE SEZ GURGAON"",
  ""value"": ""INGRN6""
 },
 {
  ""label"": ""INGRR6 - Mumbai DP-I"",
  ""value"": ""INGRR6""
 },
 {
  ""label"": ""INGRS6 - RAHEJA SEZ GURGAON"",
  ""value"": ""INGRS6""
 },
 {
  ""label"": ""INGRW6 - APM ICD BHAMBOLIKHED"",
  ""value"": ""INGRW6""
 },
 {
  ""label"": ""INGTGB - Gitaldah road"",
  ""value"": ""INGTGB""
 },
 {
  ""label"": ""INGTI6 - INFOSYS TECH. LTD."",
  ""value"": ""INGTI6""
 },
 {
  ""label"": ""INGTR2 - Guntur"",
  ""value"": ""INGTR2""
 },
 {
  ""label"": ""INGTS6 - SP PVT. LTD."",
  ""value"": ""INGTS6""
 },
 {
  ""label"": ""INGTZB - Getandah"",
  ""value"": ""INGTZB""
 },
 {
  ""label"": ""INGUX4 - Guna"",
  ""value"": ""INGUX4""
 },
 {
  ""label"": ""INGWL4 - Gwalior"",
  ""value"": ""INGWL4""
 },
 {
  ""label"": ""INGWL6 - Malanpuri (Gwalior)"",
  ""value"": ""INGWL6""
 },
 {
  ""label"": ""INGWM4 - VIJAYAWADA AIRPORT"",
  ""value"": ""INGWM4""
 },
 {
  ""label"": ""INHAL1 - Haldia"",
  ""value"": ""INHAL1""
 },
 {
  ""label"": ""INHAN6 - HINDAUN ICD KARAULI"",
  ""value"": ""INHAN6""
 },
 {
  ""label"": ""INHAO6 - OPTOINFRA/SEZ/HASSAN"",
  ""value"": ""INHAO6""
 },
 {
  ""label"": ""INHAS6 - HASSAN ICD"",
  ""value"": ""INHAS6""
 },
 {
  ""label"": ""INHBB6 - SDPL SEZ BENGALURU"",
  ""value"": ""INHBB6""
 },
 {
  ""label"": ""INHBX4 - Hubli"",
  ""value"": ""INHBX4""
 },
 {
  ""label"": ""INHDD6 - SIDCUL ICD PANTNAGAR"",
  ""value"": ""INHDD6""
 },
 {
  ""label"": ""INHEB6 - GOCL SEZ BENGALURU"",
  ""value"": ""INHEB6""
 },
 {
  ""label"": ""INHEI6 - INFOSYS/SEZ/MYSORE"",
  ""value"": ""INHEI6""
 },
 {
  ""label"": ""INHEM6 - MEBP/SEZ/BANGALORE"",
  ""value"": ""INHEM6""
 },
 {
  ""label"": ""INHGLB - Hingalganj"",
  ""value"": ""INHGLB""
 },
 {
  ""label"": ""INHGT1 - Hangarkatta"",
  ""value"": ""INHGT1""
 },
 {
  ""label"": ""INHIR6 - SHB ICD SURAT"",
  ""value"": ""INHIR6""
 },
 {
  ""label"": ""INHJR4 - Khajuraho"",
  ""value"": ""INHJR4""
 },
 {
  ""label"": ""INHLD2 - Haldibari Railway St"",
  ""value"": ""INHLD2""
 },
 {
  ""label"": ""INHLE6 - INFY SEZ BEGURHOBLI"",
  ""value"": ""INHLE6""
 },
 {
  ""label"": ""INHLIB - Hilli"",
  ""value"": ""INHLIB""
 },
 {
  ""label"": ""INHND1 - HEMNAGAR PORT"",
  ""value"": ""INHND1""
 },
 {
  ""label"": ""INHON1 - Honavar"",
  ""value"": ""INHON1""
 },
 {
  ""label"": ""INHPI6 - SANDKHERA ICD KASHIP"",
  ""value"": ""INHPI6""
 },
 {
  ""label"": ""INHRN1 - Harnai"",
  ""value"": ""INHRN1""
 },
 {
  ""label"": ""INHSF6 - KIADBFP SEZ HASSAN"",
  ""value"": ""INHSF6""
 },
 {
  ""label"": ""INHSP6 - KIADBP SEZ HASSAN"",
  ""value"": ""INHSP6""
 },
 {
  ""label"": ""INHSS4 - Hissar"",
  ""value"": ""INHSS4""
 },
 {
  ""label"": ""INHST6 - KIADBT SEZ HASSAN"",
  ""value"": ""INHST6""
 },
 {
  ""label"": ""INHSU6 - ICD HOSUR"",
  ""value"": ""INHSU6""
 },
 {
  ""label"": ""INHTSB - Hatisar"",
  ""value"": ""INHTSB""
 },
 {
  ""label"": ""INHUR6 - M/S RASSI, SEZ"",
  ""value"": ""INHUR6""
 },
 {
  ""label"": ""INHWR1 - Honawar"",
  ""value"": ""INHWR1""
 },
 {
  ""label"": ""INHYB6 - LHT PARK PVT. LTD."",
  ""value"": ""INHYB6""
 },
 {
  ""label"": ""INHYD4 - Hyderabad"",
  ""value"": ""INHYD4""
 },
 {
  ""label"": ""INHYD5 - FPO HYDERABAD"",
  ""value"": ""INHYD5""
 },
 {
  ""label"": ""INHYD6 - Hyderabad"",
  ""value"": ""INHYD6""
 },
 {
  ""label"": ""INHZA1 - HAZIRA, SURAT"",
  ""value"": ""INHZA1""
 },
 {
  ""label"": ""INHZA6 - Hazira SEZ, Surat"",
  ""value"": ""INHZA6""
 },
 {
  ""label"": ""INIDR4 - Indore"",
  ""value"": ""INIDR4""
 },
 {
  ""label"": ""INIDR6 - Indore(EPZ/SEZ)"",
  ""value"": ""INIDR6""
 },
 {
  ""label"": ""INIGU6 - Coimbatore Irugur IC"",
  ""value"": ""INIGU6""
 },
 {
  ""label"": ""INILP6 - Tiruvallur-ILP ICD"",
  ""value"": ""INILP6""
 },
 {
  ""label"": ""INIMF4 - Imphal"",
  ""value"": ""INIMF4""
 },
 {
  ""label"": ""ININB6 - CRYSTAL IT PARK, SEZ"",
  ""value"": ""ININB6""
 },
 {
  ""label"": ""ININD6 - ICD Pithampur"",
  ""value"": ""ININD6""
 },
 {
  ""label"": ""ININI6 - IMPETUS INFOTECH SEZ"",
  ""value"": ""ININI6""
 },
 {
  ""label"": ""ININN6 - INFOSYS SEZ INDORE"",
  ""value"": ""ININN6""
 },
 {
  ""label"": ""ININT6 - TCS SEZ INDORE"",
  ""value"": ""ININT6""
 },
 {
  ""label"": ""INISK4 - Nasik"",
  ""value"": ""INISK4""
 },
 {
  ""label"": ""INISK6 - Nasik"",
  ""value"": ""INISK6""
 },
 {
  ""label"": ""INIXA4 - Agartala"",
  ""value"": ""INIXA4""
 },
 {
  ""label"": ""INIXB4 - Bagdogra"",
  ""value"": ""INIXB4""
 },
 {
  ""label"": ""INIXC4 - Chandigarh"",
  ""value"": ""INIXC4""
 },
 {
  ""label"": ""INIXD4 - Allahabad"",
  ""value"": ""INIXD4""
 },
 {
  ""label"": ""INIXE1 - Mangalore"",
  ""value"": ""INIXE1""
 },
 {
  ""label"": ""INIXE4 - Mangalore"",
  ""value"": ""INIXE4""
 },
 {
  ""label"": ""INIXG4 - Belgaum"",
  ""value"": ""INIXG4""
 },
 {
  ""label"": ""INIXH4 - Kailashahar"",
  ""value"": ""INIXH4""
 },
 {
  ""label"": ""INIXI4 - Lilabari"",
  ""value"": ""INIXI4""
 },
 {
  ""label"": ""INIXJ4 - Jammu"",
  ""value"": ""INIXJ4""
 },
 {
  ""label"": ""INIXK4 - Keshod"",
  ""value"": ""INIXK4""
 },
 {
  ""label"": ""INIXL4 - Leh"",
  ""value"": ""INIXL4""
 },
 {
  ""label"": ""INIXL5 - FPO LEH"",
  ""value"": ""INIXL5""
 },
 {
  ""label"": ""INIXM4 - Madurai"",
  ""value"": ""INIXM4""
 },
 {
  ""label"": ""INIXM6 - MaduraiICD"",
  ""value"": ""INIXM6""
 },
 {
  ""label"": ""INIXN4 - Khowai"",
  ""value"": ""INIXN4""
 },
 {
  ""label"": ""INIXP4 - Pathankot"",
  ""value"": ""INIXP4""
 },
 {
  ""label"": ""INIXQ4 - Kamalpur"",
  ""value"": ""INIXQ4""
 },
 {
  ""label"": ""INIXR4 - Ranchi"",
  ""value"": ""INIXR4""
 },
 {
  ""label"": ""INIXS4 - Silchar"",
  ""value"": ""INIXS4""
 },
 {
  ""label"": ""INIXT4 - Pasighat"",
  ""value"": ""INIXT4""
 },
 {
  ""label"": ""INIXU4 - AURANGABAD"",
  ""value"": ""INIXU4""
 },
 {
  ""label"": ""INIXW4 - Jamshedpur"",
  ""value"": ""INIXW4""
 },
 {
  ""label"": ""INIXW6 - Jamshedpur ICD"",
  ""value"": ""INIXW6""
 },
 {
  ""label"": ""INIXY1 - Kandla"",
  ""value"": ""INIXY1""
 },
 {
  ""label"": ""INIXY4 - Kandla"",
  ""value"": ""INIXY4""
 },
 {
  ""label"": ""INIXY6 - Kandla SEZ"",
  ""value"": ""INIXY6""
 },
 {
  ""label"": ""INIXZ1 - Port Blair"",
  ""value"": ""INIXZ1""
 },
 {
  ""label"": ""INIXZ4 - Port Blair"",
  ""value"": ""INIXZ4""
 },
 {
  ""label"": ""INJAI4 - Jaipur"",
  ""value"": ""INJAI4""
 },
 {
  ""label"": ""INJAI5 - Jaipur"",
  ""value"": ""INJAI5""
 },
 {
  ""label"": ""INJAI6 - Jaipur"",
  ""value"": ""INJAI6""
 },
 {
  ""label"": ""INJAK1 - Jakhau"",
  ""value"": ""INJAK1""
 },
 {
  ""label"": ""INJAL6 - Jalgaon"",
  ""value"": ""INJAL6""
 },
 {
  ""label"": ""INJAYB - Jayanagar"",
  ""value"": ""INJAYB""
 },
 {
  ""label"": ""INJBD1 - Jafrabad"",
  ""value"": ""INJBD1""
 },
 {
  ""label"": ""INJBL6 - E-COMPLEX SEZ/Amreli"",
  ""value"": ""INJBL6""
 },
 {
  ""label"": ""INJBNB - JOGBANI"",
  ""value"": ""INJBNB""
 },
 {
  ""label"": ""INJDA1 - Jodia"",
  ""value"": ""INJDA1""
 },
 {
  ""label"": ""INJDH4 - Jodhpur"",
  ""value"": ""INJDH4""
 },
 {
  ""label"": ""INJDH6 - Jodhpur"",
  ""value"": ""INJDH6""
 },
 {
  ""label"": ""INJGA4 - Jamnagar"",
  ""value"": ""INJGA4""
 },
 {
  ""label"": ""INJGB4 - Jagdalpur"",
  ""value"": ""INJGB4""
 },
 {
  ""label"": ""INJGD1 - Jaigad"",
  ""value"": ""INJGD1""
 },
 {
  ""label"": ""INJGI6 - GENPACT SEZ JAIPUR"",
  ""value"": ""INJGI6""
 },
 {
  ""label"": ""INJHA6 - VEDANTA ALU. LTD."",
  ""value"": ""INJHA6""
 },
 {
  ""label"": ""INJHOB - Jhulaghat (Pithoraga"",
  ""value"": ""INJHOB""
 },
 {
  ""label"": ""INJHV6 - VEDANTASEZJHARSUGUDA"",
  ""value"": ""INJHV6""
 },
 {
  ""label"": ""INJIGB - Jaigaon"",
  ""value"": ""INJIGB""
 },
 {
  ""label"": ""INJJK6 - ICD JSL JAJPUR"",
  ""value"": ""INJJK6""
 },
 {
  ""label"": ""INJKA6 - SACHANA ICD VIRAMGAM"",
  ""value"": ""INJKA6""
 },
 {
  ""label"": ""INJLR4 - Jabalpur"",
  ""value"": ""INJLR4""
 },
 {
  ""label"": ""INJNJ6 - NEWFOUND SEZ THANE"",
  ""value"": ""INJNJ6""
 },
 {
  ""label"": ""INJNR4 - Nashik-Janori ACC"",
  ""value"": ""INJNR4""
 },
 {
  ""label"": ""INJNR6 - Nashik-Janori ICD"",
  ""value"": ""INJNR6""
 },
 {
  ""label"": ""INJPGB - Jalpaiguri"",
  ""value"": ""INJPGB""
 },
 {
  ""label"": ""INJPI6 - RIICO SEZ 1 SITAPUR"",
  ""value"": ""INJPI6""
 },
 {
  ""label"": ""INJPV6 - VATIKA SEZ JAIPUR"",
  ""value"": ""INJPV6""
 },
 {
  ""label"": ""INJPW6 - MWC JAIPUR LTD."",
  ""value"": ""INJPW6""
 },
 {
  ""label"": ""INJRH4 - Jorhat"",
  ""value"": ""INJRH4""
 },
 {
  ""label"": ""INJSA4 - Jaisalmer"",
  ""value"": ""INJSA4""
 },
 {
  ""label"": ""INJSG6 - CONCOR JHARSUGUDA"",
  ""value"": ""INJSG6""
 },
 {
  ""label"": ""INJSM6 - ADANI POWER SEZ"",
  ""value"": ""INJSM6""
 },
 {
  ""label"": ""INJSZ6 - JAIPUR SEZ"",
  ""value"": ""INJSZ6""
 },
 {
  ""label"": ""INJTP1 - Jaitapur"",
  ""value"": ""INJTP1""
 },
 {
  ""label"": ""INJUC6 - Jalandhar"",
  ""value"": ""INJUC6""
 },
 {
  ""label"": ""INJUX6 - Basni Jodhpur ICD"",
  ""value"": ""INJUX6""
 },
 {
  ""label"": ""INJWAB - Jarwa"",
  ""value"": ""INJWAB""
 },
 {
  ""label"": ""INKAK1 - Kakinada"",
  ""value"": ""INKAK1""
 },
 {
  ""label"": ""INKAK6 - Kakinada"",
  ""value"": ""INKAK6""
 },
 {
  ""label"": ""INKAL1 - Kallai"",
  ""value"": ""INKAL1""
 },
 {
  ""label"": ""INKAP6 - Kapadra (Surat)"",
  ""value"": ""INKAP6""
 },
 {
  ""label"": ""INKAR6 - Karur ICD"",
  ""value"": ""INKAR6""
 },
 {
  ""label"": ""INKAT1 - KATTUPALLI PORT"",
  ""value"": ""INKAT1""
 },
 {
  ""label"": ""INKBC6 - ICD HAZIRA"",
  ""value"": ""INKBC6""
 },
 {
  ""label"": ""INKBT1 - Khambhat"",
  ""value"": ""INKBT1""
 },
 {
  ""label"": ""INKCG6 - NSL SEZ PVT. LTD."",
  ""value"": ""INKCG6""
 },
 {
  ""label"": ""INKDD6 - Karedu"",
  ""value"": ""INKDD6""
 },
 {
  ""label"": ""INKDI1 - Kadmat Island"",
  ""value"": ""INKDI1""
 },
 {
  ""label"": ""INKDL6 - KANDLA SEZ"",
  ""value"": ""INKDL6""
 },
 {
  ""label"": ""INKDN1 - Kodinar(Muldwarka)"",
  ""value"": ""INKDN1""
 },
 {
  ""label"": ""INKDP1 - Kondiapetnam"",
  ""value"": ""INKDP1""
 },
 {
  ""label"": ""INKELB - Kel Sahar Subdivisio"",
  ""value"": ""INKELB""
 },
 {
  ""label"": ""INKGG6 - GLOBAL/SEZ/BANGALORE"",
  ""value"": ""INKGG6""
 },
 {
  ""label"": ""INKGJ1 - KARIMGANJ STEAMERGHA"",
  ""value"": ""INKGJ1""
 },
 {
  ""label"": ""INKHD6 - ICD Kheda-Dhar"",
  ""value"": ""INKHD6""
 },
 {
  ""label"": ""INKIW1 - Kelwa"",
  ""value"": ""INKIW1""
 },
 {
  ""label"": ""INKJA6 - APP/SEZ/DODAKANAHALI"",
  ""value"": ""INKJA6""
 },
 {
  ""label"": ""INKJB6 - BAGMAN/SEZ/BANGALORE"",
  ""value"": ""INKJB6""
 },
 {
  ""label"": ""INKJD6 - DIVYA/SEZ/BANGALORE"",
  ""value"": ""INKJD6""
 },
 {
  ""label"": ""INKJG6 - GOPALAN/SEZ/BANGALOR"",
  ""value"": ""INKJG6""
 },
 {
  ""label"": ""INKJH6 - HCL/SEZ/BANGALORE"",
  ""value"": ""INKJH6""
 },
 {
  ""label"": ""INKJIB - PIPRAUN LCS"",
  ""value"": ""INKJIB""
 },
 {
  ""label"": ""INKJM6 - BD SEZ BENGALURU"",
  ""value"": ""INKJM6""
 },
 {
  ""label"": ""INKJR6 - BBREL KUNDALAHALLI"",
  ""value"": ""INKJR6""
 },
 {
  ""label"": ""INKKR1 - Kilakari"",
  ""value"": ""INKKR1""
 },
 {
  ""label"": ""INKKU6 - Kanakpura Jaipur ICD"",
  ""value"": ""INKKU6""
 },
 {
  ""label"": ""INKLB6 - BLUE/SEZ/ERNAKULAM"",
  ""value"": ""INKLB6""
 },
 {
  ""label"": ""INKLC6 - CARB/SEZ/ERNAKULAM"",
  ""value"": ""INKLC6""
 },
 {
  ""label"": ""INKLG6 - SGS/SEZ/ERNAKULAM"",
  ""value"": ""INKLG6""
 },
 {
  ""label"": ""INKLH4 - Kohlapur"",
  ""value"": ""INKLH4""
 },
 {
  ""label"": ""INKLI6 - INFOPARK/SEZ/EKM"",
  ""value"": ""INKLI6""
 },
 {
  ""label"": ""INKLK6 - KINFRA KANAYANNOOR"",
  ""value"": ""INKLK6""
 },
 {
  ""label"": ""INKLM6 - MULTISERVCEKALAMBOLI"",
  ""value"": ""INKLM6""
 },
 {
  ""label"": ""INKLN6 - IT/ITES/SEZ/KALAMBOL"",
  ""value"": ""INKLN6""
 },
 {
  ""label"": ""INKLS6 - SMART CITY SEZ KOCHI"",
  ""value"": ""INKLS6""
 },
 {
  ""label"": ""INKLY1 - Kalyan"",
  ""value"": ""INKLY1""
 },
 {
  ""label"": ""INKMAB - KULKULI LCS"",
  ""value"": ""INKMAB""
 },
 {
  ""label"": ""INKMB1 - Kumbharu"",
  ""value"": ""INKMB1""
 },
 {
  ""label"": ""INKMI6 - INFO SEZ ERNAKULAM"",
  ""value"": ""INKMI6""
 },
 {
  ""label"": ""INKML6 - DEIPL KURUBARAPALLI"",
  ""value"": ""INKML6""
 },
 {
  ""label"": ""INKND1 - Kankudy"",
  ""value"": ""INKND1""
 },
 {
  ""label"": ""INKNK6 - INFOPARK SEZ KORATTY"",
  ""value"": ""INKNK6""
 },
 {
  ""label"": ""INKNLB - Kunauli"",
  ""value"": ""INKNLB""
 },
 {
  ""label"": ""INKNU4 - Kanpur"",
  ""value"": ""INKNU4""
 },
 {
  ""label"": ""INKNU5 - FPO KANPUR"",
  ""value"": ""INKNU5""
 },
 {
  ""label"": ""INKNU6 - Kanpur"",
  ""value"": ""INKNU6""
 },
 {
  ""label"": ""INKOC5 - Kochi"",
  ""value"": ""INKOC5""
 },
 {
  ""label"": ""INKOD1 - Kodinar"",
  ""value"": ""INKOD1""
 },
 {
  ""label"": ""INKOI1 - Koilthottum"",
  ""value"": ""INKOI1""
 },
 {
  ""label"": ""INKOK1 - Koka"",
  ""value"": ""INKOK1""
 },
 {
  ""label"": ""INKON1 - Konarak"",
  ""value"": ""INKON1""
 },
 {
  ""label"": ""INKPK6 - CONCOR ICD MIHAN"",
  ""value"": ""INKPK6""
 },
 {
  ""label"": ""INKRI1 - Krishnapatnam"",
  ""value"": ""INKRI1""
 },
 {
  ""label"": ""INKRK1 - Karaikal"",
  ""value"": ""INKRK1""
 },
 {
  ""label"": ""INKRM6 - MADC LTD."",
  ""value"": ""INKRM6""
 },
 {
  ""label"": ""INKRN1 - Karanja"",
  ""value"": ""INKRN1""
 },
 {
  ""label"": ""INKRP1 - Kiranpani"",
  ""value"": ""INKRP1""
 },
 {
  ""label"": ""INKRW1 - Karwar"",
  ""value"": ""INKRW1""
 },
 {
  ""label"": ""INKSG1 - Kasargod"",
  ""value"": ""INKSG1""
 },
 {
  ""label"": ""INKSH1 - Kelshi"",
  ""value"": ""INKSH1""
 },
 {
  ""label"": ""INKSP1 - Kulasekarapatnam"",
  ""value"": ""INKSP1""
 },
 {
  ""label"": ""INKTD1 - Kotda"",
  ""value"": ""INKTD1""
 },
 {
  ""label"": ""INKTGB - Katarniyaghat"",
  ""value"": ""INKTGB""
 },
 {
  ""label"": ""INKTI1 - Kiltan Island"",
  ""value"": ""INKTI1""
 },
 {
  ""label"": ""INKTRB - Kathihar"",
  ""value"": ""INKTRB""
 },
 {
  ""label"": ""INKTT6 - Kota"",
  ""value"": ""INKTT6""
 },
 {
  ""label"": ""INKTU4 - Kota"",
  ""value"": ""INKTU4""
 },
 {
  ""label"": ""INKTU6 - Kota"",
  ""value"": ""INKTU6""
 },
 {
  ""label"": ""INKTW1 - Koteshwar"",
  ""value"": ""INKTW1""
 },
 {
  ""label"": ""INKTY6 - CHEYYAR POCHAMPALLI"",
  ""value"": ""INKTY6""
 },
 {
  ""label"": ""INKUK1 - KOLLAM PORT"",
  ""value"": ""INKUK1""
 },
 {
  ""label"": ""INKUK6 - KSITIL/SEZ/KOLLAM"",
  ""value"": ""INKUK6""
 },
 {
  ""label"": ""INKUR6 - OIIDC SEZ KHURDA"",
  ""value"": ""INKUR6""
 },
 {
  ""label"": ""INKUU4 - Kulu"",
  ""value"": ""INKUU4""
 },
 {
  ""label"": ""INKVI1 - Kavi"",
  ""value"": ""INKVI1""
 },
 {
  ""label"": ""INKVL1 - Kovalam"",
  ""value"": ""INKVL1""
 },
 {
  ""label"": ""INKVR6 - WFPML SEZ KOVVUR"",
  ""value"": ""INKVR6""
 },
 {
  ""label"": ""INKVT1 - Kavaratti Island"",
  ""value"": ""INKVT1""
 },
 {
  ""label"": ""INKWAB - Khunwa"",
  ""value"": ""INKWAB""
 },
 {
  ""label"": ""INKWGB - Khowaighat"",
  ""value"": ""INKWGB""
 },
 {
  ""label"": ""INKWHB - KAKRAHAWA LCS"",
  ""value"": ""INKWHB""
 },
 {
  ""label"": ""INKXJ2 - Karimganj Railway St"",
  ""value"": ""INKXJ2""
 },
 {
  ""label"": ""INKYM6 - KOTTAYAM"",
  ""value"": ""INKYM6""
 },
 {
  ""label"": ""INKZE6 - E TECH-I/SEZ/THPURAM"",
  ""value"": ""INKZE6""
 },
 {
  ""label"": ""INKZP6 - E PARK-III/SEZ/T'RAM"",
  ""value"": ""INKZP6""
 },
 {
  ""label"": ""INKZT6 - E PARK-II/SEZ/TPURAM"",
  ""value"": ""INKZT6""
 },
 {
  ""label"": ""INLCH6 - HCL IT SEZ LUCKNOW"",
  ""value"": ""INLCH6""
 },
 {
  ""label"": ""INLDA4 - Malda"",
  ""value"": ""INLDA4""
 },
 {
  ""label"": ""INLDH6 - Ludhiana"",
  ""value"": ""INLDH6""
 },
 {
  ""label"": ""INLGLB - Lalgola Town"",
  ""value"": ""INLGLB""
 },
 {
  ""label"": ""INLKO4 - Lucknow"",
  ""value"": ""INLKO4""
 },
 {
  ""label"": ""INLKQB - LAUKAHA LCS"",
  ""value"": ""INLKQB""
 },
 {
  ""label"": ""INLON6 - ICD Loni"",
  ""value"": ""INLON6""
 },
 {
  ""label"": ""INLPB6 - BBLLP NANAKRAMGUDA"",
  ""value"": ""INLPB6""
 },
 {
  ""label"": ""INLPC6 - CMC LTD."",
  ""value"": ""INLPC6""
 },
 {
  ""label"": ""INLPD6 - M/S DLF, SEZ"",
  ""value"": ""INLPD6""
 },
 {
  ""label"": ""INLPG6 - GCPL SEZ KOKAPET"",
  ""value"": ""INLPG6""
 },
 {
  ""label"": ""INLPI6 - M/S SUNDEW, SEZ"",
  ""value"": ""INLPI6""
 },
 {
  ""label"": ""INLPJ6 - RELIANCE SEZ"",
  ""value"": ""INLPJ6""
 },
 {
  ""label"": ""INLPM6 - MDL NANAKRAMGUDA"",
  ""value"": ""INLPM6""
 },
 {
  ""label"": ""INLPR1 - Leapuram"",
  ""value"": ""INLPR1""
 },
 {
  ""label"": ""INLPS6 - D NSL IP LTD."",
  ""value"": ""INLPS6""
 },
 {
  ""label"": ""INLPW6 - WIPRO LTD. HYDERABAD"",
  ""value"": ""INLPW6""
 },
 {
  ""label"": ""INLTBB - Latu Bazar"",
  ""value"": ""INLTBB""
 },
 {
  ""label"": ""INLUD6 - LUDHIANA"",
  ""value"": ""INLUD6""
 },
 {
  ""label"": ""INLUH4 - Ludhiana"",
  ""value"": ""INLUH4""
 },
 {
  ""label"": ""INLUH5 - FPO LUDHIANA"",
  ""value"": ""INLUH5""
 },
 {
  ""label"": ""INLUH6 - Ludhiana"",
  ""value"": ""INLUH6""
 },
 {
  ""label"": ""INLWG6 - WIPRO LTD."",
  ""value"": ""INLWG6""
 },
 {
  ""label"": ""INMAA1 - Chennai (Ex Madras)"",
  ""value"": ""INMAA1""
 },
 {
  ""label"": ""INMAA4 - Chennai (Ex Madras)"",
  ""value"": ""INMAA4""
 },
 {
  ""label"": ""INMAA5 - Chennai (Ex Madras)"",
  ""value"": ""INMAA5""
 },
 {
  ""label"": ""INMAA6 - Chennai(EPZ/SEZ)"",
  ""value"": ""INMAA6""
 },
 {
  ""label"": ""INMAB6 - BRIGADE/SEZ/KANNADA"",
  ""value"": ""INMAB6""
 },
 {
  ""label"": ""INMAE6 - EC OF TAMIL NADU"",
  ""value"": ""INMAE6""
 },
 {
  ""label"": ""INMAH1 - Mahe"",
  ""value"": ""INMAH1""
 },
 {
  ""label"": ""INMAI6 - INFOSYS/SEZ/MANGALOR"",
  ""value"": ""INMAI6""
 },
 {
  ""label"": ""INMAL1 - Malpe"",
  ""value"": ""INMAL1""
 },
 {
  ""label"": ""INMAP1 - Masulipatnam"",
  ""value"": ""INMAP1""
 },
 {
  ""label"": ""INMAQ6 - MANGALORE SEZ"",
  ""value"": ""INMAQ6""
 },
 {
  ""label"": ""INMAS6 - TRIL INFOPARK LTD."",
  ""value"": ""INMAS6""
 },
 {
  ""label"": ""INMBC6 - Moradabad(EPZ/SEZ)"",
  ""value"": ""INMBC6""
 },
 {
  ""label"": ""INMBD6 - Pakwara (Moradabad)"",
  ""value"": ""INMBD6""
 },
 {
  ""label"": ""INMBS6 - Madhosingh ICD"",
  ""value"": ""INMBS6""
 },
 {
  ""label"": ""INMCI1 - Minicoi I"",
  ""value"": ""INMCI1""
 },
 {
  ""label"": ""INMDA1 - Magdalla"",
  ""value"": ""INMDA1""
 },
 {
  ""label"": ""INMDD6 - Mandideep ICD"",
  ""value"": ""INMDD6""
 },
 {
  ""label"": ""INMDE6 - APIIC SEZ MEDAK"",
  ""value"": ""INMDE6""
 },
 {
  ""label"": ""INMDG6 - Margao"",
  ""value"": ""INMDG6""
 },
 {
  ""label"": ""INMDK1 - Muldwarka"",
  ""value"": ""INMDK1""
 },
 {
  ""label"": ""INMDP1 - Mandapam"",
  ""value"": ""INMDP1""
 },
 {
  ""label"": ""INMDU6 - KERN ICD MADURAI"",
  ""value"": ""INMDU6""
 },
 {
  ""label"": ""INMDV1 - Mandvi"",
  ""value"": ""INMDV1""
 },
 {
  ""label"": ""INMDW1 - Meadows"",
  ""value"": ""INMDW1""
 },
 {
  ""label"": ""INMEA6 - APIIC-SEZ/ViII-LALGA"",
  ""value"": ""INMEA6""
 },
 {
  ""label"": ""INMEC6 - EC OF TAMIL NADU"",
  ""value"": ""INMEC6""
 },
 {
  ""label"": ""INMGHB - Mahendraganj"",
  ""value"": ""INMGHB""
 },
 {
  ""label"": ""INMGR1 - Mangrol"",
  ""value"": ""INMGR1""
 },
 {
  ""label"": ""INMHA1 - Mahuva"",
  ""value"": ""INMHA1""
 },
 {
  ""label"": ""INMHDB - Kotawalighat (Mohedi"",
  ""value"": ""INMHDB""
 },
 {
  ""label"": ""INMHE1 - Mahe"",
  ""value"": ""INMHE1""
 },
 {
  ""label"": ""INMHGB - Mahurighat"",
  ""value"": ""INMHGB""
 },
 {
  ""label"": ""INMHN2 - Mahisashan Railway S"",
  ""value"": ""INMHN2""
 },
 {
  ""label"": ""INMKCB - Manikarchar"",
  ""value"": ""INMKCB""
 },
 {
  ""label"": ""INMKD6 - MIKADO SEZ GURGAON"",
  ""value"": ""INMKD6""
 },
 {
  ""label"": ""INMLI1 - Maroli"",
  ""value"": ""INMLI1""
 },
 {
  ""label"": ""INMLP1 - Mallipuram"",
  ""value"": ""INMLP1""
 },
 {
  ""label"": ""INMLW1 - Malwan"",
  ""value"": ""INMLW1""
 },
 {
  ""label"": ""INMNB2 - Munabao Railway Stat"",
  ""value"": ""INMNB2""
 },
 {
  ""label"": ""INMNR1 - Manori"",
  ""value"": ""INMNR1""
 },
 {
  ""label"": ""INMNUB - Manu"",
  ""value"": ""INMNUB""
 },
 {
  ""label"": ""INMNW1 - Mandwa"",
  ""value"": ""INMNW1""
 },
 {
  ""label"": ""INMOH4 - Mohanbari"",
  ""value"": ""INMOH4""
 },
 {
  ""label"": ""INMOR2 - Moradabad"",
  ""value"": ""INMOR2""
 },
 {
  ""label"": ""INMPC1 - TEST"",
  ""value"": ""INMPC1""
 },
 {
  ""label"": ""INMPR6 - Malanpur ICD"",
  ""value"": ""INMPR6""
 },
 {
  ""label"": ""INMQK6 - KIADB/SEZ/MANGALORE"",
  ""value"": ""INMQK6""
 },
 {
  ""label"": ""INMRA1 - Mora"",
  ""value"": ""INMRA1""
 },
 {
  ""label"": ""INMRD1 - Murad"",
  ""value"": ""INMRD1""
 },
 {
  ""label"": ""INMREB - Moreh"",
  ""value"": ""INMREB""
 },
 {
  ""label"": ""INMRG4 - Margao"",
  ""value"": ""INMRG4""
 },
 {
  ""label"": ""INMRJ6 - Miraj"",
  ""value"": ""INMRJ6""
 },
 {
  ""label"": ""INMRM1 - Marmagoa"",
  ""value"": ""INMRM1""
 },
 {
  ""label"": ""INMSR6 - RENAIS/SEZ/BANGALORE"",
  ""value"": ""INMSR6""
 },
 {
  ""label"": ""INMTW1 - Metwad"",
  ""value"": ""INMTW1""
 },
 {
  ""label"": ""INMUC6 - SCPL/SEZ/MULUND"",
  ""value"": ""INMUC6""
 },
 {
  ""label"": ""INMUL6 - Mulund ICD"",
  ""value"": ""INMUL6""
 },
 {
  ""label"": ""INMUN1 - Mundra"",
  ""value"": ""INMUN1""
 },
 {
  ""label"": ""INMUR1 - Murad"",
  ""value"": ""INMUR1""
 },
 {
  ""label"": ""INMUZ6 - MODINAGAR ICD"",
  ""value"": ""INMUZ6""
 },
 {
  ""label"": ""INMWA6 - ICD Maliwada"",
  ""value"": ""INMWA6""
 },
 {
  ""label"": ""INMYB1 - Mayabandar"",
  ""value"": ""INMYB1""
 },
 {
  ""label"": ""INMYL6 - L AND T/SEZ/MYSORE"",
  ""value"": ""INMYL6""
 },
 {
  ""label"": ""INMYO6 - OPTOINFRA/SEZ/MYSORE"",
  ""value"": ""INMYO6""
 },
 {
  ""label"": ""INMYQ4 - Mysore"",
  ""value"": ""INMYQ4""
 },
 {
  ""label"": ""INMZA4 - Muzaffarnagar"",
  ""value"": ""INMZA4""
 },
 {
  ""label"": ""INMZU4 - Muzaffarpur"",
  ""value"": ""INMZU4""
 },
 {
  ""label"": ""INNAG4 - Nagpur"",
  ""value"": ""INNAG4""
 },
 {
  ""label"": ""INNAG6 - Nagpur"",
  ""value"": ""INNAG6""
 },
 {
  ""label"": ""INNAN1 - Nancowrie"",
  ""value"": ""INNAN1""
 },
 {
  ""label"": ""INNAV1 - Navlakhi"",
  ""value"": ""INNAV1""
 },
 {
  ""label"": ""INNDA6 - Noida(EPZ/SEZ)"",
  ""value"": ""INNDA6""
 },
 {
  ""label"": ""INNDC4 - Nanded"",
  ""value"": ""INNDC4""
 },
 {
  ""label"": ""INNDG1 - Nandgaon"",
  ""value"": ""INNDG1""
 },
 {
  ""label"": ""INNDP1 - Tuglakabad"",
  ""value"": ""INNDP1""
 },
 {
  ""label"": ""INNEE1 - Neendakara"",
  ""value"": ""INNEE1""
 },
 {
  ""label"": ""INNEL1 - Nellore"",
  ""value"": ""INNEL1""
 },
 {
  ""label"": ""INNGB6 - BUTIBORI ICD NAGPUR"",
  ""value"": ""INNGB6""
 },
 {
  ""label"": ""INNGKB - NAGARKATA LCS"",
  ""value"": ""INNGKB""
 },
 {
  ""label"": ""INNGO6 - OSE SEZ NOIDA"",
  ""value"": ""INNGO6""
 },
 {
  ""label"": ""INNGP6 - Nagpur"",
  ""value"": ""INNGP6""
 },
 {
  ""label"": ""INNGRB - Nepalgunj Road"",
  ""value"": ""INNGRB""
 },
 {
  ""label"": ""INNGSB - Village Namgaya Ship"",
  ""value"": ""INNGSB""
 },
 {
  ""label"": ""INNKI6 - INDIABULLS NASHIK"",
  ""value"": ""INNKI6""
 },
 {
  ""label"": ""INNKNB - Namkhana"",
  ""value"": ""INNKNB""
 },
 {
  ""label"": ""INNML1 - New Mangalore"",
  ""value"": ""INNML1""
 },
 {
  ""label"": ""INNMTB - Neamati steamer Ghat"",
  ""value"": ""INNMTB""
 },
 {
  ""label"": ""INNNN6 - AMRL SEZ NANGUNERI"",
  ""value"": ""INNNN6""
 },
 {
  ""label"": ""INNPGB - Nampong"",
  ""value"": ""INNPGB""
 },
 {
  ""label"": ""INNPT1 - Nagapattinam"",
  ""value"": ""INNPT1""
 },
 {
  ""label"": ""INNRP6 - AA LTD."",
  ""value"": ""INNRP6""
 },
 {
  ""label"": ""INNSA1 - Jawaharlal Nehru (Nh"",
  ""value"": ""INNSA1""
 },
 {
  ""label"": ""INNSK6 - Nasik"",
  ""value"": ""INNSK6""
 },
 {
  ""label"": ""INNTLB - SHERATHANG LCS"",
  ""value"": ""INNTLB""
 },
 {
  ""label"": ""INNTVB - THOOTHIBARI LCS"",
  ""value"": ""INNTVB""
 },
 {
  ""label"": ""INNUR6 - Kundli"",
  ""value"": ""INNUR6""
 },
 {
  ""label"": ""INNVB1 - Navabunder(with its"",
  ""value"": ""INNVB1""
 },
 {
  ""label"": ""INNVP1 - Navaspur"",
  ""value"": ""INNVP1""
 },
 {
  ""label"": ""INNVT1 - Nivti"",
  ""value"": ""INNVT1""
 },
 {
  ""label"": ""INNVY4 - Neyveli"",
  ""value"": ""INNVY4""
 },
 {
  ""label"": ""INNWP1 - Newapur"",
  ""value"": ""INNWP1""
 },
 {
  ""label"": ""INNYP6 - APIIC LTD."",
  ""value"": ""INNYP6""
 },
 {
  ""label"": ""INOKH1 - Okha"",
  ""value"": ""INOKH1""
 },
 {
  ""label"": ""INOMN4 - Osmanabad"",
  ""value"": ""INOMN4""
 },
 {
  ""label"": ""INOMU1 - Old Mundra Port"",
  ""value"": ""INOMU1""
 },
 {
  ""label"": ""INONJ1 - Onjal"",
  ""value"": ""INONJ1""
 },
 {
  ""label"": ""INPAB4 - Bilaspur"",
  ""value"": ""INPAB4""
 },
 {
  ""label"": ""INPAK6 - KSITIL/SEZ/PAYYANOOR"",
  ""value"": ""INPAK6""
 },
 {
  ""label"": ""INPAN1 - Panaji Port"",
  ""value"": ""INPAN1""
 },
 {
  ""label"": ""INPAO6 - HBS SEZ PANOLI"",
  ""value"": ""INPAO6""
 },
 {
  ""label"": ""INPAP2 - Panipat"",
  ""value"": ""INPAP2""
 },
 {
  ""label"": ""INPAT4 - Patna"",
  ""value"": ""INPAT4""
 },
 {
  ""label"": ""INPAV1 - Pipavav (Victor) Por"",
  ""value"": ""INPAV1""
 },
 {
  ""label"": ""INPAV2 - Pipavav (Victor) Por"",
  ""value"": ""INPAV2""
 },
 {
  ""label"": ""INPBD1 - Porbandar"",
  ""value"": ""INPBD1""
 },
 {
  ""label"": ""INPBD4 - Porbandar"",
  ""value"": ""INPBD4""
 },
 {
  ""label"": ""INPBLB - KAMARDWISA LCS"",
  ""value"": ""INPBLB""
 },
 {
  ""label"": ""INPDD1 - Padubidri Minor Port"",
  ""value"": ""INPDD1""
 },
 {
  ""label"": ""INPEK6 - EKIPL/SEZ/PUNE"",
  ""value"": ""INPEK6""
 },
 {
  ""label"": ""INPGH4 - Pantnagar"",
  ""value"": ""INPGH4""
 },
 {
  ""label"": ""INPHBB - Phulbari"",
  ""value"": ""INPHBB""
 },
 {
  ""label"": ""INPID1 - Port Indai"",
  ""value"": ""INPID1""
 },
 {
  ""label"": ""INPIN1 - Pindhara"",
  ""value"": ""INPIN1""
 },
 {
  ""label"": ""INPIT6 - ITL/SEZ/PUNE"",
  ""value"": ""INPIT6""
 },
 {
  ""label"": ""INPKD6 - IGEL SEZ SETTIPALI"",
  ""value"": ""INPKD6""
 },
 {
  ""label"": ""INPKR6 - ICD PALI, REWARI"",
  ""value"": ""INPKR6""
 },
 {
  ""label"": ""INPMB1 - Pamban"",
  ""value"": ""INPMB1""
 },
 {
  ""label"": ""INPMP6 - Pimpri"",
  ""value"": ""INPMP6""
 },
 {
  ""label"": ""INPMT6 - MTDCCL/SEZ/PUNE"",
  ""value"": ""INPMT6""
 },
 {
  ""label"": ""INPNB6 - BTSL SEZ PUNE"",
  ""value"": ""INPNB6""
 },
 {
  ""label"": ""INPNE6 - NT PVT. LTD."",
  ""value"": ""INPNE6""
 },
 {
  ""label"": ""INPNF5 - PATNA FPO"",
  ""value"": ""INPNF5""
 },
 {
  ""label"": ""INPNI6 - MITTAL SEZ PANIPAT"",
  ""value"": ""INPNI6""
 },
 {
  ""label"": ""INPNJ1 - Panjim"",
  ""value"": ""INPNJ1""
 },
 {
  ""label"": ""INPNK6 - KLPPL PANKI"",
  ""value"": ""INPNK6""
 },
 {
  ""label"": ""INPNL6 - PERSIPINA SEZ RAIGAD"",
  ""value"": ""INPNL6""
 },
 {
  ""label"": ""INPNM1 - Panambur"",
  ""value"": ""INPNM1""
 },
 {
  ""label"": ""INPNN1 - Ponnani"",
  ""value"": ""INPNN1""
 },
 {
  ""label"": ""INPNP6 - Babarpur"",
  ""value"": ""INPNP6""
 },
 {
  ""label"": ""INPNQ2 - Pune"",
  ""value"": ""INPNQ2""
 },
 {
  ""label"": ""INPNQ4 - Pune"",
  ""value"": ""INPNQ4""
 },
 {
  ""label"": ""INPNQ6 - SERUM BIO/SEZ/PUNE"",
  ""value"": ""INPNQ6""
 },
 {
  ""label"": ""INPNTB - Panitanki(Naxalbari)"",
  ""value"": ""INPNTB""
 },
 {
  ""label"": ""INPNU6 - TMSF PVT. LTD."",
  ""value"": ""INPNU6""
 },
 {
  ""label"": ""INPNV6 - ICD Panvel"",
  ""value"": ""INPNV6""
 },
 {
  ""label"": ""INPNY1 - Pondicherry"",
  ""value"": ""INPNY1""
 },
 {
  ""label"": ""INPNY4 - Pondicherry"",
  ""value"": ""INPNY4""
 },
 {
  ""label"": ""INPNY6 - ICD PULICHAPALLAM"",
  ""value"": ""INPNY6""
 },
 {
  ""label"": ""INPPG6 - Patparganj ICD,DELHI"",
  ""value"": ""INPPG6""
 },
 {
  ""label"": ""INPPJ1 - Pellet Plant Jetty a"",
  ""value"": ""INPPJ1""
 },
 {
  ""label"": ""INPRD6 - PREPL SEZ PERUNGUDI"",
  ""value"": ""INPRD6""
 },
 {
  ""label"": ""INPRG1 - Purangad"",
  ""value"": ""INPRG1""
 },
 {
  ""label"": ""INPRK6 - ICD POWARKHEDA"",
  ""value"": ""INPRK6""
 },
 {
  ""label"": ""INPRT1 - Paradeep"",
  ""value"": ""INPRT1""
 },
 {
  ""label"": ""INPSH1 - Palshet"",
  ""value"": ""INPSH1""
 },
 {
  ""label"": ""INPSI6 - SIPL/SEZ/PUNE"",
  ""value"": ""INPSI6""
 },
 {
  ""label"": ""INPSN6 - PERFECT SEZ NOIDA"",
  ""value"": ""INPSN6""
 },
 {
  ""label"": ""INPSP6 - NSPL SEZ HINJEWADI"",
  ""value"": ""INPSP6""
 },
 {
  ""label"": ""INPTL6 - Patli ICD"",
  ""value"": ""INPTL6""
 },
 {
  ""label"": ""INPTN1 - Portonovo"",
  ""value"": ""INPTN1""
 },
 {
  ""label"": ""INPTPB - Petrapole LCS"",
  ""value"": ""INPTPB""
 },
 {
  ""label"": ""INPUA6 - AIGP SEZ WAGHOLI"",
  ""value"": ""INPUA6""
 },
 {
  ""label"": ""INPUE6 - EON KHARADI SEZ"",
  ""value"": ""INPUE6""
 },
 {
  ""label"": ""INPUI6 - KIPPLGDPLSEZ KHARADI"",
  ""value"": ""INPUI6""
 },
 {
  ""label"": ""INPUL1 - Pulicat"",
  ""value"": ""INPUL1""
 },
 {
  ""label"": ""INPUM6 - MIDC PUNE"",
  ""value"": ""INPUM6""
 },
 {
  ""label"": ""INPUN6 - M/S KBTV PVT., PUNE"",
  ""value"": ""INPUN6""
 },
 {
  ""label"": ""INPUR1 - Puri"",
  ""value"": ""INPUR1""
 },
 {
  ""label"": ""INPUT4 - Puttaparthi"",
  ""value"": ""INPUT4""
 },
 {
  ""label"": ""INPVL6 - Panvel ICD"",
  ""value"": ""INPVL6""
 },
 {
  ""label"": ""INPVS6 - SNPIP SEZ TAMBARAM"",
  ""value"": ""INPVS6""
 },
 {
  ""label"": ""INPWL6 - PALWAL ICD"",
  ""value"": ""INPWL6""
 },
 {
  ""label"": ""INPYB4 - Jeypore"",
  ""value"": ""INPYB4""
 },
 {
  ""label"": ""INPYS6 - SIPCOT SEZ ERODE"",
  ""value"": ""INPYS6""
 },
 {
  ""label"": ""INQRH6 - HTPL ICD KILARAIPUR"",
  ""value"": ""INQRH6""
 },
 {
  ""label"": ""INQRP6 - ADANI ICD KILARAIPUR"",
  ""value"": ""INQRP6""
 },
 {
  ""label"": ""INQUI1 - Quilon"",
  ""value"": ""INQUI1""
 },
 {
  ""label"": ""INRAI6 - Raipur"",
  ""value"": ""INRAI6""
 },
 {
  ""label"": ""INRAJ4 - Rajkot"",
  ""value"": ""INRAJ4""
 },
 {
  ""label"": ""INRAJ6 - Rajkot"",
  ""value"": ""INRAJ6""
 },
 {
  ""label"": ""INRAM1 - Rameshwaram"",
  ""value"": ""INRAM1""
 },
 {
  ""label"": ""INRDP2 - Radhikapur Railway S"",
  ""value"": ""INRDP2""
 },
 {
  ""label"": ""INREA6 - Rewari"",
  ""value"": ""INREA6""
 },
 {
  ""label"": ""INRED1 - Redi"",
  ""value"": ""INRED1""
 },
 {
  ""label"": ""INREW4 - Rewa"",
  ""value"": ""INREW4""
 },
 {
  ""label"": ""INRGBB - Old Raghna Bazar"",
  ""value"": ""INRGBB""
 },
 {
  ""label"": ""INRGH4 - Balurghat"",
  ""value"": ""INRGH4""
 },
 {
  ""label"": ""INRGJ2 - RAIGANJ LCS RLY"",
  ""value"": ""INRGJ2""
 },
 {
  ""label"": ""INRGT1 - Ranghat Bay"",
  ""value"": ""INRGT1""
 },
 {
  ""label"": ""INRGUB - Ryngku"",
  ""value"": ""INRGUB""
 },
 {
  ""label"": ""INRJA4 - Rajahmundry"",
  ""value"": ""INRJA4""
 },
 {
  ""label"": ""INRJI4 - Rajouri"",
  ""value"": ""INRJI4""
 },
 {
  ""label"": ""INRJN6 - LS PVT. LTD."",
  ""value"": ""INRJN6""
 },
 {
  ""label"": ""INRJP1 - Rajpara"",
  ""value"": ""INRJP1""
 },
 {
  ""label"": ""INRJR1 - Rajpuri"",
  ""value"": ""INRJR1""
 },
 {
  ""label"": ""INRKG1 - Rajakkamangalam"",
  ""value"": ""INRKG1""
 },
 {
  ""label"": ""INRMD4 - Ramagundam"",
  ""value"": ""INRMD4""
 },
 {
  ""label"": ""INRML6 - CONCOR ICDNAYARAIPUR"",
  ""value"": ""INRML6""
 },
 {
  ""label"": ""INRNC5 - RANCHI FPO"",
  ""value"": ""INRNC5""
 },
 {
  ""label"": ""INRNG2 - Ranaghat Railway Sta"",
  ""value"": ""INRNG2""
 },
 {
  ""label"": ""INRNR1 - Ranpar"",
  ""value"": ""INRNR1""
 },
 {
  ""label"": ""INRPL6 - Raddipalam"",
  ""value"": ""INRPL6""
 },
 {
  ""label"": ""INRPR4 - Raipur"",
  ""value"": ""INRPR4""
 },
 {
  ""label"": ""INRPR6 - Raipur"",
  ""value"": ""INRPR6""
 },
 {
  ""label"": ""INRPU5 - RAIPUR FPO"",
  ""value"": ""INRPU5""
 },
 {
  ""label"": ""INRRI1 - Raili"",
  ""value"": ""INRRI1""
 },
 {
  ""label"": ""INRRK4 - Rourkela"",
  ""value"": ""INRRK4""
 },
 {
  ""label"": ""INRTC1 - Ratnagiri"",
  ""value"": ""INRTC1""
 },
 {
  ""label"": ""INRTC4 - Ratnagiri"",
  ""value"": ""INRTC4""
 },
 {
  ""label"": ""INRTM6 - CONCOR ICD RATLAM"",
  ""value"": ""INRTM6""
 },
 {
  ""label"": ""INRUP4 - Rupsi"",
  ""value"": ""INRUP4""
 },
 {
  ""label"": ""INRVD1 - Revdanda"",
  ""value"": ""INRVD1""
 },
 {
  ""label"": ""INRWR1 - Rameshwaram"",
  ""value"": ""INRWR1""
 },
 {
  ""label"": ""INRXLB - Raxaul"",
  ""value"": ""INRXLB""
 },
 {
  ""label"": ""INSABB - Sabroom"",
  ""value"": ""INSABB""
 },
 {
  ""label"": ""INSAC6 - Sachin (Surat)"",
  ""value"": ""INSAC6""
 },
 {
  ""label"": ""INSAJ6 - NAVKAR ICD UMBERGAON"",
  ""value"": ""INSAJ6""
 },
 {
  ""label"": ""INSAL1 - Salaya"",
  ""value"": ""INSAL1""
 },
 {
  ""label"": ""INSAS6 - INFOSYS SEZ MOHALI"",
  ""value"": ""INSAS6""
 },
 {
  ""label"": ""INSAU6 - THAR DRY PORT"",
  ""value"": ""INSAU6""
 },
 {
  ""label"": ""INSBC6 - BIOCON SEZ BANGALORE"",
  ""value"": ""INSBC6""
 },
 {
  ""label"": ""INSBH1 - Sinbhour"",
  ""value"": ""INSBH1""
 },
 {
  ""label"": ""INSBI6 - ICD Sabarmati"",
  ""value"": ""INSBI6""
 },
 {
  ""label"": ""INSBK6 - KIADB/SEZ/BANGALORE"",
  ""value"": ""INSBK6""
 },
 {
  ""label"": ""INSBL6 - INFOSYS/SEZ/BANGLORE"",
  ""value"": ""INSBL6""
 },
 {
  ""label"": ""INSBW6 - WIPRO ELEC/SEZ/BLR"",
  ""value"": ""INSBW6""
 },
 {
  ""label"": ""INSBZ1 - SHELLA BAZAR"",
  ""value"": ""INSBZ1""
 },
 {
  ""label"": ""INSCH6 - SAP-SEZ SURAT"",
  ""value"": ""INSCH6""
 },
 {
  ""label"": ""INSGF6 - GRFL ICD SAHNEWAL"",
  ""value"": ""INSGF6""
 },
 {
  ""label"": ""INSHI1 - Shirola"",
  ""value"": ""INSHI1""
 },
 {
  ""label"": ""INSHL4 - Shillong"",
  ""value"": ""INSHL4""
 },
 {
  ""label"": ""INSHP1 - Sinbhour Port"",
  ""value"": ""INSHP1""
 },
 {
  ""label"": ""INSIK1 - Sikka"",
  ""value"": ""INSIK1""
 },
 {
  ""label"": ""INSJR6 - Surajpur"",
  ""value"": ""INSJR6""
 },
 {
  ""label"": ""INSKD6 - ICD KALINGANAGAR"",
  ""value"": ""INSKD6""
 },
 {
  ""label"": ""INSKPB - Sukhia Pokhari"",
  ""value"": ""INSKPB""
 },
 {
  ""label"": ""INSLL6 - Singanallur"",
  ""value"": ""INSLL6""
 },
 {
  ""label"": ""INSLR2 - Silcher R.M.S. Offic"",
  ""value"": ""INSLR2""
 },
 {
  ""label"": ""INSLRB - Silcher Steamerghat"",
  ""value"": ""INSLRB""
 },
 {
  ""label"": ""INSLT6 - SALT LAKE (EPZ/SEZ)"",
  ""value"": ""INSLT6""
 },
 {
  ""label"": ""INSLV4 - Simla"",
  ""value"": ""INSLV4""
 },
 {
  ""label"": ""INSMK6 - KEONICS/SEZ/SHIMOGA"",
  ""value"": ""INSMK6""
 },
 {
  ""label"": ""INSMPB - Srimantapur"",
  ""value"": ""INSMPB""
 },
 {
  ""label"": ""INSMR1 - Simor"",
  ""value"": ""INSMR1""
 },
 {
  ""label"": ""INSNA6 - ANSAL SEZ SONEPAT"",
  ""value"": ""INSNA6""
 },
 {
  ""label"": ""INSNBB - Sonabarsa"",
  ""value"": ""INSNBB""
 },
 {
  ""label"": ""INSNF6 - ICD, Hyderabad"",
  ""value"": ""INSNF6""
 },
 {
  ""label"": ""INSNG2 - Singabad Railway Sta"",
  ""value"": ""INSNG2""
 },
 {
  ""label"": ""INSNI6 - KANECH, ICD SAHNEWAL"",
  ""value"": ""INSNI6""
 },
 {
  ""label"": ""INSNLB - Sonauli"",
  ""value"": ""INSNLB""
 },
 {
  ""label"": ""INSNN6 - APIIC LTD."",
  ""value"": ""INSNN6""
 },
 {
  ""label"": ""INSNR6 - ARI LTD."",
  ""value"": ""INSNR6""
 },
 {
  ""label"": ""INSNS6 - NLE PVT. LTD."",
  ""value"": ""INSNS6""
 },
 {
  ""label"": ""INSPC6 - CCLPIL SEZ VIZAG"",
  ""value"": ""INSPC6""
 },
 {
  ""label"": ""INSPE6 - ASDI SEZ NELLORE"",
  ""value"": ""INSPE6""
 },
 {
  ""label"": ""INSRE6 - Saharanpur"",
  ""value"": ""INSRE6""
 },
 {
  ""label"": ""INSRK6 - KSITILA/SEZ/PALI/ALZ"",
  ""value"": ""INSRK6""
 },
 {
  ""label"": ""INSRV1 - Surasani-Yanam"",
  ""value"": ""INSRV1""
 },
 {
  ""label"": ""INSSE4 - Sholapur"",
  ""value"": ""INSSE4""
 },
 {
  ""label"": ""INSTFB - SIKTA LCS"",
  ""value"": ""INSTFB""
 },
 {
  ""label"": ""INSTIB - Sitai"",
  ""value"": ""INSTIB""
 },
 {
  ""label"": ""INSTM6 - MIDC PHALTAN SEZ"",
  ""value"": ""INSTM6""
 },
 {
  ""label"": ""INSTP1 - Satpati"",
  ""value"": ""INSTP1""
 },
 {
  ""label"": ""INSTRB - Sutarkandi"",
  ""value"": ""INSTRB""
 },
 {
  ""label"": ""INSTT6 - Dadri STTPL CFS"",
  ""value"": ""INSTT6""
 },
 {
  ""label"": ""INSTU6 - MIDC SEZ SATARA"",
  ""value"": ""INSTU6""
 },
 {
  ""label"": ""INSTV1 - Surat"",
  ""value"": ""INSTV1""
 },
 {
  ""label"": ""INSTV4 - Surat"",
  ""value"": ""INSTV4""
 },
 {
  ""label"": ""INSTV6 - Surat(EPZ/SEZ)"",
  ""value"": ""INSTV6""
 },
 {
  ""label"": ""INSWD1 - Shriwardhan"",
  ""value"": ""INSWD1""
 },
 {
  ""label"": ""INSXE6 - ELCOT AMMAPALAYAM"",
  ""value"": ""INSXE6""
 },
 {
  ""label"": ""INSXR4 - Srinagar"",
  ""value"": ""INSXR4""
 },
 {
  ""label"": ""INSXR5 - FPO SRINAGAR"",
  ""value"": ""INSXR5""
 },
 {
  ""label"": ""INSXV4 - Salem"",
  ""value"": ""INSXV4""
 },
 {
  ""label"": ""INSXV6 - Salem"",
  ""value"": ""INSXV6""
 },
 {
  ""label"": ""INTAD1 - Tadri"",
  ""value"": ""INTAD1""
 },
 {
  ""label"": ""INTAS6 - SRICITYPVTLTD-SEZ"",
  ""value"": ""INTAS6""
 },
 {
  ""label"": ""INTBC6 - CTS PVT. LTD."",
  ""value"": ""INTBC6""
 },
 {
  ""label"": ""INTBM6 - PHPL SEZ KANCHEPURAM"",
  ""value"": ""INTBM6""
 },
 {
  ""label"": ""INTBP6 - SPIPL SEZ, PERUGULTH"",
  ""value"": ""INTBP6""
 },
 {
  ""label"": ""INTBS6 - HEXAWARE TECH. LTD."",
  ""value"": ""INTBS6""
 },
 {
  ""label"": ""INTBT6 - TCS LTD."",
  ""value"": ""INTBT6""
 },
 {
  ""label"": ""INTCR6 - M/S TICS, ICD MATHIL"",
  ""value"": ""INTCR6""
 },
 {
  ""label"": ""INTDE6 - Tudiyalur-Coimbatore"",
  ""value"": ""INTDE6""
 },
 {
  ""label"": ""INTEI4 - Tezu"",
  ""value"": ""INTEI4""
 },
 {
  ""label"": ""INTEL1 - Tellicherry"",
  ""value"": ""INTEL1""
 },
 {
  ""label"": ""INTEN6 - SIPCOT GANGAKONDAN"",
  ""value"": ""INTEN6""
 },
 {
  ""label"": ""INTEZ4 - Tezpur"",
  ""value"": ""INTEZ4""
 },
 {
  ""label"": ""INTGN6 - KEIPL/ PUNE"",
  ""value"": ""INTGN6""
 },
 {
  ""label"": ""INTHA6 - Thar Dry Port Jodhpu"",
  ""value"": ""INTHA6""
 },
 {
  ""label"": ""INTHL1 - Thal"",
  ""value"": ""INTHL1""
 },
 {
  ""label"": ""INTHO6 - Tiruppur-Thottiplaya"",
  ""value"": ""INTHO6""
 },
 {
  ""label"": ""INTIR4 - Tirupati"",
  ""value"": ""INTIR4""
 },
 {
  ""label"": ""INTIV1 - Tiviri"",
  ""value"": ""INTIV1""
 },
 {
  ""label"": ""INTJA1 - Talaja"",
  ""value"": ""INTJA1""
 },
 {
  ""label"": ""INTJPB - Tezpur Steamerghat"",
  ""value"": ""INTJPB""
 },
 {
  ""label"": ""INTJV4 - Thanjavur"",
  ""value"": ""INTJV4""
 },
 {
  ""label"": ""INTKD2 - Tuglakabad"",
  ""value"": ""INTKD2""
 },
 {
  ""label"": ""INTKD6 - Tuglakabad"",
  ""value"": ""INTKD6""
 },
 {
  ""label"": ""INTKNB - Tikonia"",
  ""value"": ""INTKNB""
 },
 {
  ""label"": ""INTLG6 - Pune-Talegoan ICD"",
  ""value"": ""INTLG6""
 },
 {
  ""label"": ""INTLT6 - L&T SBL L&T CHENNAI"",
  ""value"": ""INTLT6""
 },
 {
  ""label"": ""INTMI6 - M/S IFFCO KISAN, SEZ"",
  ""value"": ""INTMI6""
 },
 {
  ""label"": ""INTMP1 - Trombay"",
  ""value"": ""INTMP1""
 },
 {
  ""label"": ""INTMX6 - ICD, THIMMAPUR,"",
  ""value"": ""INTMX6""
 },
 {
  ""label"": ""INTNA1 - Thana"",
  ""value"": ""INTNA1""
 },
 {
  ""label"": ""INTNC6 - CCCL SEZ TUTICORIN"",
  ""value"": ""INTNC6""
 },
 {
  ""label"": ""INTND1 - Tondi"",
  ""value"": ""INTND1""
 },
 {
  ""label"": ""INTNGB - Tungi"",
  ""value"": ""INTNGB""
 },
 {
  ""label"": ""INTNI6 - HIPL SEZ"",
  ""value"": ""INTNI6""
 },
 {
  ""label"": ""INTNK1 - Tankari"",
  ""value"": ""INTNK1""
 },
 {
  ""label"": ""INTNS6 - SSL SEZ TUTICORIN"",
  ""value"": ""INTNS6""
 },
 {
  ""label"": ""INTPH1 - Thopputhurai"",
  ""value"": ""INTPH1""
 },
 {
  ""label"": ""INTPJ6 - ECTN SEZ TRICHY"",
  ""value"": ""INTPJ6""
 },
 {
  ""label"": ""INTPN1 - Talpona"",
  ""value"": ""INTPN1""
 },
 {
  ""label"": ""INTRA1 - Tranquebar"",
  ""value"": ""INTRA1""
 },
 {
  ""label"": ""INTRL6 - ICD Tiruvallur"",
  ""value"": ""INTRL6""
 },
 {
  ""label"": ""INTRP1 - Tarapur"",
  ""value"": ""INTRP1""
 },
 {
  ""label"": ""INTRV4 - Thiruvananthapuram"",
  ""value"": ""INTRV4""
 },
 {
  ""label"": ""INTRZ4 - Tiruchirapalli"",
  ""value"": ""INTRZ4""
 },
 {
  ""label"": ""INTSI6 - HVCPL SEZ KADAYAM"",
  ""value"": ""INTSI6""
 },
 {
  ""label"": ""INTTP6 - Dadri TTPL"",
  ""value"": ""INTTP6""
 },
 {
  ""label"": ""INTTS1 - T.T. SHED (KIDDERPOR)"",
  ""value"": ""INTTS1""
 },
 {
  ""label"": ""INTUI6 - FCPL SEZ KESAVARAM"",
  ""value"": ""INTUI6""
 },
 {
  ""label"": ""INTUN1 - Tuna"",
  ""value"": ""INTUN1""
 },
 {
  ""label"": ""INTUP6 - Tirupur"",
  ""value"": ""INTUP6""
 },
 {
  ""label"": ""INTUT1 - Tuticorin"",
  ""value"": ""INTUT1""
 },
 {
  ""label"": ""INTUT6 - Tuticorin ICD"",
  ""value"": ""INTUT6""
 },
 {
  ""label"": ""INTVC6 - KINFRAA SEZ"",
  ""value"": ""INTVC6""
 },
 {
  ""label"": ""INTVT6 - ICD TONDIARPET CHENN"",
  ""value"": ""INTVT6""
 },
 {
  ""label"": ""INTYR1 - Tirukkadayyur"",
  ""value"": ""INTYR1""
 },
 {
  ""label"": ""INUDI6 - SYNEFRA-SEZ/UDUPI"",
  ""value"": ""INUDI6""
 },
 {
  ""label"": ""INUDN6 - GHB-SEZ SURAT"",
  ""value"": ""INUDN6""
 },
 {
  ""label"": ""INUDR4 - Udaipur"",
  ""value"": ""INUDR4""
 },
 {
  ""label"": ""INUDR6 - Udaipur"",
  ""value"": ""INUDR6""
 },
 {
  ""label"": ""INUDZ6 - Udaipur"",
  ""value"": ""INUDZ6""
 },
 {
  ""label"": ""INUKL6 - ETLISL SEZ ERODE"",
  ""value"": ""INUKL6""
 },
 {
  ""label"": ""INULPB - Ultapani"",
  ""value"": ""INULPB""
 },
 {
  ""label"": ""INULW1 - Ulwa"",
  ""value"": ""INULW1""
 },
 {
  ""label"": ""INUMB1 - Umbergoan"",
  ""value"": ""INUMB1""
 },
 {
  ""label"": ""INUMR1 - Umarsadi"",
  ""value"": ""INUMR1""
 },
 {
  ""label"": ""INURF6 - FAB CITY SPV-SEZ/SRI"",
  ""value"": ""INURF6""
 },
 {
  ""label"": ""INURG6 - GMR HYDTABAD AVIATIO"",
  ""value"": ""INURG6""
 },
 {
  ""label"": ""INURI6 - INDU TECHZONE PVT."",
  ""value"": ""INURI6""
 },
 {
  ""label"": ""INURT6 - TCS LTD. ADIBATLA"",
  ""value"": ""INURT6""
 },
 {
  ""label"": ""INUTN1 - Uttan"",
  ""value"": ""INUTN1""
 },
 {
  ""label"": ""INVAD1 - Vadinar"",
  ""value"": ""INVAD1""
 },
 {
  ""label"": ""INVAL6 - Valvada ICD"",
  ""value"": ""INVAL6""
 },
 {
  ""label"": ""INVAP1 - Vapi"",
  ""value"": ""INVAP1""
 },
 {
  ""label"": ""INVEN1 - Vengurla"",
  ""value"": ""INVEN1""
 },
 {
  ""label"": ""INVEP1 - Veppalodai"",
  ""value"": ""INVEP1""
 },
 {
  ""label"": ""INVGA4 - Vijayawada"",
  ""value"": ""INVGA4""
 },
 {
  ""label"": ""INVGA5 - FPO VIJAYAWADA"",
  ""value"": ""INVGA5""
 },
 {
  ""label"": ""INVGR6 - BHOJVA ICD VIRAMGAM"",
  ""value"": ""INVGR6""
 },
 {
  ""label"": ""INVKH6 - HIRANANDANI BUIL."",
  ""value"": ""INVKH6""
 },
 {
  ""label"": ""INVKM1 - Valinokkam"",
  ""value"": ""INVKM1""
 },
 {
  ""label"": ""INVLD6 - DISH/SEZ/KALYANGADH"",
  ""value"": ""INVLD6""
 },
 {
  ""label"": ""INVLN6 - NG REALTY-SEZ/TALUKA"",
  ""value"": ""INVLN6""
 },
 {
  ""label"": ""INVLR6 - SIPCOT LTD."",
  ""value"": ""INVLR6""
 },
 {
  ""label"": ""INVNG1 - Vengurla"",
  ""value"": ""INVNG1""
 },
 {
  ""label"": ""INVNS4 - Varanasi"",
  ""value"": ""INVNS4""
 },
 {
  ""label"": ""INVNS5 - FPO VARANASI"",
  ""value"": ""INVNS5""
 },
 {
  ""label"": ""INVNS6 - Varanasi"",
  ""value"": ""INVNS6""
 },
 {
  ""label"": ""INVPI6 - Vapi"",
  ""value"": ""INVPI6""
 },
 {
  ""label"": ""INVRD1 - Varavda"",
  ""value"": ""INVRD1""
 },
 {
  ""label"": ""INVRU1 - Vadarevu"",
  ""value"": ""INVRU1""
 },
 {
  ""label"": ""INVSA6 - APIIC (HALL NO.3)"",
  ""value"": ""INVSA6""
 },
 {
  ""label"": ""INVSI1 - Vansi-Borsi"",
  ""value"": ""INVSI1""
 },
 {
  ""label"": ""INVSK6 - APIIC- (HALL NO. 2)"",
  ""value"": ""INVSK6""
 },
 {
  ""label"": ""INVSP6 - WIPRO SEZRESPUVANIPA"",
  ""value"": ""INVSP6""
 },
 {
  ""label"": ""INVSV1 - Varsova"",
  ""value"": ""INVSV1""
 },
 {
  ""label"": ""INVTC6 - CHEYYAR VELLORE"",
  ""value"": ""INVTC6""
 },
 {
  ""label"": ""INVTZ1 - Visakhapatnam"",
  ""value"": ""INVTZ1""
 },
 {
  ""label"": ""INVTZ4 - Visakhapatnam"",
  ""value"": ""INVTZ4""
 },
 {
  ""label"": ""INVTZ6 - Visakhapatnam SEZ"",
  ""value"": ""INVTZ6""
 },
 {
  ""label"": ""INVVA1 - Veraval"",
  ""value"": ""INVVA1""
 },
 {
  ""label"": ""INVYD1 - Vijaydurg"",
  ""value"": ""INVYD1""
 },
 {
  ""label"": ""INVZJ1 - Vazhinjam"",
  ""value"": ""INVZJ1""
 },
 {
  ""label"": ""INVZM6 - DLL SEZ"",
  ""value"": ""INVZM6""
 },
 {
  ""label"": ""INVZR6 - M/S DR. REDDY SEZ"",
  ""value"": ""INVZR6""
 },
 {
  ""label"": ""INWAL6 - Waluj (Aurangabad)"",
  ""value"": ""INWAL6""
 },
 {
  ""label"": ""INWFD6 - ICD Bangalore"",
  ""value"": ""INWFD6""
 },
 {
  ""label"": ""INWFI6 - INFO/SEZ/BANGALORE"",
  ""value"": ""INWFI6""
 },
 {
  ""label"": ""INWFT6 - ITPL SEZ II BENGALUR"",
  ""value"": ""INWFT6""
 },
 {
  ""label"": ""INWGC4 - Warrangal"",
  ""value"": ""INWGC4""
 },
 {
  ""label"": ""INWRR6 - WARDHA POWER CO LTD"",
  ""value"": ""INWRR6""
 },
 {
  ""label"": ""INYMA6 - MODERN ASSET SEZ II"",
  ""value"": ""INYMA6""
 },
 {
  ""label"": ""INYNA6 - MOSERN ASSET SEZ I"",
  ""value"": ""INYNA6""
 },
 {
  ""label"": ""INYNK6 - KIP/SEZ/N BANGALORE"",
  ""value"": ""INYNK6""
 },
 {
  ""label"": ""INYNL6 - L&T CEL SEZ II"",
  ""value"": ""INYNL6""
 },
 {
  ""label"": ""INYNM6 - MILESTONE/SEZ/BLR"",
  ""value"": ""INYNM6""
 },
 {
  ""label"": ""INYNT6 - L&T CEL SEZ I"",
  ""value"": ""INYNT6""
 },
 {
  ""label"": ""INZIP6 - ZIPL-SEZ AHMEDABAD"",
  ""value"": ""INZIP6""
 }
]",0,"",0,0,"","","eval:doc.gst_category == 'Overseas' && doc.place_of_supply == '96-Other Countries'","","",0,0,0,0,0,0,0,1,0,"",0,0,0,0,0,0,0,0,0,0,0,0,0,0,"",0,"",0
"POS Invoice-gst_breakup_table","POS Invoice","Text Editor",1,"GST India","GST Breakup Table","","gst_breakup_table","section_gst_breakup",0,"","",0,0,"",0,"",0,0,"","","","","",0,0,0,1,1,0,0,0,0,"",0,1,0,0,0,0,0,0,0,0,0,0,0,0,"",0,"",0
"POS Invoice-section_gst_breakup","POS Invoice","Section Break",1,"GST India","GST Breakup","","section_gst_breakup","other_charges_calculation",0,"","",0,0,"",0,"",0,1,"","","","","",0,0,0,0,0,0,0,0,0,"",0,0,0,0,0,0,0,0,0,0,0,0,0,0,"",0,"",0
"POS Invoice-company_gstin","POS Invoice","Data",1,"GST India","Company GSTIN","","company_gstin","company_address",15,"","",0,0,"",0,"company_address.gstin",0,0,"","","","","",0,0,0,0,1,0,0,1,0,"",0,0,0,0,0,0,0,0,0,0,0,0,0,0,"",0,"",0
"POS Invoice-place_of_supply","POS Invoice","Autocomplete",1,"GST India","Place of Supply","","place_of_supply","gst_category",50,"","",0,0,"01-Jammu and Kashmir
02-Himachal Pradesh
03-Punjab
04-Chandigarh
05-Uttarakhand
06-Haryana
07-Delhi
08-Rajasthan
09-Uttar Pradesh
10-Bihar
11-Sikkim
12-Arunachal Pradesh
13-Nagaland
14-Manipur
15-Mizoram
16-Tripura
17-Meghalaya
18-Assam
19-West Bengal
20-Jharkhand
21-Odisha
22-Chhattisgarh
23-Madhya Pradesh
24-Gujarat
26-Dadra and Nagar Haveli and Daman and Diu
27-Maharashtra
29-Karnataka
30-Goa
31-Lakshadweep Islands
32-Kerala
33-Tamil Nadu
34-Puducherry
35-Andaman and Nicobar Islands
36-Telangana
37-Andhra Pradesh
38-Ladakh
96-Other Countries
97-Other Territory",0,"",0,0,"","","","","",0,0,0,0,0,0,0,1,0,"",0,0,0,0,0,0,0,0,0,0,0,0,0,0,"",0,"",0
"POS Invoice-gst_category","POS Invoice","Data",1,"GST India","GST Category","","gst_category","billing_address_gstin",0,"","",0,0,"",0,"customer_address.gst_category",0,0,"","","","","",0,0,0,0,1,0,0,1,0,"",0,0,0,0,0,0,0,0,0,0,0,0,0,0,"",0,"",0
"POS Invoice-billing_address_gstin","POS Invoice","Data",1,"GST India","Billing Address GSTIN","","billing_address_gstin","address_display",15,"","",0,0,"",0,"customer_address.gstin",0,0,"","","","","",0,0,0,0,1,0,0,1,0,"",0,0,0,0,0,0,0,0,0,0,0,0,0,0,"",0,"",0
"Sales Invoice-gst_breakup_table","Sales Invoice","Text Editor",1,"GST India","GST Breakup Table","","gst_breakup_table","section_gst_breakup",0,"","",0,0,"",0,"",0,0,"","","","","",0,0,0,1,1,0,0,0,0,"",0,1,0,0,0,0,0,0,0,0,0,0,0,0,"",0,"",0
"Sales Invoice-section_gst_breakup","Sales Invoice","Section Break",1,"GST India","GST Breakup","","section_gst_breakup","other_charges_calculation",0,"","",0,0,"",0,"",0,1,"","","","","",0,0,0,0,0,0,0,0,0,"",0,0,0,0,0,0,0,0,0,0,0,0,0,0,"",0,"",0
"Sales Invoice-company_gstin","Sales Invoice","Data",1,"GST India","Company GSTIN","","company_gstin","company_address",15,"","",0,0,"",0,"company_address.gstin",0,0,"","","","","",0,0,0,0,1,0,0,1,0,"",0,0,0,0,0,0,0,0,0,0,0,0,0,0,"",0,"",0
"Sales Invoice-place_of_supply","Sales Invoice","Autocomplete",1,"GST India","Place of Supply","","place_of_supply","gst_category",50,"","",0,0,"01-Jammu and Kashmir
02-Himachal Pradesh
03-Punjab
04-Chandigarh
05-Uttarakhand
06-Haryana
07-Delhi
08-Rajasthan
09-Uttar Pradesh
10-Bihar
11-Sikkim
12-Arunachal Pradesh
13-Nagaland
14-Manipur
15-Mizoram
16-Tripura
17-Meghalaya
18-Assam
19-West Bengal
20-Jharkhand
21-Odisha
22-Chhattisgarh
23-Madhya Pradesh
24-Gujarat
26-Dadra and Nagar Haveli and Daman and Diu
27-Maharashtra
29-Karnataka
30-Goa
31-Lakshadweep Islands
32-Kerala
33-Tamil Nadu
34-Puducherry
35-Andaman and Nicobar Islands
36-Telangana
37-Andhra Pradesh
38-Ladakh
96-Other Countries
97-Other Territory",0,"",0,0,"","","","","",0,0,0,0,0,0,0,1,0,"",0,0,0,0,0,0,0,0,0,0,0,0,0,0,"",0,"",0
"Sales Invoice-gst_category","Sales Invoice","Data",1,"GST India","GST Category","","gst_category","billing_address_gstin",0,"","",0,0,"",0,"customer_address.gst_category",0,0,"","","","","",0,0,0,0,1,0,0,1,0,"",0,0,0,0,0,0,0,0,0,0,0,0,0,0,"",0,"",0
"Sales Invoice-billing_address_gstin","Sales Invoice","Data",1,"GST India","Billing Address GSTIN","","billing_address_gstin","address_display",15,"","",0,0,"",0,"customer_address.gstin",0,0,"","","","","",0,0,0,0,1,0,0,1,0,"",0,0,0,0,0,0,0,0,0,0,0,0,0,0,"",0,"",0
"Delivery Note-gst_breakup_table","Delivery Note","Text Editor",1,"GST India","GST Breakup Table","","gst_breakup_table","section_gst_breakup",0,"","",0,0,"",0,"",0,0,"","","","","",0,0,0,1,1,0,0,0,0,"",0,1,0,0,0,0,0,0,0,0,0,0,0,0,"",0,"",0
"Delivery Note-section_gst_breakup","Delivery Note","Section Break",1,"GST India","GST Breakup","","section_gst_breakup","other_charges_calculation",0,"","",0,0,"",0,"",0,1,"","","","","",0,0,0,0,0,0,0,0,0,"",0,0,0,0,0,0,0,0,0,0,0,0,0,0,"",0,"",0
"Delivery Note-company_gstin","Delivery Note","Data",1,"GST India","Company GSTIN","","company_gstin","company_address",15,"","",0,0,"",0,"company_address.gstin",0,0,"","","","","",0,0,0,0,1,0,0,1,0,"",0,0,0,0,0,0,0,0,0,0,0,0,0,0,"",0,"",0
"Delivery Note-place_of_supply","Delivery Note","Autocomplete",1,"GST India","Place of Supply","","place_of_supply","gst_category",50,"","",0,0,"01-Jammu and Kashmir
02-Himachal Pradesh
03-Punjab
04-Chandigarh
05-Uttarakhand
06-Haryana
07-Delhi
08-Rajasthan
09-Uttar Pradesh
10-Bihar
11-Sikkim
12-Arunachal Pradesh
13-Nagaland
14-Manipur
15-Mizoram
16-Tripura
17-Meghalaya
18-Assam
19-West Bengal
20-Jharkhand
21-Odisha
22-Chhattisgarh
23-Madhya Pradesh
24-Gujarat
26-Dadra and Nagar Haveli and Daman and Diu
27-Maharashtra
29-Karnataka
30-Goa
31-Lakshadweep Islands
32-Kerala
33-Tamil Nadu
34-Puducherry
35-Andaman and Nicobar Islands
36-Telangana
37-Andhra Pradesh
38-Ladakh
96-Other Countries
97-Other Territory",0,"",0,0,"","","","","",0,0,0,0,0,0,0,1,0,"",0,0,0,0,0,0,0,0,0,0,0,0,0,0,"",0,"",0
"Delivery Note-gst_category","Delivery Note","Data",1,"GST India","GST Category","","gst_category","billing_address_gstin",0,"","",0,0,"",0,"customer_address.gst_category",0,0,"","","","","",0,0,0,0,1,0,0,1,0,"",0,0,0,0,0,0,0,0,0,0,0,0,0,0,"",0,"",0
"Delivery Note-billing_address_gstin","Delivery Note","Data",1,"GST India","Billing Address GSTIN","","billing_address_gstin","address_display",15,"","",0,0,"",0,"customer_address.gstin",0,0,"","","","","",0,0,0,0,1,0,0,1,0,"",0,0,0,0,0,0,0,0,0,0,0,0,0,0,"",0,"",0
"Sales Order-gst_breakup_table","Sales Order","Text Editor",1,"GST India","GST Breakup Table","","gst_breakup_table","section_gst_breakup",0,"","",0,0,"",0,"",0,0,"","","","","",0,0,0,1,1,0,0,0,0,"",0,1,0,0,0,0,0,0,0,0,0,0,0,0,"",0,"",0
"Sales Order-section_gst_breakup","Sales Order","Section Break",1,"GST India","GST Breakup","","section_gst_breakup","other_charges_calculation",0,"","",0,0,"",0,"",0,1,"","","","","",0,0,0,0,0,0,0,0,0,"",0,0,0,0,0,0,0,0,0,0,0,0,0,0,"",0,"",0
"Sales Order-company_gstin","Sales Order","Data",1,"GST India","Company GSTIN","","company_gstin","company_address",15,"","",0,0,"",0,"company_address.gstin",0,0,"","","","","",0,0,0,0,1,0,0,1,0,"",0,0,0,0,0,0,0,0,0,0,0,0,0,0,"",0,"",0
"Sales Order-place_of_supply","Sales Order","Autocomplete",1,"GST India","Place of Supply","","place_of_supply","gst_category",50,"","",0,0,"01-Jammu and Kashmir
02-Himachal Pradesh
03-Punjab
04-Chandigarh
05-Uttarakhand
06-Haryana
07-Delhi
08-Rajasthan
09-Uttar Pradesh
10-Bihar
11-Sikkim
12-Arunachal Pradesh
13-Nagaland
14-Manipur
15-Mizoram
16-Tripura
17-Meghalaya
18-Assam
19-West Bengal
20-Jharkhand
21-Odisha
22-Chhattisgarh
23-Madhya Pradesh
24-Gujarat
26-Dadra and Nagar Haveli and Daman and Diu
27-Maharashtra
29-Karnataka
30-Goa
31-Lakshadweep Islands
32-Kerala
33-Tamil Nadu
34-Puducherry
35-Andaman and Nicobar Islands
36-Telangana
37-Andhra Pradesh
38-Ladakh
96-Other Countries
97-Other Territory",0,"",0,0,"","","","","",0,0,0,0,0,0,0,1,0,"",0,0,0,0,0,0,0,0,0,0,0,0,0,0,"",0,"",0
"Sales Order-gst_category","Sales Order","Data",1,"GST India","GST Category","","gst_category","billing_address_gstin",0,"","",0,0,"",0,"customer_address.gst_category",0,0,"","","","","",0,0,0,0,1,0,0,1,0,"",0,0,0,0,0,0,0,0,0,0,0,0,0,0,"",0,"",0
"Sales Order-billing_address_gstin","Sales Order","Data",1,"GST India","Billing Address GSTIN","","billing_address_gstin","address_display",15,"","",0,0,"",0,"customer_address.gstin",0,0,"","","","","",0,0,0,0,1,0,0,1,0,"",0,0,0,0,0,0,0,0,0,0,0,0,0,0,"",0,"",0
"Quotation-gst_breakup_table","Quotation","Text Editor",1,"GST India","GST Breakup Table","","gst_breakup_table","section_gst_breakup",0,"","",0,0,"",0,"",0,0,"","","","","",0,0,0,1,1,0,0,0,0,"",0,1,0,0,0,0,0,0,0,0,0,0,0,0,"",0,"",0
"Quotation-section_gst_breakup","Quotation","Section Break",1,"GST India","GST Breakup","","section_gst_breakup","other_charges_calculation",0,"","",0,0,"",0,"",0,1,"","","","","",0,0,0,0,0,0,0,0,0,"",0,0,0,0,0,0,0,0,0,0,0,0,0,0,"",0,"",0
"Quotation-company_gstin","Quotation","Data",1,"GST India","Company GSTIN","","company_gstin","company_address",15,"","",0,0,"",0,"company_address.gstin",0,0,"","","","","",0,0,0,0,1,0,0,1,0,"",0,0,0,0,0,0,0,0,0,0,0,0,0,0,"",0,"",0
"Quotation-place_of_supply","Quotation","Autocomplete",1,"GST India","Place of Supply","","place_of_supply","gst_category",50,"","",0,0,"01-Jammu and Kashmir
02-Himachal Pradesh
03-Punjab
04-Chandigarh
05-Uttarakhand
06-Haryana
07-Delhi
08-Rajasthan
09-Uttar Pradesh
10-Bihar
11-Sikkim
12-Arunachal Pradesh
13-Nagaland
14-Manipur
15-Mizoram
16-Tripura
17-Meghalaya
18-Assam
19-West Bengal
20-Jharkhand
21-Odisha
22-Chhattisgarh
23-Madhya Pradesh
24-Gujarat
26-Dadra and Nagar Haveli and Daman and Diu
27-Maharashtra
29-Karnataka
30-Goa
31-Lakshadweep Islands
32-Kerala
33-Tamil Nadu
34-Puducherry
35-Andaman and Nicobar Islands
36-Telangana
37-Andhra Pradesh
38-Ladakh
96-Other Countries
97-Other Territory",0,"",0,0,"","","","","",0,0,0,0,0,0,0,1,0,"",0,0,0,0,0,0,0,0,0,0,0,0,0,0,"",0,"",0
"Quotation-gst_category","Quotation","Data",1,"GST India","GST Category","","gst_category","billing_address_gstin",0,"","",0,0,"",0,"customer_address.gst_category",0,0,"","","","","",0,0,0,0,1,0,0,1,0,"",0,0,0,0,0,0,0,0,0,0,0,0,0,0,"",0,"",0
"Quotation-billing_address_gstin","Quotation","Data",1,"GST India","Billing Address GSTIN","","billing_address_gstin","address_display",15,"","",0,0,"",0,"customer_address.gstin",0,0,"","","","","",0,0,0,0,1,0,0,1,0,"",0,0,0,0,0,0,0,0,0,0,0,0,0,0,"",0,"",0
"Sales Invoice-gst_col_break","Sales Invoice","Column Break",1,"GST India","","","gst_col_break","ecommerce_gstin",0,"","",0,0,"",0,"",0,0,"","","","","",0,0,0,0,0,0,0,0,0,"",0,0,0,0,0,0,0,0,0,0,0,0,0,0,"",0,"",0
"Sales Invoice-ecommerce_supply_type","Sales Invoice","Data",1,"GST India","E-commerce Supply Type","","ecommerce_supply_type","ecommerce_gstin",0,"","",0,0,"",0,"",0,0,"","","eval:gst_settings.enable_sales_through_ecommerce_operators && doc.ecommerce_gstin","","",0,0,0,1,1,0,0,1,0,"",0,1,0,0,0,0,0,0,0,0,0,0,0,0,"",0,"",0
"Sales Invoice-ecommerce_gstin","Sales Invoice","Data",1,"GST India","E-commerce GSTIN","","ecommerce_gstin","gst_section",15,"","",0,0,"",0,"",0,0,"","","eval:gst_settings.enable_sales_through_ecommerce_operators","","",0,0,0,0,0,0,0,1,0,"",0,0,0,0,0,0,0,0,0,0,0,0,0,0,"",0,"",0
"Sales Invoice-gst_section","Sales Invoice","Section Break",1,"GST India","GST Details","","gst_section","gst_vehicle_type",0,"","",0,0,"",0,"",0,1,"","","","","",0,0,0,0,0,0,0,1,0,"",0,0,0,0,0,0,0,0,0,0,0,0,0,0,"",0,"",0
"Delivery Note-gst_col_break","Delivery Note","Column Break",1,"GST India","","","gst_col_break","ecommerce_gstin",0,"","",0,0,"",0,"",0,0,"","","","","",0,0,0,0,0,0,0,0,0,"",0,0,0,0,0,0,0,0,0,0,0,0,0,0,"",0,"",0
"Delivery Note-ecommerce_supply_type","Delivery Note","Data",1,"GST India","E-commerce Supply Type","","ecommerce_supply_type","ecommerce_gstin",0,"","",0,0,"",0,"",0,0,"","","eval:gst_settings.enable_sales_through_ecommerce_operators && doc.ecommerce_gstin","","",0,0,0,1,1,0,0,1,0,"",0,1,0,0,0,0,0,0,0,0,0,0,0,0,"",0,"",0
"Delivery Note-ecommerce_gstin","Delivery Note","Data",1,"GST India","E-commerce GSTIN","","ecommerce_gstin","gst_section",15,"","",0,0,"",0,"",0,0,"","","eval:gst_settings.enable_sales_through_ecommerce_operators","","",0,0,0,0,0,0,0,1,0,"",0,0,0,0,0,0,0,0,0,0,0,0,0,0,"",0,"",0
"Delivery Note-gst_section","Delivery Note","Section Break",1,"GST India","GST Details","","gst_section","gst_vehicle_type",0,"","",0,0,"",0,"",0,1,"","","","","",0,0,0,0,0,0,0,1,0,"",0,0,0,0,0,0,0,0,0,0,0,0,0,0,"",0,"",0
"Sales Order-gst_col_break","Sales Order","Column Break",1,"GST India","","","gst_col_break","ecommerce_gstin",0,"","",0,0,"",0,"",0,0,"","","","","",0,0,0,0,0,0,0,0,0,"",0,0,0,0,0,0,0,0,0,0,0,0,0,0,"",0,"",0
"Sales Order-ecommerce_supply_type","Sales Order","Data",1,"GST India","E-commerce Supply Type","","ecommerce_supply_type","ecommerce_gstin",0,"","",0,0,"",0,"",0,0,"","","eval:gst_settings.enable_sales_through_ecommerce_operators && doc.ecommerce_gstin","","",0,0,0,1,1,0,0,1,0,"",0,1,0,0,0,0,0,0,0,0,0,0,0,0,"",0,"",0
"Sales Order-ecommerce_gstin","Sales Order","Data",1,"GST India","E-commerce GSTIN","","ecommerce_gstin","gst_section",15,"","",0,0,"",0,"",0,0,"","","eval:gst_settings.enable_sales_through_ecommerce_operators","","",0,0,0,0,0,0,0,1,0,"",0,0,0,0,0,0,0,0,0,0,0,0,0,0,"",0,"",0
"Sales Order-gst_section","Sales Order","Section Break",1,"GST India","GST Details","","gst_section","gst_vehicle_type",0,"","",0,0,"",0,"",0,1,"","","","","",0,0,0,0,0,0,0,1,0,"",0,0,0,0,0,0,0,0,0,0,0,0,0,0,"",0,"",0
"Sales Invoice-is_export_with_gst","Sales Invoice","Check",1,"GST India","Is Export With Payment of GST","","is_export_with_gst","is_reverse_charge",0,"","",0,0,"",0,"",0,0,"","0","eval:doc.gst_category == ""SEZ"" || (doc.gst_category == ""Overseas"" && doc.place_of_supply == ""96-Other Countries"")","","",0,0,0,0,0,0,0,1,0,"",0,0,0,0,0,0,0,0,0,0,0,0,0,0,"",0,"",0
"Delivery Note-is_export_with_gst","Delivery Note","Check",1,"GST India","Is Export With Payment of GST","","is_export_with_gst","is_reverse_charge",0,"","",0,0,"",0,"",0,0,"","0","eval:doc.gst_category == ""SEZ"" || (doc.gst_category == ""Overseas"" && doc.place_of_supply == ""96-Other Countries"")","","",0,0,0,0,0,0,0,1,0,"",0,0,0,0,0,0,0,0,0,0,0,0,0,0,"",0,"",0
"Sales Order-is_export_with_gst","Sales Order","Check",1,"GST India","Is Export With Payment of GST","","is_export_with_gst","is_reverse_charge",0,"","",0,0,"",0,"",0,0,"","0","eval:doc.gst_category == ""SEZ"" || (doc.gst_category == ""Overseas"" && doc.place_of_supply == ""96-Other Countries"")","","",0,0,0,0,0,0,0,1,0,"",0,0,0,0,0,0,0,0,0,0,0,0,0,0,"",0,"",0
"Quotation-is_export_with_gst","Quotation","Check",1,"GST India","Is Export With Payment of GST","","is_export_with_gst","is_reverse_charge",0,"","",0,0,"",0,"",0,0,"","0","eval:doc.gst_category == ""SEZ"" || (doc.gst_category == ""Overseas"" && doc.place_of_supply == ""96-Other Countries"")","","",0,0,0,0,0,0,0,1,0,"",0,0,0,0,0,0,0,0,0,0,0,0,0,0,"",0,"",0
"Supplier Quotation-gst_breakup_table","Supplier Quotation","Text Editor",1,"GST India","GST Breakup Table","","gst_breakup_table","section_gst_breakup",0,"","",0,0,"",0,"",0,0,"","","","","",0,0,0,1,1,0,0,0,0,"",0,1,0,0,0,0,0,0,0,0,0,0,0,0,"",0,"",0
"Supplier Quotation-section_gst_breakup","Supplier Quotation","Section Break",1,"GST India","GST Breakup","","section_gst_breakup","other_charges_calculation",0,"","",0,0,"",0,"",0,1,"","","","","",0,0,0,0,0,0,0,0,0,"",0,0,0,0,0,0,0,0,0,0,0,0,0,0,"",0,"",0
"Supplier Quotation-is_reverse_charge","Supplier Quotation","Check",1,"GST India","Is Reverse Charge","","is_reverse_charge","apply_tds",0,"","",0,0,"",0,"",0,0,"","0","","","",0,0,0,0,0,0,0,1,0,"",0,0,0,0,0,0,0,0,0,0,0,0,0,0,"",0,"",0
"Supplier Quotation-place_of_supply","Supplier Quotation","Autocomplete",1,"GST India","Place of Supply","","place_of_supply","company_gstin",0,"","",0,0,"01-Jammu and Kashmir
02-Himachal Pradesh
03-Punjab
04-Chandigarh
05-Uttarakhand
06-Haryana
07-Delhi
08-Rajasthan
09-Uttar Pradesh
10-Bihar
11-Sikkim
12-Arunachal Pradesh
13-Nagaland
14-Manipur
15-Mizoram
16-Tripura
17-Meghalaya
18-Assam
19-West Bengal
20-Jharkhand
21-Odisha
22-Chhattisgarh
23-Madhya Pradesh
24-Gujarat
26-Dadra and Nagar Haveli and Daman and Diu
27-Maharashtra
29-Karnataka
30-Goa
31-Lakshadweep Islands
32-Kerala
33-Tamil Nadu
34-Puducherry
35-Andaman and Nicobar Islands
36-Telangana
37-Andhra Pradesh
38-Ladakh
96-Other Countries
97-Other Territory",0,"",0,0,"","","","","",0,0,0,0,0,0,0,1,0,"",0,0,0,0,0,0,0,0,0,0,0,0,0,0,"",0,"",0
"Supplier Quotation-company_gstin","Supplier Quotation","Data",1,"GST India","Company GSTIN","","company_gstin","billing_address_display",0,"","",0,0,"",0,"billing_address.gstin",0,0,"","","","","",0,0,0,0,1,0,0,1,0,"",0,0,0,0,0,0,0,0,0,0,0,0,0,0,"",0,"",0
"Supplier Quotation-gst_category","Supplier Quotation","Data",1,"GST India","GST Category","","gst_category","supplier_gstin",0,"","",0,0,"",0,"supplier_address.gst_category",0,0,"","","","","",0,0,0,0,1,0,0,1,0,"",0,0,0,0,0,0,0,0,0,0,0,0,0,0,"",0,"",0
"Supplier Quotation-supplier_gstin","Supplier Quotation","Data",1,"GST India","Supplier GSTIN","","supplier_gstin","address_display",0,"","",0,0,"",0,"supplier_address.gstin",0,0,"","","","","",0,0,0,0,1,0,0,1,0,"",0,0,0,0,0,0,0,0,0,0,0,0,0,0,"",0,"",0
"Purchase Invoice-gst_breakup_table","Purchase Invoice","Text Editor",1,"GST India","GST Breakup Table","","gst_breakup_table","section_gst_breakup",0,"","",0,0,"",0,"",0,0,"","","","","",0,0,0,1,1,0,0,0,0,"",0,1,0,0,0,0,0,0,0,0,0,0,0,0,"",0,"",0
"Purchase Invoice-section_gst_breakup","Purchase Invoice","Section Break",1,"GST India","GST Breakup","","section_gst_breakup","other_charges_calculation",0,"","",0,0,"",0,"",0,1,"","","","","",0,0,0,0,0,0,0,0,0,"",0,0,0,0,0,0,0,0,0,0,0,0,0,0,"",0,"",0
"Purchase Invoice-is_reverse_charge","Purchase Invoice","Check",1,"GST India","Is Reverse Charge","","is_reverse_charge","apply_tds",0,"","",0,0,"",0,"",0,0,"","0","","","",0,0,0,0,0,0,0,1,0,"",0,0,0,0,0,0,0,0,0,0,0,0,0,0,"",0,"",0
"Purchase Invoice-place_of_supply","Purchase Invoice","Autocomplete",1,"GST India","Place of Supply","","place_of_supply","company_gstin",0,"","",0,0,"01-Jammu and Kashmir
02-Himachal Pradesh
03-Punjab
04-Chandigarh
05-Uttarakhand
06-Haryana
07-Delhi
08-Rajasthan
09-Uttar Pradesh
10-Bihar
11-Sikkim
12-Arunachal Pradesh
13-Nagaland
14-Manipur
15-Mizoram
16-Tripura
17-Meghalaya
18-Assam
19-West Bengal
20-Jharkhand
21-Odisha
22-Chhattisgarh
23-Madhya Pradesh
24-Gujarat
26-Dadra and Nagar Haveli and Daman and Diu
27-Maharashtra
29-Karnataka
30-Goa
31-Lakshadweep Islands
32-Kerala
33-Tamil Nadu
34-Puducherry
35-Andaman and Nicobar Islands
36-Telangana
37-Andhra Pradesh
38-Ladakh
96-Other Countries
97-Other Territory",0,"",0,0,"","","","","",0,0,0,0,0,0,0,1,0,"",0,0,0,0,0,0,0,0,0,0,0,0,0,0,"",0,"",0
"Purchase Invoice-company_gstin","Purchase Invoice","Data",1,"GST India","Company GSTIN","","company_gstin","billing_address_display",0,"","",0,0,"",0,"billing_address.gstin",0,0,"","","","","",0,0,0,0,1,0,0,1,0,"",0,0,0,0,0,0,0,0,0,0,0,0,0,0,"",0,"",0
"Purchase Invoice-gst_category","Purchase Invoice","Data",1,"GST India","GST Category","","gst_category","supplier_gstin",0,"","",0,0,"",0,"supplier_address.gst_category",0,0,"","","","","",0,0,0,0,1,0,0,1,0,"",0,0,0,0,0,0,0,0,0,0,0,0,0,0,"",0,"",0
"Purchase Invoice-supplier_gstin","Purchase Invoice","Data",1,"GST India","Supplier GSTIN","","supplier_gstin","address_display",0,"","",0,0,"",0,"supplier_address.gstin",0,0,"","","","","",0,0,0,0,1,0,0,1,0,"",0,0,0,0,0,0,0,0,0,0,0,0,0,0,"",0,"",0
"Purchase Receipt-gst_breakup_table","Purchase Receipt","Text Editor",1,"GST India","GST Breakup Table","","gst_breakup_table","section_gst_breakup",0,"","",0,0,"",0,"",0,0,"","","","","",0,0,0,1,1,0,0,0,0,"",0,1,0,0,0,0,0,0,0,0,0,0,0,0,"",0,"",0
"Purchase Receipt-section_gst_breakup","Purchase Receipt","Section Break",1,"GST India","GST Breakup","","section_gst_breakup","other_charges_calculation",0,"","",0,0,"",0,"",0,1,"","","","","",0,0,0,0,0,0,0,0,0,"",0,0,0,0,0,0,0,0,0,0,0,0,0,0,"",0,"",0
"Purchase Receipt-is_reverse_charge","Purchase Receipt","Check",1,"GST India","Is Reverse Charge","","is_reverse_charge","apply_tds",0,"","",0,0,"",0,"",0,0,"","0","","","",0,0,0,0,0,0,0,1,0,"",0,0,0,0,0,0,0,0,0,0,0,0,0,0,"",0,"",0
"Purchase Receipt-place_of_supply","Purchase Receipt","Autocomplete",1,"GST India","Place of Supply","","place_of_supply","company_gstin",0,"","",0,0,"01-Jammu and Kashmir
02-Himachal Pradesh
03-Punjab
04-Chandigarh
05-Uttarakhand
06-Haryana
07-Delhi
08-Rajasthan
09-Uttar Pradesh
10-Bihar
11-Sikkim
12-Arunachal Pradesh
13-Nagaland
14-Manipur
15-Mizoram
16-Tripura
17-Meghalaya
18-Assam
19-West Bengal
20-Jharkhand
21-Odisha
22-Chhattisgarh
23-Madhya Pradesh
24-Gujarat
26-Dadra and Nagar Haveli and Daman and Diu
27-Maharashtra
29-Karnataka
30-Goa
31-Lakshadweep Islands
32-Kerala
33-Tamil Nadu
34-Puducherry
35-Andaman and Nicobar Islands
36-Telangana
37-Andhra Pradesh
38-Ladakh
96-Other Countries
97-Other Territory",0,"",0,0,"","","","","",0,0,0,0,0,0,0,1,0,"",0,0,0,0,0,0,0,0,0,0,0,0,0,0,"",0,"",0
"Purchase Receipt-company_gstin","Purchase Receipt","Data",1,"GST India","Company GSTIN","","company_gstin","billing_address_display",0,"","",0,0,"",0,"billing_address.gstin",0,0,"","","","","",0,0,0,0,1,0,0,1,0,"",0,0,0,0,0,0,0,0,0,0,0,0,0,0,"",0,"",0
"Purchase Receipt-gst_category","Purchase Receipt","Data",1,"GST India","GST Category","","gst_category","supplier_gstin",0,"","",0,0,"",0,"supplier_address.gst_category",0,0,"","","","","",0,0,0,0,1,0,0,1,0,"",0,0,0,0,0,0,0,0,0,0,0,0,0,0,"",0,"",0
"Purchase Receipt-supplier_gstin","Purchase Receipt","Data",1,"GST India","Supplier GSTIN","","supplier_gstin","address_display",0,"","",0,0,"",0,"supplier_address.gstin",0,0,"","","","","",0,0,0,0,1,0,0,1,0,"",0,0,0,0,0,0,0,0,0,0,0,0,0,0,"",0,"",0
"Purchase Order-gst_breakup_table","Purchase Order","Text Editor",1,"GST India","GST Breakup Table","","gst_breakup_table","section_gst_breakup",0,"","",0,0,"",0,"",0,0,"","","","","",0,0,0,1,1,0,0,0,0,"",0,1,0,0,0,0,0,0,0,0,0,0,0,0,"",0,"",0
"Purchase Order-section_gst_breakup","Purchase Order","Section Break",1,"GST India","GST Breakup","","section_gst_breakup","other_charges_calculation",0,"","",0,0,"",0,"",0,1,"","","","","",0,0,0,0,0,0,0,0,0,"",0,0,0,0,0,0,0,0,0,0,0,0,0,0,"",0,"",0
"Purchase Order-is_reverse_charge","Purchase Order","Check",1,"GST India","Is Reverse Charge","","is_reverse_charge","apply_tds",0,"","",0,0,"",0,"",0,0,"","0","","","",0,0,0,0,0,0,0,1,0,"",0,0,0,0,0,0,0,0,0,0,0,0,0,0,"",0,"",0
"Purchase Order-place_of_supply","Purchase Order","Autocomplete",1,"GST India","Place of Supply","","place_of_supply","company_gstin",0,"","",0,0,"01-Jammu and Kashmir
02-Himachal Pradesh
03-Punjab
04-Chandigarh
05-Uttarakhand
06-Haryana
07-Delhi
08-Rajasthan
09-Uttar Pradesh
10-Bihar
11-Sikkim
12-Arunachal Pradesh
13-Nagaland
14-Manipur
15-Mizoram
16-Tripura
17-Meghalaya
18-Assam
19-West Bengal
20-Jharkhand
21-Odisha
22-Chhattisgarh
23-Madhya Pradesh
24-Gujarat
26-Dadra and Nagar Haveli and Daman and Diu
27-Maharashtra
29-Karnataka
30-Goa
31-Lakshadweep Islands
32-Kerala
33-Tamil Nadu
34-Puducherry
35-Andaman and Nicobar Islands
36-Telangana
37-Andhra Pradesh
38-Ladakh
96-Other Countries
97-Other Territory",0,"",0,0,"","","","","",0,0,0,0,0,0,0,1,0,"",0,0,0,0,0,0,0,0,0,0,0,0,0,0,"",0,"",0
"Purchase Order-company_gstin","Purchase Order","Data",1,"GST India","Company GSTIN","","company_gstin","billing_address_display",0,"","",0,0,"",0,"billing_address.gstin",0,0,"","","","","",0,0,0,0,1,0,0,1,0,"",0,0,0,0,0,0,0,0,0,0,0,0,0,0,"",0,"",0
"Purchase Order-gst_category","Purchase Order","Data",1,"GST India","GST Category","","gst_category","supplier_gstin",0,"","",0,0,"",0,"supplier_address.gst_category",0,0,"","","","","",0,0,0,0,1,0,0,1,0,"",0,0,0,0,0,0,0,0,0,0,0,0,0,0,"",0,"",0
"Purchase Order-supplier_gstin","Purchase Order","Data",1,"GST India","Supplier GSTIN","","supplier_gstin","address_display",0,"","",0,0,"",0,"supplier_address.gstin",0,0,"","","","","",0,0,0,0,1,0,0,1,0,"",0,0,0,0,0,0,0,0,0,0,0,0,0,0,"",0,"",0
"Supplier-gst_category","Supplier","Select",1,"GST India","GST Category","","gst_category","tax_details_column_break",0,"","",0,0,"Registered Regular
Registered Composition
Unregistered
SEZ
Overseas
Deemed Export
UIN Holders
Tax Deductor
Tax Collector
Input Service Distributor",0,"",0,0,"","Unregistered","","","",0,1,0,0,0,0,0,0,0,"",0,0,0,0,0,0,0,0,0,0,0,0,0,0,"",0,"",0
"Supplier-tax_details_column_break","Supplier","Column Break",1,"GST India","","","tax_details_column_break","pan",0,"","",0,0,"",0,"",0,0,"","","","","",0,0,0,0,0,0,0,0,0,"",0,0,0,0,0,0,0,0,0,0,0,0,0,0,"",0,"",0
"Supplier-gstin","Supplier","Autocomplete",1,"GST India","GSTIN / UIN","","gstin","tax_details_section",0,"","",0,0,"",0,"",0,0,"","","","","",0,0,0,0,0,0,0,0,0,"",0,0,0,0,0,0,0,0,0,0,0,0,0,0,"",0,"",0
"Supplier-tax_details_section","Supplier","Section Break",1,"GST India","Tax Details","","tax_details_section","tax_tab",0,"","",0,0,"",0,"",0,0,"","","","","",0,0,0,0,0,0,0,0,0,"",0,0,0,0,0,0,0,0,0,0,0,0,0,0,"",0,"",0
"Customer-gst_category","Customer","Select",1,"GST India","GST Category","","gst_category","tax_details_column_break",0,"","",0,0,"Registered Regular
Registered Composition
Unregistered
SEZ
Overseas
Deemed Export
UIN Holders
Tax Deductor
Tax Collector
Input Service Distributor",0,"",0,0,"","Unregistered","","","",0,1,0,0,0,0,0,0,0,"",0,0,0,0,0,0,0,0,0,0,0,0,0,0,"",0,"",0
"Customer-tax_details_column_break","Customer","Column Break",1,"GST India","","","tax_details_column_break","pan",0,"","",0,0,"",0,"",0,0,"","","","","",0,0,0,0,0,0,0,0,0,"",0,0,0,0,0,0,0,0,0,0,0,0,0,0,"",0,"",0
"Customer-gstin","Customer","Autocomplete",1,"GST India","GSTIN / UIN","","gstin","tax_details_section",0,"","",0,0,"",0,"",0,0,"","","","","",0,0,0,0,0,0,0,0,0,"",0,0,0,0,0,0,0,0,0,0,0,0,0,0,"",0,"",0
"Customer-tax_details_section","Customer","Section Break",1,"GST India","Tax Details","","tax_details_section","tax_tab",0,"","",0,0,"",0,"",0,0,"","","","","",0,0,0,0,0,0,0,0,0,"",0,0,0,0,0,0,0,0,0,0,0,0,0,0,"",0,"",0
"Company-registration_details_for_printing","Company","Table",1,"GST India","Registration Details","","registration_details_for_printing","bank_details_for_printing",0,"","",0,0,"Company Print Options",0,"",0,0,"","","","","",0,0,0,0,0,0,0,0,0,"",0,0,0,0,0,0,0,0,0,0,0,0,0,0,"",0,"",0
"Company-bank_details_for_printing","Company","Table",1,"GST India","Bank Details","","bank_details_for_printing","logo_for_printing",0,"","",0,0,"Company Print Options",0,"",0,0,"","","","","",0,0,0,0,0,0,0,0,0,"",0,0,0,0,0,0,0,0,0,0,0,0,0,0,"",0,"",0
"Company-logo_for_printing","Company","Attach",1,"GST India","Company Logo","","logo_for_printing","show_physical_signature",0,"","",0,0,"",0,"",0,0,"","","","","",0,0,0,0,0,0,0,0,0,"",0,0,0,0,0,0,0,0,0,0,0,0,0,0,"",0,"",0
"Company-show_physical_signature","Company","Check",1,"GST India","Enable Physical Signature","","show_physical_signature","print_options",0,"","",0,0,"",0,"",0,0,"","","","","",0,0,0,0,0,0,0,0,0,"",0,0,0,0,0,0,0,0,0,0,0,0,0,0,"",0,"",0
"Company-print_options","Company","Tab Break",1,"GST India","Print Options","","print_options","dashboard_tab",0,"","",0,0,"",0,"",0,0,"","","","","",0,0,0,0,0,0,0,0,0,"",0,0,0,0,0,0,0,0,0,0,0,0,0,0,"",0,"",0
"Company-default_gst_expense_account","Company","Link",1,"GST India","Default GST Expense Account","","default_gst_expense_account","default_customs_expense_account",0,"","",0,0,"Account",0,"",0,0,"","","","","",0,0,0,0,0,0,0,0,0,"",0,0,0,0,0,0,0,0,0,0,0,0,0,0,"",0,"",0
"Company-default_customs_payable_account","Company","Link",1,"GST India","Default Customs Duty Payable Account","","default_customs_payable_account","default_finance_book",0,"","",0,0,"Account",0,"",0,0,"","","","","",0,0,0,0,0,0,0,0,0,"",0,0,0,0,0,0,0,0,0,0,0,0,0,0,"",0,"",0
"Company-default_customs_expense_account","Company","Link",1,"GST India","Default Customs Duty Expense Account","","default_customs_expense_account","unrealized_profit_loss_account",0,"","",0,0,"Account",0,"",0,0,"","","","","",0,0,0,0,0,0,0,0,0,"",0,0,0,0,0,0,0,0,0,0,0,0,0,0,"",0,"",0
"Company-default_gst_rate","Company","Select",1,"GST India","Default GST Rate","","default_gst_rate","country",0,"","",0,0,"0.0
0.25
0.1
1.0
1.5
3.0
5.0
6.0
7.5
12.0
18.0
28.0",0,"",0,0,"","18.0","eval:doc.country == 'India' && doc.__islocal","","",0,0,0,0,0,0,0,0,0,"",0,0,0,0,0,0,0,0,0,0,0,0,0,0,"Sales / Purchase Taxes and Charges Template will be created based on this GST Rate",0,"",0
"Company-gst_category","Company","Select",1,"GST India","GST Category","","gst_category","tax_details_column_break",0,"","",0,0,"Registered Regular
Registered Composition
Unregistered
SEZ
Overseas
Deemed Export
UIN Holders
Tax Deductor
Tax Collector
Input Service Distributor",0,"",0,0,"","Unregistered","","","",0,1,0,0,0,0,0,0,0,"",0,0,0,0,0,0,0,0,0,0,0,0,0,0,"",0,"",0
"Company-tax_details_column_break","Company","Column Break",1,"GST India","","","tax_details_column_break","pan",0,"","",0,0,"",0,"",0,0,"","","","","",0,0,0,0,0,0,0,0,0,"",0,0,0,0,0,0,0,0,0,0,0,0,0,0,"",0,"",0
"Company-gstin","Company","Autocomplete",1,"GST India","GSTIN / UIN","","gstin","tax_details_section",0,"","",0,0,"",0,"",0,0,"","","","","",0,0,0,0,0,0,0,0,0,"",0,0,0,0,0,0,0,0,0,0,0,0,0,0,"",0,"",0
"Company-tax_details_section","Company","Section Break",1,"GST India","Tax Details","","tax_details_section","parent_company",0,"","",0,0,"",0,"",0,0,"","","","","",0,0,0,0,0,0,0,0,0,"",0,0,0,0,0,0,0,0,0,0,0,0,0,0,"",0,"",0
"Stock Entry-ewaybill","Stock Entry","Data",1,"GST India","e-Waybill No.","","ewaybill","asset_repair",0,"","",0,0,"",0,"",0,0,"","","eval: doc.docstatus === 1 && (doc.ewaybill || doc.e_waybill_status !== 'Not Applicable')","","",0,0,0,0,1,0,0,0,0,"",1,1,0,0,0,0,0,0,0,0,0,0,0,0,"",0,"",0
"Stock Entry-gst_vehicle_type","Stock Entry","Select",1,"GST India","GST Vehicle Type","","gst_vehicle_type","lr_date",0,"","",0,0,"Regular
Over Dimensional Cargo (ODC)",0,"",0,0,"","Regular","eval:[""Road"", ""Ship""].includes(doc.mode_of_transport)","","eval: doc.mode_of_transport == 'Ship'",0,0,0,0,0,0,0,1,0,"",1,0,0,0,0,0,0,0,0,0,0,0,0,0,"",0,"",0
"Stock Entry-mode_of_transport","Stock Entry","Select",1,"GST India","Mode of Transport","","mode_of_transport","transporter_name",0,"","",0,0,"
Road
Air
Rail
Ship",0,"",0,0,"","Road","","","",0,0,0,0,0,0,0,1,0,"",1,0,0,0,0,0,0,0,0,0,0,0,0,0,"",0,"",0
"Stock Entry-gst_transporter_id","Stock Entry","Data",1,"GST India","GST Transporter ID","","gst_transporter_id","transporter",0,"","",0,0,"",0,"transporter.gst_transporter_id",0,0,"","","","","",0,0,0,0,0,0,0,1,0,"",1,0,0,0,0,0,0,0,0,0,0,0,0,0,"",0,"",0
"Stock Entry-distance","Stock Entry","Int",1,"GST India","Distance (in km)","","distance","vehicle_no",0,"","",0,0,"",0,"",0,0,"","","","","",0,0,0,0,0,0,0,1,0,"",1,0,0,0,0,0,0,0,0,0,0,0,0,0,"Set as zero to update distance as per the e-Waybill portal (if available)",0,"",0
"Stock Entry-lr_date","Stock Entry","Date",1,"GST India","Transport Receipt Date","","lr_date","mode_of_transport",0,"","",0,0,"",0,"",0,0,"","Today","","","",0,0,0,0,0,0,0,1,0,"",1,0,0,0,0,0,0,0,0,0,0,0,0,0,"",0,"",0
"Stock Entry-transporter_name","Stock Entry","Small Text",1,"GST India","Transporter Name","","transporter_name","transporter_col_break",0,"","",0,0,"",0,"transporter.supplier_name",0,0,"","","","","",0,0,0,0,1,0,0,1,0,"",1,0,0,0,0,0,0,0,0,0,0,0,0,0,"",0,"",0
"Stock Entry-transporter_col_break","Stock Entry","Column Break",1,"GST India","","","transporter_col_break","distance",0,"","",0,0,"",0,"",0,0,"","","","","",0,0,0,0,0,0,0,0,0,"",0,0,0,0,0,0,0,0,0,0,0,0,0,0,"",0,"",0
"Stock Entry-vehicle_no","Stock Entry","Data",1,"GST India","Vehicle No","","vehicle_no","lr_no",15,"","",0,0,"",0,"",0,0,"","","","","",0,0,0,0,0,0,0,1,0,"",1,0,0,0,0,0,0,0,0,0,0,0,0,0,"",0,"",0
"Stock Entry-lr_no","Stock Entry","Data",1,"GST India","Transport Receipt No","","lr_no","gst_transporter_id",30,"","",0,0,"",0,"",0,0,"","","","","",0,0,0,0,0,0,0,1,0,"",1,0,0,0,0,0,0,0,0,0,0,0,0,0,"",0,"",0
"Stock Entry-transporter","Stock Entry","Link",1,"GST India","Transporter","","transporter","transporter_info",0,"","",0,0,"Supplier",0,"",0,0,"","","","","",0,0,0,0,0,0,0,1,0,"",1,0,0,0,0,0,0,0,0,0,0,0,0,0,"",0,"",0
"Stock Entry-transporter_info","Stock Entry","Section Break",1,"GST India","Transporter Info","","transporter_info","ship_to_address_display",0,"","",0,0,"",0,"",0,1,"transporter","","","","",0,0,0,0,0,0,0,1,0,"",0,0,0,0,0,0,0,0,0,0,0,0,0,0,"",0,"",0
"Stock Entry-doc_references","Stock Entry","Table",1,"GST India","Original Document References","","doc_references","fetch_original_doc_ref",0,"","",0,0,"Dynamic Link",0,"",0,0,"","","","","",0,0,0,0,0,0,0,0,0,"",0,0,0,0,0,0,0,0,0,0,0,0,0,0,"",0,"",0
"Stock Entry-fetch_original_doc_ref","Stock Entry","Button",1,"GST India","Fetch Original Document Reference","","fetch_original_doc_ref","section_break_ref_doc",0,"","",0,0,"",0,"",0,0,"","","","","",0,0,0,0,0,0,0,0,0,"",0,0,0,0,0,0,0,0,0,0,0,0,0,0,"",0,"",0
"Stock Entry-section_break_ref_doc","Stock Entry","Section Break",1,"GST India","References","","section_break_ref_doc","value_difference",0,"","",0,0,"",0,"",0,0,"","","eval:doc.purpose === 'Material Transfer' && doc.is_return","","",0,0,0,0,0,0,0,0,0,"",0,0,0,0,0,0,0,0,0,0,0,0,0,0,"",0,"",0
"Stock Entry-ship_to_address_display","Stock Entry","Text Editor",1,"GST India","Ship To Address","","ship_to_address_display","ship_to_address",0,"","",0,0,"",0,"",0,0,"","","","","",0,0,0,1,1,0,0,0,0,"",0,1,0,0,0,0,0,0,0,0,0,0,0,0,"",0,"",0
"Stock Entry-ship_to_address","Stock Entry","Link",1,"GST India","Ship To","","ship_to_address","cb_shipping_address",0,"","",0,0,"Address",0,"",0,0,"","","","","",0,0,0,0,0,0,0,1,0,"",0,0,0,0,0,0,0,0,0,0,0,0,0,0,"",0,"",0
"Stock Entry-cb_shipping_address","Stock Entry","Column Break",1,"GST India","","","cb_shipping_address","ship_from_address_display",0,"","",0,0,"",0,"",0,0,"","","","","",0,0,0,0,0,0,0,0,0,"",0,0,0,0,0,0,0,0,0,0,0,0,0,0,"",0,"",0
"Stock Entry-ship_from_address_display","Stock Entry","Text Editor",1,"GST India","Ship From Address","","ship_from_address_display","ship_from_address",0,"","",0,0,"",0,"",0,0,"","","","","",0,0,0,1,1,0,0,0,0,"",0,1,0,0,0,0,0,0,0,0,0,0,0,0,"",0,"",0
"Stock Entry-ship_from_address","Stock Entry","Link",1,"GST India","Ship From","","ship_from_address","section_break_shipping_address",0,"","",0,0,"Address",0,"",0,0,"","","","","",0,0,0,0,0,0,0,1,0,"",0,0,0,0,0,0,0,0,0,0,0,0,0,0,"",0,"",0
"Stock Entry-section_break_shipping_address","Stock Entry","Section Break",1,"GST India","","","section_break_shipping_address","place_of_supply",0,"","",0,0,"",0,"",0,0,"","","","","",0,0,0,0,0,0,0,0,0,"",0,0,0,0,0,0,0,0,0,0,0,0,0,0,"",0,"",0
"Stock Entry-place_of_supply","Stock Entry","Autocomplete",1,"GST India","Destination of Supply","","place_of_supply","bill_to_gst_category",0,"","",0,0,"01-Jammu and Kashmir
02-Himachal Pradesh
03-Punjab
04-Chandigarh
05-Uttarakhand
06-Haryana
07-Delhi
08-Rajasthan
09-Uttar Pradesh
10-Bihar
11-Sikkim
12-Arunachal Pradesh
13-Nagaland
14-Manipur
15-Mizoram
16-Tripura
17-Meghalaya
18-Assam
19-West Bengal
20-Jharkhand
21-Odisha
22-Chhattisgarh
23-Madhya Pradesh
24-Gujarat
26-Dadra and Nagar Haveli and Daman and Diu
27-Maharashtra
29-Karnataka
30-Goa
31-Lakshadweep Islands
32-Kerala
33-Tamil Nadu
34-Puducherry
35-Andaman and Nicobar Islands
36-Telangana
37-Andhra Pradesh
38-Ladakh
96-Other Countries
97-Other Territory",0,"",0,0,"","","","","",0,0,0,0,0,0,0,1,0,"",0,0,0,0,0,0,0,0,0,0,0,0,0,0,"",0,"",0
"Stock Entry-bill_to_gst_category","Stock Entry","Data",1,"GST India","Bill To GST Category","","bill_to_gst_category","bill_to_gstin",0,"","",0,0,"",0,"bill_to_address.gst_category",0,0,"","","","","",0,0,0,0,1,0,0,1,0,"",0,0,0,0,0,0,0,0,0,0,0,0,0,0,"",0,"",0
"Stock Entry-bill_to_gstin","Stock Entry","Data",1,"GST India","Bill To GSTIN","","bill_to_gstin","bill_to_address_display",0,"","",0,0,"",0,"bill_to_address.gstin",0,0,"","","","","",0,0,0,0,1,0,0,1,0,"",0,0,0,0,0,0,0,0,0,0,0,0,0,0,"",0,"",0
"Stock Entry-bill_to_address_display","Stock Entry","Text Editor",1,"GST India","Bill To Address","","bill_to_address_display","bill_to_address",0,"","",0,0,"",0,"",0,0,"","","","","",0,0,0,1,1,0,0,0,0,"",0,1,0,0,0,0,0,0,0,0,0,0,0,0,"",0,"",0
"Stock Entry-bill_to_address","Stock Entry","Link",1,"GST India","Bill To","","bill_to_address","cb_billing_address",0,"","",0,0,"Address",0,"",0,0,"","","","","",0,0,0,0,0,0,0,1,0,"",0,0,0,0,0,0,0,0,0,0,0,0,0,0,"",0,"",0
"Stock Entry-cb_billing_address","Stock Entry","Column Break",1,"GST India","","","cb_billing_address","bill_from_gst_category",0,"","",0,0,"",0,"",0,0,"","","","","",0,0,0,0,0,0,0,0,0,"",0,0,0,0,0,0,0,0,0,0,0,0,0,0,"",0,"",0
"Stock Entry-bill_from_gst_category","Stock Entry","Data",1,"GST India","Bill From GST Category","","bill_from_gst_category","bill_from_gstin",0,"","",0,0,"",0,"bill_from_address.gst_category",0,0,"","","","","",0,0,0,0,1,0,0,1,0,"",0,0,0,0,0,0,0,0,0,0,0,0,0,0,"",0,"",0
"Stock Entry-bill_from_gstin","Stock Entry","Data",1,"GST India","Bill From GSTIN","","bill_from_gstin","bill_from_address_display",0,"","",0,0,"",0,"bill_from_address.gstin",0,0,"","","","","",0,0,0,0,1,0,0,1,0,"",0,0,0,0,0,0,0,0,0,0,0,0,0,0,"",0,"",0
"Stock Entry-bill_from_address_display","Stock Entry","Text Editor",1,"GST India","Bill From Address","","bill_from_address_display","bill_from_address",0,"","",0,0,"",0,"",0,0,"","","","","",0,0,0,1,1,0,0,0,0,"",0,1,0,0,0,0,0,0,0,0,0,0,0,0,"",0,"",0
"Stock Entry-bill_from_address","Stock Entry","Link",1,"GST India","Bill From","","bill_from_address","section_break_addresses_contact",0,"","",0,0,"Address",0,"",0,0,"","","","","",0,0,0,0,0,0,0,1,0,"",0,0,0,0,0,0,0,0,0,0,0,0,0,0,"",0,"",0
"Stock Entry-section_break_addresses_contact","Stock Entry","Section Break",1,"GST India","e-Waybill Address","","section_break_addresses_contact","tab_break_ewaybill",0,"","",0,0,"",0,"",0,0,"","","","","",0,0,0,0,0,0,0,1,0,"",0,0,0,0,0,0,0,0,0,0,0,0,1,0,"",0,"",0
"Stock Entry-tab_break_ewaybill","Stock Entry","Tab Break",1,"GST India","E-Waybill Info","","tab_break_ewaybill","address_display",0,"","",0,0,"",0,"",0,0,"","","eval: india_compliance.is_e_waybill_applicable_for_subcontracting(doc)","","",0,0,0,0,0,0,0,0,0,"",0,0,0,0,0,0,0,0,0,0,0,0,0,0,"",0,"",0
"Stock Entry-section_break_taxes","Stock Entry","Section Break",1,"GST India","Taxes","","section_break_taxes","get_stock_and_rate",0,"","",0,0,"",0,"",0,0,"","","eval: india_compliance.is_e_waybill_applicable_for_subcontracting(doc)","","",0,0,0,0,0,0,0,0,0,"",0,0,0,0,0,0,0,0,0,0,0,0,0,0,"",0,"",0
"Stock Entry-base_grand_total","Stock Entry","Currency",1,"GST India","Grand Total","","base_grand_total","cb_grand_total",0,"","",0,0,"currency",0,"",0,0,"","","","","",0,0,0,0,1,0,0,0,0,"",0,0,0,0,0,0,0,0,0,0,0,0,0,0,"",0,"",0
"Stock Entry-cb_grand_total","Stock Entry","Column Break",1,"GST India","","","cb_grand_total","total_taxes",0,"","",0,0,"",0,"",0,0,"","","","","",0,0,0,0,0,0,0,0,0,"",0,0,0,0,0,0,0,0,0,0,0,0,0,0,"",0,"",0
"Stock Entry-total_taxes","Stock Entry","Currency",1,"GST India","Total Estimated Taxes","","total_taxes","section_break_total",0,"","",0,0,"",0,"",0,0,"","","","","",0,0,0,0,1,0,0,0,0,"",0,0,0,0,0,0,0,0,0,0,0,0,0,0,"",0,"",0
"Stock Entry-section_break_total","Stock Entry","Section Break",1,"GST India","","","section_break_total","taxes",0,"","",0,0,"",0,"",0,0,"","","","","",0,0,0,0,0,0,0,0,0,"",0,0,0,0,0,0,0,0,0,0,0,0,0,0,"",0,"",0
"Stock Entry-taxes","Stock Entry","Table",1,"GST India","Estimated Taxes","","taxes","taxes_and_charges",0,"","",0,0,"India Compliance Taxes and Charges",0,"",0,0,"","","","","",0,0,0,0,0,0,0,0,0,"",0,0,0,0,0,0,0,0,0,0,0,0,0,0,"",0,"",0
"Stock Entry-taxes_and_charges","Stock Entry","Link",1,"GST India","Taxes and Charges Template","","taxes_and_charges","tax_category",0,"","",0,0,"Sales Taxes and Charges Template",0,"",0,0,"","","","","",0,0,0,0,0,0,0,1,0,"",0,0,0,0,0,0,0,0,0,0,0,0,0,0,"",0,"",0
"Stock Entry-tax_category","Stock Entry","Link",1,"GST India","Tax Category","","tax_category","section_break_taxes",0,"","",0,0,"Tax Category",0,"",0,0,"","","","","",0,0,0,0,0,0,0,1,0,"",0,0,0,0,0,0,0,0,0,0,0,0,0,0,"",0,"",0
"Subcontracting Receipt-base_grand_total","Subcontracting Receipt","Currency",1,"GST India","Grand Total","","base_grand_total","cb_grand_total",0,"","",0,0,"currency",0,"",0,0,"","","","","",0,0,0,0,1,0,0,0,0,"",0,0,0,0,0,0,0,0,0,0,0,0,0,0,"",0,"",0
"Subcontracting Receipt-cb_grand_total","Subcontracting Receipt","Column Break",1,"GST India","","","cb_grand_total","total_taxes",0,"","",0,0,"",0,"",0,0,"","","","","",0,0,0,0,0,0,0,0,0,"",0,0,0,0,0,0,0,0,0,0,0,0,0,0,"",0,"",0
"Subcontracting Receipt-total_taxes","Subcontracting Receipt","Currency",1,"GST India","Total Estimated Taxes","","total_taxes","section_break_total",0,"","",0,0,"",0,"",0,0,"","","","","",0,0,0,0,1,0,0,0,0,"",0,0,0,0,0,0,0,0,0,0,0,0,0,0,"",0,"",0
"Subcontracting Receipt-section_break_total","Subcontracting Receipt","Section Break",1,"GST India","","","section_break_total","taxes",0,"","",0,0,"",0,"",0,0,"","","","","",0,0,0,0,0,0,0,0,0,"",0,0,0,0,0,0,0,0,0,0,0,0,0,0,"",0,"",0
"Subcontracting Receipt-taxes","Subcontracting Receipt","Table",1,"GST India","Estimated Taxes","","taxes","taxes_and_charges",0,"","",0,0,"India Compliance Taxes and Charges",0,"",0,0,"","","","","",0,0,0,0,0,0,0,0,0,"",0,0,0,0,0,0,0,0,0,0,0,0,0,0,"",0,"",0
"Subcontracting Receipt-taxes_and_charges","Subcontracting Receipt","Link",1,"GST India","Taxes and Charges Template","","taxes_and_charges","tax_category",0,"","",0,0,"Sales Taxes and Charges Template",0,"",0,0,"","","","","",0,0,0,0,0,0,0,1,0,"",0,0,0,0,0,0,0,0,0,0,0,0,0,0,"",0,"",0
"Subcontracting Receipt-tax_category","Subcontracting Receipt","Link",1,"GST India","Tax Category","","tax_category","section_break_taxes",0,"","",0,0,"Tax Category",0,"",0,0,"","","","","",0,0,0,0,0,0,0,1,0,"",0,0,0,0,0,0,0,0,0,0,0,0,0,0,"",0,"",0
"Subcontracting Order-base_grand_total","Subcontracting Order","Currency",1,"GST India","Grand Total","","base_grand_total","cb_grand_total",0,"","",0,0,"currency",0,"",0,0,"","","","","",0,0,0,0,1,0,0,0,0,"",0,0,0,0,0,0,0,0,0,0,0,0,0,0,"",0,"",0
"Subcontracting Order-cb_grand_total","Subcontracting Order","Column Break",1,"GST India","","","cb_grand_total","total_taxes",0,"","",0,0,"",0,"",0,0,"","","","","",0,0,0,0,0,0,0,0,0,"",0,0,0,0,0,0,0,0,0,0,0,0,0,0,"",0,"",0
"Subcontracting Order-total_taxes","Subcontracting Order","Currency",1,"GST India","Total Estimated Taxes","","total_taxes","section_break_total",0,"","",0,0,"",0,"",0,0,"","","","","",0,0,0,0,1,0,0,0,0,"",0,0,0,0,0,0,0,0,0,0,0,0,0,0,"",0,"",0
"Subcontracting Order-section_break_total","Subcontracting Order","Section Break",1,"GST India","","","section_break_total","taxes",0,"","",0,0,"",0,"",0,0,"","","","","",0,0,0,0,0,0,0,0,0,"",0,0,0,0,0,0,0,0,0,0,0,0,0,0,"",0,"",0
"Subcontracting Order-taxes","Subcontracting Order","Table",1,"GST India","Estimated Taxes","","taxes","taxes_and_charges",0,"","",0,0,"India Compliance Taxes and Charges",0,"",0,0,"","","","","",0,0,0,0,0,0,0,0,0,"",0,0,0,0,0,0,0,0,0,0,0,0,0,0,"",0,"",0
"Subcontracting Order-taxes_and_charges","Subcontracting Order","Link",1,"GST India","Taxes and Charges Template","","taxes_and_charges","tax_category",0,"","",0,0,"Sales Taxes and Charges Template",0,"",0,0,"","","","","",0,0,0,0,0,0,0,1,0,"",0,0,0,0,0,0,0,0,0,0,0,0,0,0,"",0,"",0
"Subcontracting Order-tax_category","Subcontracting Order","Link",1,"GST India","Tax Category","","tax_category","section_break_taxes",0,"","",0,0,"Tax Category",0,"",0,0,"","","","","",0,0,0,0,0,0,0,1,0,"",0,0,0,0,0,0,0,0,0,0,0,0,0,0,"",0,"",0
"Subcontracting Receipt-place_of_supply","Subcontracting Receipt","Autocomplete",1,"GST India","Destination of Supply","","place_of_supply","company_gstin",0,"","",0,0,"01-Jammu and Kashmir
02-Himachal Pradesh
03-Punjab
04-Chandigarh
05-Uttarakhand
06-Haryana
07-Delhi
08-Rajasthan
09-Uttar Pradesh
10-Bihar
11-Sikkim
12-Arunachal Pradesh
13-Nagaland
14-Manipur
15-Mizoram
16-Tripura
17-Meghalaya
18-Assam
19-West Bengal
20-Jharkhand
21-Odisha
22-Chhattisgarh
23-Madhya Pradesh
24-Gujarat
26-Dadra and Nagar Haveli and Daman and Diu
27-Maharashtra
29-Karnataka
30-Goa
31-Lakshadweep Islands
32-Kerala
33-Tamil Nadu
34-Puducherry
35-Andaman and Nicobar Islands
36-Telangana
37-Andhra Pradesh
38-Ladakh
96-Other Countries
97-Other Territory",0,"",0,0,"","","","","",0,0,0,0,0,0,0,1,0,"",0,0,0,0,0,0,0,0,0,0,0,0,0,0,"",0,"",0
"Subcontracting Receipt-company_gstin","Subcontracting Receipt","Data",1,"GST India","Company GSTIN","","company_gstin","billing_address_display",0,"","",0,0,"",0,"company.gstin",0,0,"","","","","",0,0,0,0,1,0,0,1,0,"",0,0,0,0,0,0,0,0,0,0,0,0,0,0,"",0,"",0
"Subcontracting Receipt-gst_category","Subcontracting Receipt","Data",1,"GST India","GST Category","","gst_category","supplier_gstin",0,"","",0,0,"",0,"supplier_address.gst_category",0,0,"","","","","",0,0,0,0,1,0,0,1,0,"",0,0,0,0,0,0,0,0,0,0,0,0,0,0,"",0,"",0
"Subcontracting Receipt-supplier_gstin","Subcontracting Receipt","Data",1,"GST India","Job Worker GSTIN","","supplier_gstin","address_display",0,"","",0,0,"",0,"supplier_address.gstin",0,0,"","","","","",0,0,0,0,1,0,0,1,0,"",0,0,0,0,0,0,0,0,0,0,0,0,0,0,"",0,"",0
"Subcontracting Order-place_of_supply","Subcontracting Order","Autocomplete",1,"GST India","Destination of Supply","","place_of_supply","company_gstin",0,"","",0,0,"01-Jammu and Kashmir
02-Himachal Pradesh
03-Punjab
04-Chandigarh
05-Uttarakhand
06-Haryana
07-Delhi
08-Rajasthan
09-Uttar Pradesh
10-Bihar
11-Sikkim
12-Arunachal Pradesh
13-Nagaland
14-Manipur
15-Mizoram
16-Tripura
17-Meghalaya
18-Assam
19-West Bengal
20-Jharkhand
21-Odisha
22-Chhattisgarh
23-Madhya Pradesh
24-Gujarat
26-Dadra and Nagar Haveli and Daman and Diu
27-Maharashtra
29-Karnataka
30-Goa
31-Lakshadweep Islands
32-Kerala
33-Tamil Nadu
34-Puducherry
35-Andaman and Nicobar Islands
36-Telangana
37-Andhra Pradesh
38-Ladakh
96-Other Countries
97-Other Territory",0,"",0,0,"","","","","",0,0,0,0,0,0,0,1,0,"",0,0,0,0,0,0,0,0,0,0,0,0,0,0,"",0,"",0
"Subcontracting Order-company_gstin","Subcontracting Order","Data",1,"GST India","Company GSTIN","","company_gstin","billing_address_display",0,"","",0,0,"",0,"company.gstin",0,0,"","","","","",0,0,0,0,1,0,0,1,0,"",0,0,0,0,0,0,0,0,0,0,0,0,0,0,"",0,"",0
"Subcontracting Order-gst_category","Subcontracting Order","Data",1,"GST India","GST Category","","gst_category","supplier_gstin",0,"","",0,0,"",0,"supplier_address.gst_category",0,0,"","","","","",0,0,0,0,1,0,0,1,0,"",0,0,0,0,0,0,0,0,0,0,0,0,0,0,"",0,"",0
"Subcontracting Order-supplier_gstin","Subcontracting Order","Data",1,"GST India","Job Worker GSTIN","","supplier_gstin","address_display",0,"","",0,0,"",0,"supplier_address.gstin",0,0,"","","","","",0,0,0,0,1,0,0,1,0,"",0,0,0,0,0,0,0,0,0,0,0,0,0,0,"",0,"",0
"Subcontracting Receipt-ewaybill","Subcontracting Receipt","Data",1,"GST India","e-Waybill No.","","ewaybill","supplier_name",0,"","",0,0,"",0,"",0,0,"","","eval: doc.docstatus === 1 && (doc.ewaybill || doc.e_waybill_status !== 'Not Applicable')","","",0,0,0,0,1,0,0,0,0,"",1,1,0,0,0,0,0,0,0,0,0,0,0,0,"",0,"",0
"Subcontracting Receipt-gst_vehicle_type","Subcontracting Receipt","Select",1,"GST India","GST Vehicle Type","","gst_vehicle_type","lr_date",0,"","",0,0,"Regular
Over Dimensional Cargo (ODC)",0,"",0,0,"","Regular","eval:[""Road"", ""Ship""].includes(doc.mode_of_transport)","","eval: doc.mode_of_transport == 'Ship'",0,0,0,0,0,0,0,1,0,"",1,0,0,0,0,0,0,0,0,0,0,0,0,0,"",0,"",0
"Subcontracting Receipt-mode_of_transport","Subcontracting Receipt","Select",1,"GST India","Mode of Transport","","mode_of_transport","lr_date",0,"","",0,0,"
Road
Air
Rail
Ship",0,"",0,0,"","Road","","","",0,0,0,0,0,0,0,1,0,"",1,0,0,0,0,0,0,0,0,0,0,0,0,0,"",0,"",0
"Subcontracting Receipt-distance","Subcontracting Receipt","Int",1,"GST India","Distance (in km)","","distance","vehicle_no",0,"","",0,0,"",0,"",0,0,"","","","","",0,0,0,0,0,0,0,1,0,"",1,0,0,0,0,0,0,0,0,0,0,0,0,0,"Set as zero to update distance as per the e-Waybill portal (if available)",0,"",0
"Subcontracting Receipt-vehicle_no","Subcontracting Receipt","Data",1,"GST India","Vehicle No","","vehicle_no","gst_transporter_id",15,"","",0,0,"",0,"",0,0,"","","","","",0,0,0,0,0,0,0,1,0,"",1,0,0,0,0,0,0,0,0,0,0,0,0,0,"",0,"",0
"Subcontracting Receipt-gst_transporter_id","Subcontracting Receipt","Data",1,"GST India","GST Transporter ID","","gst_transporter_id","transporter_name",0,"","",0,0,"",0,"transporter.gst_transporter_id",0,0,"","","","","",0,0,0,0,0,0,0,1,0,"",1,0,0,0,0,0,0,0,0,0,0,0,0,0,"",0,"",0
"Subcontracting Receipt-transporter","Subcontracting Receipt","Link",1,"GST India","Transporter","","transporter","transporter_info",0,"","",0,0,"Supplier",0,"",0,0,"","","","","",0,0,0,0,0,0,0,1,0,"",1,0,0,0,0,0,0,0,0,0,0,0,0,0,"",0,"",0
"Subcontracting Receipt-doc_references","Subcontracting Receipt","Table",1,"GST India","Original Document References","","doc_references","fetch_original_doc_ref",0,"","",0,0,"Dynamic Link",0,"",0,0,"","","","","",0,0,0,0,0,0,0,0,0,"",0,0,0,0,0,0,0,0,0,0,0,0,0,0,"",0,"",0
"Subcontracting Receipt-fetch_original_doc_ref","Subcontracting Receipt","Button",1,"GST India","Fetch Original Document Reference","","fetch_original_doc_ref","section_break_ref_doc",0,"","",0,0,"",0,"",0,0,"","","","","",0,0,0,0,0,0,0,0,0,"",0,0,0,0,0,0,0,0,0,0,0,0,0,0,"",0,"",0
"Subcontracting Receipt-section_break_ref_doc","Subcontracting Receipt","Section Break",1,"GST India","References","","section_break_ref_doc","bill_date",0,"","",0,0,"",0,"",0,0,"","","eval:doc.is_return !== 1","","",0,0,0,0,0,0,0,0,0,"",0,0,0,0,0,0,0,0,0,0,0,0,0,0,"",0,"",0
"Subcontracting Receipt-section_break_taxes","Subcontracting Receipt","Section Break",1,"GST India","Taxes","","section_break_taxes","total",0,"","",0,0,"",0,"",0,0,"","","eval: india_compliance.is_e_waybill_applicable_for_subcontracting(doc)","","",0,0,0,0,0,0,0,0,0,"",0,0,0,0,0,0,0,0,0,0,0,0,1,0,"",0,"",0
"Subcontracting Order-section_break_taxes","Subcontracting Order","Section Break",1,"GST India","Taxes","","section_break_taxes","total",0,"","",0,0,"",0,"",0,0,"","","eval: doc.purchase_order && india_compliance.is_e_waybill_applicable_for_subcontracting(doc)","","",0,0,0,0,0,0,0,0,0,"",0,0,0,0,0,0,0,0,0,0,0,0,1,0,"",0,"",0
"Tax Withholding Category-entity_type","Tax Withholding Category","Select",1,"Income Tax India","Entity","","entity_type","tax_on_excess_amount",0,"","",0,0,"
Company
Company Assessee
Individual
No PAN / Invalid PAN",0,"",0,0,"","","","eval:doc.tds_section","",0,0,0,0,0,0,0,0,0,"",0,0,0,0,0,0,0,0,0,0,0,0,0,0,"",0,"",0
"Tax Withholding Category-tds_section","Tax Withholding Category","Autocomplete",1,"Income Tax India","Section","","tds_section","round_off_tax_amount",0,"","",0,0,"
192A
192B
193
194
194A
194B
194BB
194C
194D
194DA
194EE
194F
194G
194H
194I
194I(a)
194I(b)
194IA
194JA
194JB
194LA
194LBA
194LBB
194N
194Q
194T
195
206C(1H)",0,"",0,0,"","","","eval:doc.entity_type","",0,0,0,0,0,0,0,0,0,"",0,0,0,0,0,0,0,0,0,0,0,0,0,0,"",0,"",0
"Finance Book-for_income_tax","Finance Book","Check",1,"Income Tax India","For Income Tax","","for_income_tax","finance_book_name",0,"","",0,0,"",0,"",0,0,"","","","","",0,0,0,0,0,0,0,0,0,"",0,0,0,0,0,0,0,0,0,0,0,0,0,0,"If the asset is put to use for less than 180 days in the first year, the first year's Depreciation Rate will be reduced by 50%.",0,"",0
"Supplier-pan","Supplier","Data",1,"Income Tax India","PAN","","pan","gstin",0,"","",0,0,"",0,"",0,0,"","","","","eval: doc.gstin",0,0,0,0,0,0,0,0,0,"",0,0,0,0,0,0,0,0,0,0,0,0,0,0,"",0,"",0
"Customer-pan","Customer","Data",1,"Income Tax India","PAN","","pan","gstin",0,"","",0,0,"",0,"",0,0,"","","","","eval: doc.gstin",0,0,0,0,0,0,0,0,0,"",0,0,0,0,0,0,0,0,0,0,0,0,0,0,"",0,"",0
"Company-pan","Company","Data",1,"Income Tax India","PAN","","pan","gstin",0,"","",0,0,"",0,"",0,0,"","","","","eval: doc.gstin",0,0,0,0,0,0,0,0,0,"",0,0,0,0,0,0,0,0,0,0,0,0,0,0,"",0,"",0
"Accounts Settings-enable_audit_trail","Accounts Settings","Check",1,"Audit Trail","Enable Audit Trail","","enable_audit_trail","audit_trail_section",0,"","",0,0,"",0,"",0,0,"","","","","",0,0,0,0,0,0,0,0,0,"",0,0,0,0,0,0,0,0,0,0,0,0,0,0,"In accordance with <a href='https://www.mca.gov.in/Ministry/pdf/AccountsAmendmentRules_24032021.pdf' target='_blank'> MCA Notification dated 24-03-2021</a>, enabling this feature will ensure that each change made to the books of account gets recorded. Once enabled, this feature cannot be disabled.",0,"",0
"Accounts Settings-audit_trail_section","Accounts Settings","Section Break",1,"Audit Trail","Audit Trail","","audit_trail_section","invoice_and_billing_tab",0,"","",0,0,"",0,"",0,1,"eval: !doc.enable_audit_trail","","","","",0,0,0,0,0,0,0,0,0,"",0,0,0,0,0,0,0,0,0,0,0,0,0,0,"",0,"",0
"Quotation-custom_site_survey","Quotation","Link",0,"","Site Survey","","site_survey","custom_column_break_6lcsk",0,"","",0,0,"Site Survey",0,"",0,0,"","","","","",0,1,0,0,0,0,0,0,0,"",0,1,0,0,0,0,0,0,0,0,0,0,0,0,"",0,"",0
"Income Tax Slab-marginal_relief_limit","Income Tax Slab","Currency",1,"","Marginal Relief Threshold Limit","","marginal_relief_limit","column_break_pdmy",0,"","",0,0,"",0,"",0,0,"","","eval:doc.tax_relief_limit > 0 && doc.currency == 'INR'","","",0,0,0,0,0,0,0,0,0,"",0,0,0,0,0,0,0,0,0,0,0,0,0,0,"Maximum taxable income for which marginal relief can be applied. Beyond this limit, normal tax slabs are used for tax calculation.",0,"",0
"Employee Tax Exemption Proof Submission-total_eligible_hra_exemption","Employee Tax Exemption Proof Submission","Currency",1,"","Total Eligible HRA Exemption","","total_eligible_hra_exemption","monthly_hra_exemption",0,"","",0,0,"",0,"",0,0,"","","house_rent_payment_amount","","",0,0,0,0,1,0,0,0,0,"",0,0,0,0,0,0,0,0,0,0,0,0,0,0,"",0,"",0
"Employee Tax Exemption Proof Submission-monthly_hra_exemption","Employee Tax Exemption Proof Submission","Currency",1,"","Monthly Eligible Amount","","monthly_hra_exemption","monthly_house_rent",0,"","",0,0,"",0,"",0,0,"","","house_rent_payment_amount","","",0,0,0,0,1,0,0,0,0,"",0,0,0,0,0,0,0,0,0,0,0,0,0,0,"",0,"",0
"Employee Tax Exemption Proof Submission-monthly_house_rent","Employee Tax Exemption Proof Submission","Currency",1,"","Monthly House Rent","","monthly_house_rent","hra_column_break",0,"","",0,0,"",0,"",0,0,"","","house_rent_payment_amount","","",0,0,0,0,1,0,0,0,0,"",0,0,0,0,0,0,0,0,0,0,0,0,0,0,"",0,"",0
"Employee Tax Exemption Proof Submission-hra_column_break","Employee Tax Exemption Proof Submission","Column Break",1,"","","","hra_column_break","rented_to_date",0,"","",0,0,"",0,"",0,0,"","","house_rent_payment_amount","","",0,0,0,0,0,0,0,0,0,"",0,0,0,0,0,0,0,0,0,0,0,0,0,0,"",0,"",0
"Employee Tax Exemption Proof Submission-rented_to_date","Employee Tax Exemption Proof Submission","Date",1,"","Rented To Date","","rented_to_date","rented_from_date",0,"","",0,0,"",0,"",0,0,"","","house_rent_payment_amount","","",0,0,0,0,0,0,0,0,0,"",0,0,0,0,0,0,0,0,0,0,0,0,0,0,"",0,"",0
"Employee Tax Exemption Proof Submission-rented_from_date","Employee Tax Exemption Proof Submission","Date",1,"","Rented From Date","","rented_from_date","rented_in_metro_city",0,"","",0,0,"",0,"",0,0,"","","house_rent_payment_amount","","",0,0,0,0,0,0,0,0,0,"",0,0,0,0,0,0,0,0,0,0,0,0,0,0,"",0,"",0
"Employee Tax Exemption Proof Submission-rented_in_metro_city","Employee Tax Exemption Proof Submission","Check",1,"","Rented in Metro City","","rented_in_metro_city","house_rent_payment_amount",0,"","",0,0,"",0,"",0,0,"","","house_rent_payment_amount","","",0,0,0,0,0,0,0,0,0,"",0,0,0,0,0,0,0,0,0,0,0,0,0,0,"",0,"",0
"Employee Tax Exemption Proof Submission-house_rent_payment_amount","Employee Tax Exemption Proof Submission","Currency",1,"","House Rent Payment Amount","","house_rent_payment_amount","hra_section",0,"","",0,0,"",0,"",0,0,"","","","","",0,0,0,0,0,0,0,0,0,"",0,0,0,0,0,0,0,0,0,0,0,0,0,0,"",0,"",0
"Employee Tax Exemption Proof Submission-hra_section","Employee Tax Exemption Proof Submission","Section Break",1,"","HRA Exemption","","hra_section","tax_exemption_proofs",0,"","",0,0,"",0,"",0,0,"","","","","",0,0,0,0,0,0,0,0,0,"",0,0,0,0,0,0,0,0,0,0,0,0,0,0,"",0,"",0
"Employee Tax Exemption Declaration-monthly_hra_exemption","Employee Tax Exemption Declaration","Currency",1,"","Monthly HRA Exemption","","monthly_hra_exemption","annual_hra_exemption",0,"","",0,0,"",0,"",0,0,"","","monthly_house_rent","","",0,0,0,0,1,0,0,0,0,"",0,0,0,0,0,0,0,0,0,0,0,0,0,0,"",0,"",0
"Employee Tax Exemption Declaration-annual_hra_exemption","Employee Tax Exemption Declaration","Currency",1,"","Annual HRA Exemption","","annual_hra_exemption","hra_column_break",0,"","",0,0,"",0,"",0,0,"","","monthly_house_rent","","",0,0,0,0,1,0,0,0,0,"",0,0,0,0,0,0,0,0,0,0,0,0,0,0,"",0,"",0
"Employee Tax Exemption Declaration-hra_column_break","Employee Tax Exemption Declaration","Column Break",1,"","","","hra_column_break","salary_structure_hra",0,"","",0,0,"",0,"",0,0,"","","monthly_house_rent","","",0,0,0,0,0,0,0,0,0,"",0,0,0,0,0,0,0,0,0,0,0,0,0,0,"",0,"",0
"Employee Tax Exemption Declaration-salary_structure_hra","Employee Tax Exemption Declaration","Currency",1,"","HRA as per Salary Structure","","salary_structure_hra","rented_in_metro_city",0,"","",0,0,"",0,"",0,0,"","","monthly_house_rent","","",0,0,0,0,1,0,0,0,0,"",0,0,0,0,0,0,0,0,0,0,0,0,0,0,"",0,"",0
"Employee Tax Exemption Declaration-rented_in_metro_city","Employee Tax Exemption Declaration","Check",1,"","Rented in Metro City","","rented_in_metro_city","monthly_house_rent",0,"","",0,0,"",0,"",0,0,"","","monthly_house_rent","","",0,0,0,0,0,0,0,0,0,"",0,0,0,0,0,0,0,0,0,0,0,0,0,0,"",0,"",0
"Employee Tax Exemption Declaration-monthly_house_rent","Employee Tax Exemption Declaration","Currency",1,"","Monthly House Rent","","monthly_house_rent","hra_section",0,"","",0,0,"",0,"",0,0,"","","","","",0,0,0,0,0,0,0,0,0,"",0,0,0,0,0,0,0,0,0,0,0,0,0,0,"",0,"",0
"Employee Tax Exemption Declaration-hra_section","Employee Tax Exemption Declaration","Section Break",1,"","HRA Exemption","","hra_section","declarations",0,"","",0,0,"",0,"",0,0,"","","","","",0,0,0,0,0,0,0,0,0,"",0,0,0,0,0,0,0,0,0,0,0,0,0,0,"",0,"",0
"Company-arrear_component","Company","Link",1,"","Arrear Component","","arrear_component","hra_column_break",0,"","",0,0,"Salary Component",0,"",0,0,"","","","","",0,0,0,0,0,0,0,0,0,"",0,0,0,0,0,0,0,0,0,0,0,0,0,0,"",0,"",0
"Company-hra_column_break","Company","Column Break",1,"","","","hra_column_break","hra_component",0,"","",0,0,"",0,"",0,0,"","","","","",0,0,0,0,0,0,0,0,0,"",0,0,0,0,0,0,0,0,0,0,0,0,0,0,"",0,"",0
"Company-hra_component","Company","Link",1,"","HRA Component","","hra_component","basic_component",0,"","",0,0,"Salary Component",0,"",0,0,"","","","","",0,0,0,0,0,0,0,0,0,"",0,0,0,0,0,0,0,0,0,0,0,0,0,0,"",0,"",0
"Company-basic_component","Company","Link",1,"","Basic Component","","basic_component","hra_section",0,"","",0,0,"Salary Component",0,"",0,0,"","","","","",0,0,0,0,0,0,0,0,0,"",0,0,0,0,0,0,0,0,0,0,0,0,0,0,"",0,"",0
"Company-hra_section","Company","Section Break",1,"","HRA Settings","","hra_section","default_payroll_payable_account",0,"","",0,0,"",0,"",0,1,"","","","","",0,0,0,0,0,0,0,0,0,"",0,0,0,0,0,0,0,0,0,0,0,0,0,0,"",0,"",0
"Employee-provident_fund_account","Employee","Data",1,"","Provident Fund Account","","provident_fund_account","pan_number",0,"","",0,0,"",0,"",0,0,"","","","","",0,0,0,0,0,0,0,0,0,"",0,0,0,0,0,0,0,0,0,0,0,0,0,0,"",0,"",0
"Employee-micr_code","Employee","Data",1,"","MICR Code","","micr_code","ifsc_code",0,"","",0,0,"",0,"",0,0,"","","eval:doc.salary_mode == ""Bank""","","",0,0,0,0,0,0,0,1,0,"",0,0,0,0,0,0,0,0,0,0,0,0,0,0,"",0,"",0
"Employee-pan_number","Employee","Data",1,"","PAN Number","","pan_number","payroll_cost_center",0,"","",0,0,"",0,"",0,0,"","","","","",0,0,0,0,0,0,0,1,0,"",0,0,0,0,0,0,0,0,0,0,0,0,0,0,"",0,"",0
"Employee-ifsc_code","Employee","Data",1,"","IFSC Code","","ifsc_code","bank_cb",0,"","",0,0,"",0,"",0,0,"","","eval:doc.salary_mode == ""Bank""","","",0,0,0,0,0,0,0,1,0,"",0,0,0,0,0,0,0,0,0,0,0,0,0,0,"",0,"",0
"Employee-bank_cb","Employee","Column Break",1,"","","","bank_cb","bank_ac_no",0,"","",0,0,"",0,"",0,0,"","","","","",0,0,0,0,0,0,0,0,0,"",0,0,0,0,0,0,0,0,0,0,0,0,0,0,"",0,"",0
"Salary Component-component_type","Salary Component","Select",1,"","Component Type","","component_type","description",0,"","",0,0,"
Provident Fund
Additional Provident Fund
Provident Fund Loan
Professional Tax",0,"",0,0,"","","eval:doc.type == ""Deduction""","","",0,0,0,0,0,0,0,0,0,"",0,0,0,0,0,0,0,0,0,0,0,0,0,0,"",0,"",0
"Email Template-reference_doctype","Email Template","Link",1,"","Doctype","","reference_doctype","enabled",0,"","",0,0,"DocType",0,"",0,0,"","","","","",0,0,0,0,0,0,0,0,0,"",0,0,0,0,0,0,0,0,0,0,0,0,0,0,"",0,"",0
"Email Template-enabled","Email Template","Check",1,"","Enabled","","enabled","",0,"","",0,0,"",0,"",0,0,"","0","","","",0,0,0,0,0,0,0,0,0,"",0,0,0,0,0,0,0,0,0,0,0,0,0,0,"",0,"",0
"Terms and Conditions-hr","Terms and Conditions","Check",1,"","HR","","hr","buying",0,"","",0,0,"",0,"",0,0,"","1","","","",0,0,0,0,0,0,0,0,0,"",0,0,0,0,0,0,0,0,0,0,0,0,0,0,"",0,"",0
"Timesheet-salary_slip","Timesheet","Link",1,"","Salary Slip","","salary_slip","column_break_3",0,"","",0,0,"Salary Slip",0,"",0,0,"","","","","",0,0,0,0,1,0,0,1,0,"",1,0,0,0,0,0,0,0,0,0,0,0,0,0,"",0,"",0
"Task-total_expense_claim","Task","Currency",1,"","Total Expense Claim (via Expense Claim)","","total_expense_claim","total_costing_amount",0,"","",0,0,"Company:company:default_currency",0,"",0,0,"","","","","",0,0,0,0,1,0,0,0,0,"",0,0,0,0,0,0,0,0,0,0,0,0,0,0,"",0,"",0
"Project-total_expense_claim","Project","Currency",1,"","Total Expense Claim (via Expense Claims)","","total_expense_claim","total_costing_amount",0,"","",0,0,"",0,"",0,0,"","","","","",0,0,0,0,1,0,0,0,0,"",0,0,0,0,0,0,0,0,0,0,0,0,0,0,"",0,"",0
"Employee-payroll_cost_center","Employee","Link",1,"","Payroll Cost Center","","payroll_cost_center","salary_cb",0,"","",0,0,"Cost Center",0,"department.payroll_cost_center",1,0,"","","","","",0,0,0,0,0,0,0,0,0,"",0,0,0,0,0,0,0,0,0,0,0,0,0,0,"",0,"",0
"Employee-salary_cb","Employee","Column Break",1,"","","","salary_cb","salary_mode",0,"","",0,0,"",0,"",0,0,"","","","","",0,0,0,0,0,0,0,0,0,"",0,0,0,0,0,0,0,0,0,0,0,0,0,0,"",0,"",0
"Employee-shift_request_approver","Employee","Link",1,"","Shift Request Approver","","shift_request_approver","column_break_45",0,"","",0,0,"User",0,"",0,0,"","","","","",0,0,0,0,0,0,0,0,0,"",0,0,0,0,0,0,0,0,0,0,0,0,0,0,"",0,"",0
"Employee-column_break_45","Employee","Column Break",1,"","","","column_break_45","leave_approver",0,"","",0,0,"",0,"",0,0,"","","","","",0,0,0,0,0,0,0,0,0,"",0,0,0,0,0,0,0,0,0,0,0,0,0,0,"",0,"",0
"Employee-leave_approver","Employee","Link",1,"","Leave Approver","","leave_approver","expense_approver",0,"","",0,0,"User",0,"",0,0,"","","","","",0,0,0,0,0,0,0,0,0,"",0,0,0,0,0,0,0,0,0,0,0,0,0,0,"",0,"",0
"Employee-expense_approver","Employee","Link",1,"","Expense Approver","","expense_approver","approvers_section",0,"","",0,0,"User",0,"",0,0,"","","","","",0,0,0,0,0,0,0,0,0,"",0,0,0,0,0,0,0,0,0,0,0,0,0,0,"",0,"",0
"Employee-approvers_section","Employee","Section Break",1,"","Approvers","","approvers_section","default_shift",0,"","",0,0,"",0,"",0,0,"","","","","",0,0,0,0,0,0,0,0,0,"",0,0,0,0,0,0,0,0,0,0,0,0,0,0,"",0,"",0
"Employee-health_insurance_no","Employee","Data",1,"","Health Insurance No","","health_insurance_no","health_insurance_provider",0,"","",0,0,"",0,"",0,0,"","","eval:doc.health_insurance_provider","","",0,0,0,0,0,0,0,0,0,"",0,0,0,0,0,0,0,0,0,0,0,0,0,0,"",0,"",0
"Employee-health_insurance_provider","Employee","Link",1,"","Health Insurance Provider","","health_insurance_provider","health_insurance_section",0,"","",0,0,"Employee Health Insurance",0,"",0,0,"","","","","",0,0,0,0,0,0,0,0,0,"",0,0,0,0,0,0,0,0,0,0,0,0,0,0,"",0,"",0
"Employee-health_insurance_section","Employee","Section Break",1,"","Health Insurance","","health_insurance_section","health_details",0,"","",0,0,"",0,"",0,1,"","","","","",0,0,0,0,0,0,0,0,0,"",0,0,0,0,0,0,0,0,0,0,0,0,0,0,"",0,"",0
"Employee-default_shift","Employee","Link",1,"","Default Shift","","default_shift","holiday_list",0,"","",0,0,"Shift Type",0,"",0,0,"","","","","",0,0,0,0,0,0,0,0,0,"",0,0,0,0,0,0,0,0,0,0,0,0,0,0,"",0,"",0
"Employee-grade","Employee","Link",1,"","Grade","","grade","branch",0,"","",0,0,"Employee Grade",0,"",0,0,"","","","","",0,0,0,0,0,0,0,0,0,"",0,0,0,0,0,0,0,0,0,0,0,0,0,0,"",0,"",0
"Employee-job_applicant","Employee","Link",1,"","Job Applicant","","job_applicant","employment_details",0,"","",0,0,"Job Applicant",0,"",0,0,"","","","","",0,0,0,0,0,0,0,0,0,"",0,0,0,0,0,0,0,0,0,0,0,0,0,0,"",0,"",0
"Employee-employment_type","Employee","Link",1,"","Employment Type","","employment_type","department",0,"","",0,0,"Employment Type",0,"",0,0,"","","","","",0,0,0,0,0,1,0,0,0,"",0,0,0,0,0,0,0,0,0,0,0,0,0,0,"",0,"",0
"Designation-skills","Designation","Table",1,"","Skills","","skills","required_skills_section",0,"","",0,0,"Designation Skill",0,"",0,0,"","","","","",0,0,0,0,0,0,0,0,0,"",0,0,0,0,0,0,0,0,0,0,0,0,0,0,"",0,"",0
"Designation-required_skills_section","Designation","Section Break",1,"","Required Skills","","required_skills_section","appraisal_template",0,"","",0,0,"",0,"",0,0,"","","","","",0,0,0,0,0,0,0,0,0,"",0,0,0,0,0,0,0,0,0,0,0,0,0,0,"",0,"",0
"Designation-appraisal_template","Designation","Link",1,"","Appraisal Template","","appraisal_template","description",0,"","",0,0,"Appraisal Template",0,"",0,0,"","","","","",0,0,0,0,0,0,0,0,0,"",0,0,0,0,0,0,0,0,0,1,0,0,0,0,"",0,"",0
"Department-expense_approvers","Department","Table",1,"","Expense Approver","","expense_approvers","leave_approvers",0,"","",0,0,"Department Approver",0,"",0,0,"","","","","",0,0,0,0,0,0,0,0,0,"",0,0,0,0,0,0,0,0,0,0,0,0,0,0,"",0,"",0
"Department-leave_approvers","Department","Table",1,"","Leave Approver","","leave_approvers","shift_request_approver",0,"","",0,0,"Department Approver",0,"",0,0,"","","","","",0,0,0,0,0,0,0,0,0,"",0,0,0,0,0,0,0,0,0,0,0,0,0,0,"",0,"",0
"Department-shift_request_approver","Department","Table",1,"","Shift Request Approver","","shift_request_approver","approvers",0,"","",0,0,"Department Approver",0,"",0,0,"","","","","",0,0,0,0,0,0,0,0,0,"",0,0,0,0,0,0,0,0,0,0,0,0,0,0,"",0,"",0
"Department-approvers","Department","Section Break",1,"","Approvers","","approvers","leave_block_list",0,"","",0,0,"",0,"",0,0,"","","","","",0,0,0,0,0,0,0,0,0,"",0,0,0,0,0,0,0,0,0,0,0,0,0,0,"The first Approver in the list will be set as the default Approver.",0,"",0
"Department-leave_block_list","Department","Link",1,"","Leave Block List","","leave_block_list","column_break_9",0,"","",0,0,"Leave Block List",0,"",0,0,"","","","","",0,0,0,0,0,0,0,0,0,"",0,0,1,0,0,0,0,0,0,0,0,0,0,0,"Days for which Holidays are blocked for this department.",0,"",0
"Department-column_break_9","Department","Column Break",1,"","","","column_break_9","payroll_cost_center",0,"","",0,0,"",0,"",0,0,"","","","","",0,0,0,0,0,0,0,0,0,"",0,0,0,0,0,0,0,0,0,0,0,0,0,0,"",0,"",0
"Department-payroll_cost_center","Department","Link",1,"","Payroll Cost Center","","payroll_cost_center","section_break_4",0,"","",0,0,"Cost Center",0,"",0,0,"","","","","",0,0,0,0,0,0,0,0,0,"",0,0,0,0,0,0,0,0,0,0,0,0,0,0,"",0,"",0
"Department-section_break_4","Department","Section Break",1,"","","","section_break_4","disabled",0,"","",0,0,"",0,"",0,0,"","","","","",0,0,0,0,0,0,0,0,0,"",0,0,0,0,0,0,0,0,0,0,0,0,0,0,"",0,"",0
"Company-default_payroll_payable_account","Company","Link",1,"","Default Payroll Payable Account","","default_payroll_payable_account","column_break_10",0,"","",0,0,"Account",0,"",0,0,"","","eval:!doc.__islocal","","",0,0,0,0,0,1,0,0,0,"",1,0,0,0,0,0,0,0,0,0,0,0,0,0,"",0,"",0
"Company-column_break_10","Company","Column Break",1,"","","","column_break_10","default_employee_advance_account",0,"","",0,0,"",0,"",0,0,"","","","","",0,0,0,0,0,0,0,0,0,"",0,0,0,0,0,0,0,0,0,0,0,0,0,0,"",0,"",0
"Company-default_employee_advance_account","Company","Link",1,"","Default Employee Advance Account","","default_employee_advance_account","default_expense_claim_payable_account",0,"","",0,0,"Account",0,"",0,0,"","","","","",0,0,0,0,0,0,0,0,0,"",1,0,0,0,0,0,0,0,0,0,0,0,0,0,"",0,"",0
"Company-default_expense_claim_payable_account","Company","Link",1,"","Default Expense Claim Payable Account","","default_expense_claim_payable_account","hr_settings_section",0,"","",0,0,"Account",0,"",0,0,"","","eval:!doc.__islocal","","",0,0,0,0,0,1,0,0,0,"",1,0,0,0,0,0,0,0,0,0,0,0,0,0,"",0,"",0
"Company-hr_settings_section","Company","Section Break",1,"","HR & Payroll Settings","","hr_settings_section","hr_and_payroll_tab",0,"","",0,0,"",0,"",0,0,"","","","","",0,0,0,0,0,0,0,0,0,"",0,0,0,0,0,0,0,0,0,0,0,0,0,0,"",0,"",0
"Company-hr_and_payroll_tab","Company","Tab Break",1,"","HR & Payroll","","hr_and_payroll_tab","credit_limit",0,"","",0,0,"",0,"",0,0,"","","","","",0,0,0,0,0,0,0,0,0,"",0,0,0,0,0,0,0,0,0,0,0,0,0,0,"",0,"",0
"Print Settings-print_taxes_with_zero_amount","Print Settings","Check",1,"","Print taxes with zero amount","","print_taxes_with_zero_amount","allow_print_for_cancelled",0,"","",0,0,"",0,"",0,0,"","0","","","",0,0,0,0,0,0,0,0,0,"",0,0,0,0,0,0,0,0,0,0,0,0,0,0,"",0,"",0
"Print Settings-print_uom_after_quantity","Print Settings","Check",1,"","Print UOM after Quantity","","print_uom_after_quantity","compact_item_print",0,"","",0,0,"",0,"",0,0,"","0","","","",0,0,0,0,0,0,0,0,0,"",0,0,0,0,0,0,0,0,0,0,0,0,0,0,"",0,"",0
"Print Settings-compact_item_print","Print Settings","Check",1,"","Compact Item Print","","compact_item_print","with_letterhead",0,"","",0,0,"",0,"",0,0,"","1","","","",0,0,0,0,0,0,0,0,0,"",0,0,0,0,0,0,0,0,0,0,0,0,0,0,"",0,"",0
"Address-is_your_company_address","Address","Check",0,"","Is Your Company Address","","is_your_company_address","linked_with",0,"","",0,0,"",0,"",0,0,"","0","","","",0,0,0,0,0,0,0,0,0,"",0,0,0,0,0,0,0,0,0,0,0,0,0,0,"",0,"",0
"Contact-is_billing_contact","Contact","Check",0,"","Is Billing Contact","","is_billing_contact","is_primary_contact",0,"","",0,0,"",0,"",0,0,"","","","","",0,0,0,0,0,0,0,0,0,"",0,0,0,0,0,0,0,0,0,0,0,0,0,0,"",0,"",0
"Address-tax_category","Address","Link",0,"","Tax Category","","tax_category","fax",0,"","",0,0,"Tax Category",0,"",0,0,"","","","","",0,0,0,0,0,0,0,0,0,"",0,0,0,0,0,0,0,0,0,0,0,0,0,0,"",0,"",0
