"ID","Applied On","DocType","Property","Is System Generated","Field Name","Row Name","Module (for export)","Property Type","Set Value","Default Value"
"Sales Order-main-links_order","DocType","Sales Order","links_order",0,"","","","Small Text","[""qo2q97q2aa""]",""
"Sales Order-main-field_order","DocType","Sales Order","field_order",0,"","","","Data","[""customer_section"", ""column_break0"", ""title"", ""naming_series"", ""customer"", ""customer_name"", ""tax_id"", ""order_type"", ""plant_category"", ""solar_capacity"", ""confirm_on"", ""column_break_7"", ""transaction_date"", ""delivery_date"", ""custom_material_availability"", ""company"", ""project_manager"", ""project_status"", ""column_break1"", ""po_no"", ""po_date"", ""without_advance"", ""without_pay_reason"", ""skip_delivery_note"", ""is_reverse_charge"", ""is_export_with_gst"", ""has_unit_price_items"", ""amended_from"", ""manager"", ""lias_sync_manager"", ""liaison_sync_status"", ""accounting_dimensions_section"", ""cost_center"", ""lead"", ""dimension_col_break"", ""project"", ""proposal"", ""custom_material_status"", ""custom_column_break_mjfbt"", ""liaisoning_and_sync"", ""site_survey"", ""currency_and_price_list"", ""currency"", ""conversion_rate"", ""column_break2"", ""selling_price_list"", ""price_list_currency"", ""plc_conversion_rate"", ""ignore_pricing_rule"", ""sec_warehouse"", ""scan_barcode"", ""last_scanned_warehouse"", ""column_break_28"", ""set_warehouse"", ""reserve_stock"", ""items_section"", ""items"", ""section_break_31"", ""total_qty"", ""total_net_weight"", ""column_break_33"", ""base_total"", ""base_net_total"", ""column_break_33a"", ""total"", ""net_total"", ""taxes_section"", ""tax_category"", ""taxes_and_charges"", ""column_break_38"", ""shipping_rule"", ""column_break_49"", ""incoterm"", ""named_place"", ""section_break_40"", ""taxes"", ""section_break_43"", ""base_total_taxes_and_charges"", ""column_break_46"", ""total_taxes_and_charges"", ""section_break_48"", ""apply_discount_on"", ""base_discount_amount"", ""coupon_code"", ""column_break_50"", ""additional_discount_percentage"", ""discount_amount"", ""totals"", ""base_grand_total"", ""base_rounding_adjustment"", ""base_rounded_total"", ""base_in_words"", ""column_break3"", ""grand_total"", ""rounding_adjustment"", ""rounded_total"", ""in_words"", ""advance_paid"", ""disable_rounded_total"", ""sec_tax_breakup"", ""other_charges_calculation"", ""section_gst_breakup"", ""gst_breakup_table"", ""packing_list"", ""packed_items"", ""pricing_rule_details"", ""pricing_rules"", ""contact_info"", ""billing_address_column"", ""customer_address"", ""address_display"", ""billing_address_gstin"", ""gst_category"", ""place_of_supply"", ""customer_group"", ""territory"", ""column_break_84"", ""contact_person"", ""contact_display"", ""contact_phone"", ""contact_mobile"", ""contact_email"", ""shipping_address_column"", ""shipping_address_name"", ""shipping_address"", ""column_break_93"", ""dispatch_address_name"", ""dispatch_address"", ""col_break46"", ""company_address"", ""company_gstin"", ""company_address_display"", ""column_break_92"", ""company_contact_person"", ""custom_message__followup"", ""adv_recv_msg_to_client"", ""adv_receive_msg_date"", ""custom_column_break_gehnp"", ""custom_remark__delay_log"", ""remark_delay_log"", ""exp_nxstp_dt"", ""act_nxstp_dt"", ""tat_days"", ""payment_schedule_section"", ""payment_terms_section"", ""payment_terms_template"", ""payment_schedule"", ""terms_section_break"", ""tc_name"", ""terms"", ""section_break_78"", ""status"", ""delivery_status"", ""per_delivered"", ""column_break_81"", ""per_billed"", ""per_picked"", ""billing_status"", ""per_advance"", ""more_info"", ""custom_signed_pi"", ""custom_sign_pi"", ""sales_team_section_break"", ""sales_partner"", ""column_break7"", ""amount_eligible_for_commission"", ""commission_rate"", ""total_commission"", ""section_break1"", ""sales_team"", ""loyalty_points_redemption"", ""loyalty_points"", ""column_break_116"", ""loyalty_amount"", ""subscription_section"", ""from_date"", ""to_date"", ""column_break_108"", ""auto_repeat"", ""update_auto_repeat_reference"", ""printing_details"", ""letter_head"", ""group_same_items"", ""column_break4"", ""select_print_heading"", ""language"", ""additional_info_section"", ""is_internal_customer"", ""represents_company"", ""column_break_152"", ""source"", ""inter_company_order_reference"", ""campaign"", ""party_account_currency"", ""connections_tab"", ""sla_status_tab"", ""stage_status"", ""complete_status"", ""complete_date"", ""sla_due_date"", ""delay_log"", ""gst_section"", ""gst_col_break"", ""ecommerce_supply_type"", ""ecommerce_gstin""]",""
"Quotation-main-field_order","DocType","Quotation","field_order",0,"","","","Data","[""customer_section"", ""title"", ""naming_series"", ""quotation_to"", ""party_name"", ""customer_name"", ""is_reverse_charge"", ""is_export_with_gst"", ""column_break_7"", ""transaction_date"", ""valid_till"", ""proposal_id"", ""custom_observer"", ""confirm_on"", ""column_break1"", ""order_type"", ""company"", ""has_unit_price_items"", ""amended_from"", ""manager"", ""plant_category"", ""is_revised"", ""prpsl_crct"", ""custom_correction_remark"", ""custom_column_break_6lcsk"", ""site_survey"", ""solar_capacity"", ""solar_system_type"", ""site_type"", ""type_of_mounting"", ""custom_section_break_uxkec"", ""proposal_type"", ""proposal_template"", ""extra_cable_calculation"", ""currency_and_price_list"", ""currency"", ""conversion_rate"", ""column_break2"", ""selling_price_list"", ""price_list_currency"", ""plc_conversion_rate"", ""ignore_pricing_rule"", ""items_section"", ""scan_barcode"", ""last_scanned_warehouse"", ""items"", ""sec_break23"", ""total_qty"", ""total_net_weight"", ""column_break_28"", ""base_total"", ""base_net_total"", ""column_break_31"", ""total"", ""net_total"", ""taxes_section"", ""tax_category"", ""taxes_and_charges"", ""column_break_36"", ""shipping_rule"", ""column_break_34"", ""incoterm"", ""named_place"", ""section_break_36"", ""taxes"", ""section_break_39"", ""base_total_taxes_and_charges"", ""column_break_42"", ""total_taxes_and_charges"", ""section_break_44"", ""apply_discount_on"", ""base_discount_amount"", ""coupon_code"", ""column_break_46"", ""additional_discount_percentage"", ""discount_amount"", ""referral_sales_partner"", ""totals"", ""base_grand_total"", ""base_rounding_adjustment"", ""base_rounded_total"", ""base_in_words"", ""column_break3"", ""grand_total"", ""rounding_adjustment"", ""rounded_total"", ""disable_rounded_total"", ""in_words"", ""custom_materials_require"", ""custom_bom"", ""sec_tax_breakup"", ""other_charges_calculation"", ""section_gst_breakup"", ""gst_breakup_table"", ""bundle_items_section"", ""packed_items"", ""pricing_rule_details"", ""pricing_rules"", ""address_and_contact_tab"", ""billing_address_section"", ""customer_address"", ""address_display"", ""billing_address_gstin"", ""gst_category"", ""place_of_supply"", ""col_break98"", ""contact_person"", ""contact_display"", ""contact_mobile"", ""contact_email"", ""shipping_address_section"", ""shipping_address_name"", ""column_break_81"", ""shipping_address"", ""company_address_section"", ""company_address"", ""company_gstin"", ""company_address_display"", ""column_break_87"", ""company_contact_person"", ""custom_followup"", ""custom_remark__delay_tracking"", ""custom_column_break_tjm1i"", ""remark_delay_log"", ""exp_nxstp_dt"", ""act_nxstp_dt"", ""tat_days"", ""custom_delay_reason"", ""custom_proposal_sent_days"", ""custom_section_break_fc8vy"", ""stage_status"", ""complete_status"", ""complete_date"", ""sla_due_date"", ""delay_log"", ""custom_section_break_8ouvl"", ""custom_column_break_x2chd"", ""proposal_sent_date"", ""next_followup_date"", ""terms_tab"", ""payment_schedule_section"", ""payment_terms_template"", ""payment_schedule"", ""terms_section_break"", ""tc_name"", ""terms"", ""more_info_tab"", ""custom_other_info"", ""lead"", ""custom_column_break_labyl"", ""liaisoning_and_sync"", ""custom_signed_porpsal__bom"", ""custom_sign_quot"", ""subscription_section"", ""auto_repeat"", ""update_auto_repeat_reference"", ""print_settings"", ""letter_head"", ""group_same_items"", ""column_break_73"", ""select_print_heading"", ""language"", ""lost_reasons_section"", ""lost_reasons"", ""competitors"", ""column_break_117"", ""order_lost_reason"", ""additional_info_section"", ""status"", ""customer_group"", ""territory"", ""column_break_108"", ""campaign"", ""source"", ""column_break4"", ""opportunity"", ""supplier_quotation"", ""enq_det"", ""connections_tab"", ""sla_status_tab""]",""
"Lead-main-links_order","DocType","Lead","links_order",0,"","","","Small Text","[""j3mpfbhtuk""]",""
"Lead-main-field_order","DocType","Lead","field_order",0,"","","","Data","[""custom_details"", ""lead_progress_html"", ""custom_section_break_u0xev"", ""salutation"", ""first_name"", ""middle_name"", ""last_name"", ""lead_name"", ""column_break_1"", ""email_id"", ""mobile_no"", ""phone"", ""job_title"", ""gender"", ""creation_date"", ""for_survey_assign_on"", ""col_break123"", ""source"", ""customer"", ""lead_owner"", ""status"", ""type"", ""request_type"", ""surveyed_by"", ""custom_section_break_1ikql"", ""company_name"", ""industry"", ""solar_capacity"", ""custom_column_break_wpqfm"", ""description"", ""contact_info_tab"", ""website"", ""column_break_20"", ""whatsapp_no"", ""column_break_16"", ""phone_ext"", ""organization_section"", ""no_of_employees"", ""column_break_28"", ""annual_revenue"", ""market_segment"", ""column_break_31"", ""territory"", ""fax"", ""address_section"", ""custom_address"", ""city"", ""custom_pincode"", ""column_break_38"", ""state"", ""country"", ""duplicate_mobile"", ""column_break2"", ""address_html"", ""contact_html"", ""qualification_tab"", ""qualification_status"", ""naming_series"", ""column_break_64"", ""qualified_by"", ""qualified_on"", ""other_info_tab"", ""campaign_name"", ""company"", ""advance_amt"", ""bill_amt"", ""per_advance"", ""column_break_22"", ""language"", ""image"", ""title"", ""column_break_50"", ""disabled"", ""unsubscribed"", ""blog_subscriber"", ""notes_tab"", ""custom_tat__delay_tracking"", ""remark_delay_log"", ""exp_nxstp_dt"", ""act_nxstp_dt"", ""tat_days"", ""auto_follow"", ""custom_section_break_hi7jz"", ""notes"", ""notes_html"", ""activities_tab"", ""open_activities_html"", ""all_activities_section"", ""all_activities_html"", ""dashboard_tab"", ""sla_status_tab"", ""stage_status"", ""complete_status"", ""complete_date"", ""sla_due_date"", ""delay_log""]",""
"Attendance-main-field_order","DocType","Attendance","field_order",0,"","","","Data","[""attendance_details"", ""naming_series"", ""employee"", ""employee_name"", ""working_hours"", ""status"", ""column_break0"", ""attendance_date"", ""company"", ""department"", ""attendance_request"", ""half_day_status"", ""adv_hrms_att_section"", ""late_entry_minutes"", ""early_exit_minutes"", ""leave_type"", ""leave_application"", ""adv_hrms_att_col"", ""late_entry_deduction"", ""early_exit_deduction"", ""deduction_applied"", ""sandwich_leave_marked"", ""details_section"", ""shift"", ""in_time"", ""out_time"", ""column_break_18"", ""late_entry"", ""early_exit"", ""amended_from"", ""modify_half_day_status"", ""custom_section_break_kihjs"", ""custom_included_in_late_process"", ""custom_late_mark_seq"", ""custom_column_break_ehiro"", ""custom_converted_due_to_late"", ""custom_original_status"", ""custom_late_group_id""]",""
"Employee-main-field_order","DocType","Employee","field_order",0,"","","","Data","[""basic_details_tab"", ""basic_information"", ""employee"", ""naming_series"", ""salutation"", ""first_name"", ""middle_name"", ""last_name"", ""employee_name"", ""column_break_9"", ""gender"", ""date_of_birth"", ""date_of_joining"", ""image"", ""column_break1"", ""status"", ""department"", ""designation"", ""branch"", ""employment_type"", ""company_details_section"", ""column_break_19"", ""cell_number"", ""company_email"", ""personal_email"", ""prefered_contact_email"", ""column_break_55"", ""emergency_phone_number"", ""person_to_be_contacted"", ""relation"", ""column_break_25"", ""current_address"", ""permanent_address"", ""erpnext_user"", ""custom_column_break_wg9sx"", ""user_id"", ""create_user_permission"", ""create_user"", ""column_break_18"", ""employee_number"", ""reports_to"", ""grade"", ""company"", ""custom_section_break_bkabu"", ""custom_employee_perk"", ""employment_details"", ""job_applicant"", ""scheduled_confirmation_date"", ""column_break_32"", ""final_confirmation_date"", ""contract_end_date"", ""col_break_22"", ""notice_number_of_days"", ""date_of_retirement"", ""contact_details"", ""column_break_40"", ""column_break4"", ""prefered_email"", ""unsubscribed"", ""address_section"", ""current_accommodation_type"", ""column_break_46"", ""permanent_accommodation_type"", ""attendance_and_leave_details"", ""attendance_device_id"", ""holiday_list"", ""custom_exempt_late_deduction"", ""adv_hrms_emp_section"", ""exempt_late_entry"", ""exempt_early_exit"", ""adv_hrms_emp_col"", ""exempt_sandwich_leave"", ""default_shift"", ""column_break_44"", ""expense_approver"", ""leave_approver"", ""shift_request_approver"", ""approvers_section"", ""custom_column_break_idetw"", ""ctc"", ""salary_currency"", ""salary_mode"", ""column_break_45"", ""custom_pf"", ""provident_fund_account"", ""custom_esic"", ""esic_no"", ""lateearly_rate"", ""custom_column_break_zfczu"", ""bank_name"", ""bank_ac_no"", ""ifsc_code"", ""micr_code"", ""salary_information"", ""salary_cb"", ""payroll_cost_center"", ""bank_details_section"", ""column_break_heye"", ""bank_cb"", ""iban"", ""profile_tab"", ""bio"", ""educational_qualification"", ""education"", ""previous_work_experience"", ""external_work_history"", ""history_in_company"", ""internal_work_history"", ""personal_details"", ""custom_fathers_name_"", ""custom_mothers_name"", ""marital_status"", ""custom_spouse"", ""family_background"", ""column_break6"", ""blood_group"", ""health_details"", ""custom_column_break_93lcz"", ""custom_aadhar_no"", ""pan_number"", ""custom_driving_licence_"", ""passport_details_section"", ""passport_number"", ""valid_upto"", ""date_of_issue"", ""place_of_issue"", ""column_break_73"", ""health_insurance_section"", ""health_insurance_provider"", ""health_insurance_no"", ""exit"", ""resignation_letter_date"", ""relieving_date"", ""exit_interview_details"", ""held_on"", ""new_workplace"", ""column_break_99"", ""leave_encashed"", ""encashment_date"", ""feedback_section"", ""reason_for_leaving"", ""column_break_104"", ""feedback"", ""lft"", ""rgt"", ""old_parent"", ""connections_tab""]",""
"Purchase Receipt-provisional_expense_account-hidden","DocField","Purchase Receipt","hidden",1,"provisional_expense_account","","","Check","1",""
"Liaisoning And Synchronization-doc_submit_dt-label","DocField","Liaisoning And Synchronization","label",0,"doc_submit_dt","","","Data","Document Submited to CSPDCL",""
"Site Survey-survey_date-in_list_view","DocField","Site Survey","in_list_view",1,"survey_date","","","Check","0",""
"Purchase Order-main-default_print_format","DocType","Purchase Order","default_print_format",1,"","","","Data","Sadbhav PO",""
"Employee-employee_number-hidden","DocField","Employee","hidden",1,"employee_number","","","Check","1",""
"Employee-employee_number-reqd","DocField","Employee","reqd",1,"employee_number","","","Check","0",""
"Employee-naming_series-reqd","DocField","Employee","reqd",1,"naming_series","","","Check","1",""
"Employee-naming_series-hidden","DocField","Employee","hidden",1,"naming_series","","","Check","0",""
"Shift Assignment-shift_location-in_list_view","DocField","Shift Assignment","in_list_view",1,"shift_location","","","Check","1",""
"Shift Assignment-start_date-in_list_view","DocField","Shift Assignment","in_list_view",1,"start_date","","","Check","1",""
"Shift Assignment-shift_type-in_list_view","DocField","Shift Assignment","in_list_view",1,"shift_type","","","Check","1",""
"Shift Assignment-employee_name-in_list_view","DocField","Shift Assignment","in_list_view",1,"employee_name","","","Check","1",""
"Liaisoning And Synchronization-sync_manager-fetch_from","DocField","Liaisoning And Synchronization","fetch_from",0,"sync_manager","","","Small Text","",""
"Liaisoning And Synchronization-sync_manager-no_copy","DocField","Liaisoning And Synchronization","no_copy",0,"sync_manager","","","Check","0",""
"Liaisoning And Synchronization-sync_manager-ignore_user_permissions","DocField","Liaisoning And Synchronization","ignore_user_permissions",0,"sync_manager","","","Check","1",""
"Liaisoning And Synchronization-main-field_order","DocType","Liaisoning And Synchronization","field_order",0,"","","","Data","[""workflow_state"", ""details_tab"", ""section_break_mhik"", ""advance_status_html"", ""section_break_iulk"", ""customer"", ""customer_name"", ""sync_manager"", ""column_break_viwb"", ""posting_date"", ""completed_date"", ""doc_collected_dt"", ""portal_registration_dt"", ""online_registration_details_section"", ""column_break_leue"", ""acknowledge"", ""is_e_token"", ""is_feasibility"", ""nma_ppa"", ""column_break_dixh"", ""vca_doc_dt"", ""invt_site_photo_dt"", ""consumer_inst_accpt_dt"", ""agreement_sign_and_submit_section"", ""agrmt_given_customer"", ""recieved_sign_doc_customer"", ""column_break_zidp"", ""doc_upload_dt"", ""doc_submit_dt"", ""section_break_mmry"", ""meter_issue_dt"", ""synchronization_done_dt"", ""column_break_rozw"", ""subsidy_redeem_on"", ""subsidy_received_dt"", ""doc_collection_details_section"", ""doc_collect_btn"", ""upload_document"", ""column_break_ywgw"", ""inverter_photos"", ""module_photos"", ""column_break_tgqu"", ""adhaar_img"", ""pan_img"", ""electricity_bill"", ""more_info_tab"", ""status"", ""sales_order"", ""without_pay_reason"", ""bill_amt"", ""advance_amt"", ""column_break_rynu"", ""lead"", ""proposal"", ""solar_capacity"", ""plant_category"", ""per_advance"", ""column_break_rhek"", ""project"", ""project_status"", ""site_survey"", ""sla_status_tab"", ""stage_status"", ""complete_status"", ""complete_date"", ""sla_due_date"", ""delay_log""]",""
"Sales Order-plant_category-in_list_view","DocField","Sales Order","in_list_view",1,"plant_category","","","Check","0",""
"Employee OT-status-in_list_view","DocField","Employee OT","in_list_view",1,"status","","","Check","1",""
"Project-main-links_order","DocType","Project","links_order",0,"","","","Small Text","[""d9edhov87q""]",""
"Project-main-field_order","DocType","Project","field_order",0,"","","","Data","[""custom_details"", ""advance_status_html"", ""custom_section_break_kssc9"", ""naming_series"", ""project_name"", ""project_type"", ""is_active"", ""percent_complete_method"", ""percent_complete"", ""without_pay_reason"", ""custom_upload_document"", ""column_break_5"", ""task_template"", ""project_template"", ""expected_start_date"", ""total_duration_day"", ""expected_end_date"", ""priority"", ""department"", ""custom_team_details"", ""custom_project_manager"", ""custom_team_members"", ""custom_project_documents"", ""custom_inverter"", ""site_survey_docs"", ""custom_module_photos"", ""custom_inverter_photos"", ""custom_section_break_yjie5"", ""project_tasks"", ""custom_material_details"", ""extra_materials"", ""custom_extra_cost"", ""custom_purchase_materials"", ""custom_purchase_cost"", ""custom_return_materials"", ""custom_return_cost"", ""custom_total_cost"", ""customer_details"", ""customer"", ""sales_order"", ""bill_amt"", ""advance_amt"", ""per_advance"", ""column_break_14"", ""lead"", ""site_survey"", ""liaisoning_and_sync"", ""liaison_sync_status"", ""custom_column_break_pwohi"", ""solar_capacity"", ""plant_category"", ""status"", ""proposal"", ""users_section"", ""users"", ""copied_from"", ""section_break0"", ""notes"", ""section_break_18"", ""actual_start_date"", ""actual_time"", ""p_start_date"", ""column_break_20"", ""actual_end_date"", ""p_end_date"", ""project_details"", ""estimated_costing"", ""total_costing_amount"", ""total_expense_claim"", ""total_purchase_cost"", ""company"", ""column_break_28"", ""total_sales_amount"", ""total_billable_amount"", ""total_billed_amount"", ""total_consumed_material_cost"", ""cost_center"", ""margin"", ""gross_margin"", ""column_break_37"", ""per_gross_margin"", ""monitor_progress"", ""collect_progress"", ""holiday_list"", ""frequency"", ""from_time"", ""to_time"", ""first_email"", ""second_email"", ""daily_time_to_send"", ""day_to_send"", ""weekly_time_to_send"", ""column_break_45"", ""subject"", ""message"", ""sla_status_tab"", ""stage_status"", ""complete_status"", ""complete_date"", ""sla_due_date"", ""delay_log"", ""custom_followremark"", ""remark_delay_log"", ""custom_more_info""]",""
"Employee OT-ot_amount-in_list_view","DocField","Employee OT","in_list_view",1,"ot_amount","","","Check","1",""
"Employee OT-out_time-in_list_view","DocField","Employee OT","in_list_view",1,"out_time","","","Check","0",""
"Employee OT-in_time-in_list_view","DocField","Employee OT","in_list_view",1,"in_time","","","Check","1",""
"Employee OT-over_time_hours-in_list_view","DocField","Employee OT","in_list_view",1,"over_time_hours","","","Check","1",""
"Employee OT-date-in_list_view","DocField","Employee OT","in_list_view",1,"date","","","Check","1",""
"Employee OT-emp_name-in_list_view","DocField","Employee OT","in_list_view",1,"emp_name","","","Check","1",""
"Sales Order-naming_series-default","DocField","Sales Order","default",1,"naming_series","","","Text","SO.##",""
"Sales Order-naming_series-options","DocField","Sales Order","options",1,"naming_series","","","Text","SO.##",""
"Liaisoning And Synchronization-status-in_list_view","DocField","Liaisoning And Synchronization","in_list_view",1,"status","","","Check","1",""
"Sales Invoice-additional_discount_account-mandatory_depends_on","DocField","Sales Invoice","mandatory_depends_on",1,"additional_discount_account","","","Code","eval: doc.discount_amount",""
"Sales Invoice-additional_discount_account-hidden","DocField","Sales Invoice","hidden",1,"additional_discount_account","","","Check","0",""
"Sales Invoice Item-discount_account-mandatory_depends_on","DocField","Sales Invoice Item","mandatory_depends_on",1,"discount_account","","","Code","eval: doc.discount_amount",""
"Sales Invoice Item-discount_account-hidden","DocField","Sales Invoice Item","hidden",1,"discount_account","","","Check","0",""
"Packed Item-rate-read_only","DocField","Packed Item","read_only",1,"rate","","","Check","1",""
"Delivery Note-tax_id-print_hide","DocField","Delivery Note","print_hide",1,"tax_id","","","Check","0",""
"Delivery Note-tax_id-hidden","DocField","Delivery Note","hidden",1,"tax_id","","","Check","0",""
"Sales Invoice-tax_id-print_hide","DocField","Sales Invoice","print_hide",1,"tax_id","","","Check","0",""
"Sales Invoice-tax_id-hidden","DocField","Sales Invoice","hidden",1,"tax_id","","","Check","0",""
"Sales Order-tax_id-print_hide","DocField","Sales Order","print_hide",1,"tax_id","","","Check","0",""
"Sales Order-tax_id-hidden","DocField","Sales Order","hidden",1,"tax_id","","","Check","0",""
"Customer-naming_series-hidden","DocField","Customer","hidden",1,"naming_series","","","Check","1",""
"Customer-naming_series-reqd","DocField","Customer","reqd",1,"naming_series","","","Check","0",""
"Liaisoning And Synchronization-liaisoning_status-in_list_view","DocField","Liaisoning And Synchronization","in_list_view",1,"liaisoning_status","","","Check","0",""
"Liaisoning And Synchronization-doc_submit_dt-in_list_view","DocField","Liaisoning And Synchronization","in_list_view",1,"doc_submit_dt","","","Check","0",""
"Liaisoning And Synchronization-project_status-in_list_view","DocField","Liaisoning And Synchronization","in_list_view",1,"project_status","","","Check","1",""
"Liaisoning And Synchronization-per_advance-in_list_view","DocField","Liaisoning And Synchronization","in_list_view",1,"per_advance","","","Check","1",""
"Liaisoning And Synchronization-stage_status-in_list_view","DocField","Liaisoning And Synchronization","in_list_view",1,"stage_status","","","Check","0",""
"Site Survey-panel_and_meter_dst-label","DocField","Site Survey","label",0,"panel_and_meter_dst","","","Data","Earthing Cable Length",""
"Site Survey-panel_and_inverter_dst-label","DocField","Site Survey","label",0,"panel_and_inverter_dst","","","Data","AC Cable Length",""
"Site Survey-main-field_order","DocType","Site Survey","field_order",0,"","","","Data","[""naming_series"", ""survey_date"", ""surveyed_by"", ""completed_date"", ""column_break_fjrd"", ""lead"", ""lead_name"", ""contact_number"", ""contact_mail"", ""site_details_section"", ""solar_capacity"", ""site_type"", ""solar_system"", ""column_break_muil"", ""connected_load"", ""plant_category"", ""column_break_ixit"", ""type_of_mounting"", ""mount_height"", ""storage_space"", ""section_break_zuly"", ""column_break_lmxo"", ""upload_image"", ""image"", ""signed_data"", ""column_break_hclf"", ""remarks"", ""location_details"", ""section_break_whrm"", ""latitude"", ""longitude"", ""map_preview"", ""documents_and_confirmation_section"", ""name_match"", ""document_collection"", ""column_break_jwkp"", ""panel_and_inverter_dst"", ""panel_and_meter_dst"", ""shadow_free_area"", ""space_maintenance_install"", ""more_info_tab"", ""custom_tat_and_remarkdelay"", ""remark_delay_log"", ""exp_nxstp_dt"", ""act_nxstp_dt"", ""tat_days"", ""custom_section_break_uzho9"", ""exp_complete_date"", ""delay_time"", ""column_break_knuq"", ""status"", ""completion_time"", ""section_break_ablk"", ""liaisoning_and_sync"", ""assigned_by"", ""sla_status_tab"", ""stage_status"", ""complete_status"", ""complete_date"", ""sla_due_date"", ""delay_log""]",""
"Site Survey-assigned_by-in_list_view","DocField","Site Survey","in_list_view",1,"assigned_by","","","Check","1",""
"Site Survey-location_details-in_list_view","DocField","Site Survey","in_list_view",1,"location_details","","","Check","1",""
"Lead-solar_capacity-in_list_view","DocField","Lead","in_list_view",1,"solar_capacity","","","Check","1",""
"Lead-description-in_list_view","DocField","Lead","in_list_view",1,"description","","","Check","1",""
"Site Survey-remarks-in_list_view","DocField","Site Survey","in_list_view",1,"remarks","","","Check","1",""
"Solar Proposal Template-proposal_cost-in_list_view","DocField","Solar Proposal Template","in_list_view",1,"proposal_cost","","","Check","1",""
"Solar Proposal Template-panel_capacity-in_list_view","DocField","Solar Proposal Template","in_list_view",1,"panel_capacity","","","Check","1",""
"Solar Proposal Template-plant_category-in_list_view","DocField","Solar Proposal Template","in_list_view",1,"plant_category","","","Check","1",""
"Solar Proposal Template-mount_type-in_list_view","DocField","Solar Proposal Template","in_list_view",1,"mount_type","","","Check","1",""
"Solar Proposal Template-capacity-in_list_view","DocField","Solar Proposal Template","in_list_view",1,"capacity","","","Check","1",""
"Site Survey-lead-read_only","DocField","Site Survey","read_only",0,"lead","","","Check","1",""
"Site Survey-lead-reqd","DocField","Site Survey","reqd",0,"lead","","","Check","1",""
"Sales Order-without_pay_reason-in_list_view","DocField","Sales Order","in_list_view",1,"without_pay_reason","","","Check","0",""
"Quotation-sla_status_tab-hidden","DocField","Quotation","hidden",0,"sla_status_tab","","","Check","1",""
"GME Helpdesk Ticket-raised_by-in_list_view","DocField","GME Helpdesk Ticket","in_list_view",1,"raised_by","","","Check","1",""
"GME Helpdesk Ticket-status-in_list_view","DocField","GME Helpdesk Ticket","in_list_view",1,"status","","","Check","1",""
"GME Helpdesk Ticket-solved_date-in_list_view","DocField","GME Helpdesk Ticket","in_list_view",1,"solved_date","","","Check","1",""
"GME Helpdesk Ticket-resolution_time-in_list_view","DocField","GME Helpdesk Ticket","in_list_view",1,"resolution_time","","","Check","1",""
"GME Helpdesk Ticket-priority-in_list_view","DocField","GME Helpdesk Ticket","in_list_view",1,"priority","","","Check","1",""
"GME Helpdesk Ticket-posting_date-in_list_view","DocField","GME Helpdesk Ticket","in_list_view",1,"posting_date","","","Check","1",""
"GME Helpdesk Ticket-subject-in_list_view","DocField","GME Helpdesk Ticket","in_list_view",1,"subject","","","Check","1",""
"Project-sales_order-reqd","DocField","Project","reqd",0,"sales_order","","","Check","1",""
"Item-retain_sample-in_list_view","DocField","Item","in_list_view",1,"retain_sample","","","Check","0",""
"Item-safety_stock-in_list_view","DocField","Item","in_list_view",1,"safety_stock","","","Check","0",""
"Item-opening_stock-in_list_view","DocField","Item","in_list_view",1,"opening_stock","","","Check","0",""
"Item-sample_quantity-in_list_view","DocField","Item","in_list_view",1,"sample_quantity","","","Check","0",""
"Item-total_projected_qty-in_list_view","DocField","Item","in_list_view",1,"total_projected_qty","","","Check","0",""
"Item-is_stock_item-in_list_view","DocField","Item","in_list_view",1,"is_stock_item","","","Check","0",""
"Item-item_group-in_list_view","DocField","Item","in_list_view",1,"item_group","","","Check","1",""
"Item-item_name-in_list_view","DocField","Item","in_list_view",1,"item_name","","","Check","1",""
"Purchase Order-per_received-in_list_view","DocField","Purchase Order","in_list_view",1,"per_received","","","Check","1",""
"Purchase Order-per_billed-in_list_view","DocField","Purchase Order","in_list_view",1,"per_billed","","","Check","1",""
"Purchase Order-grand_total-in_list_view","DocField","Purchase Order","in_list_view",1,"grand_total","","","Check","1",""
"Purchase Order-transaction_date-in_list_view","DocField","Purchase Order","in_list_view",1,"transaction_date","","","Check","1",""
"Purchase Order-supplier_name-in_list_view","DocField","Purchase Order","in_list_view",1,"supplier_name","","","Check","1",""
"Quotation-naming_series-default","DocField","Quotation","default",1,"naming_series","","","Text","SRL/.MM.-.YY./QT.###",""
"Quotation-naming_series-options","DocField","Quotation","options",1,"naming_series","","","Text","SRL/.MM.-.YY./QT.###",""
"Material Request-status-in_list_view","DocField","Material Request","in_list_view",1,"status","","","Check","0",""
"Material Request-customer-in_list_view","DocField","Material Request","in_list_view",1,"customer","","","Check","0",""
"Material Request-company-in_list_view","DocField","Material Request","in_list_view",1,"company","","","Check","0",""
"Material Request-per_received-in_list_view","DocField","Material Request","in_list_view",1,"per_received","","","Check","0",""
"Material Request-per_ordered-in_list_view","DocField","Material Request","in_list_view",1,"per_ordered","","","Check","0",""
"Material Request-set_warehouse-in_list_view","DocField","Material Request","in_list_view",1,"set_warehouse","","","Check","1",""
"Material Request-schedule_date-in_list_view","DocField","Material Request","in_list_view",1,"schedule_date","","","Check","1",""
"Material Request-material_request_type-in_list_view","DocField","Material Request","in_list_view",1,"material_request_type","","","Check","1",""
"Material Request-title-in_list_view","DocField","Material Request","in_list_view",1,"title","","","Check","1",""
"Employee Checkin-time-in_list_view","DocField","Employee Checkin","in_list_view",1,"time","","","Check","1",""
"Employee Checkin-log_type-in_list_view","DocField","Employee Checkin","in_list_view",1,"log_type","","","Check","1",""
"Employee Checkin-employee_name-in_list_view","DocField","Employee Checkin","in_list_view",1,"employee_name","","","Check","1",""
"Salary Slip-main-field_order","DocType","Salary Slip","field_order",0,"","","","Data","[""employee_and_payroll_tab"", ""section_break_6"", ""employee"", ""employee_name"", ""company"", ""department"", ""designation"", ""branch"", ""column_break_obdl"", ""posting_date"", ""letter_head"", ""column_break_18"", ""status"", ""salary_withholding"", ""salary_withholding_cycle"", ""currency"", ""exchange_rate"", ""section_break_gsts"", ""payroll_frequency"", ""start_date"", ""end_date"", ""column_break_ptcc"", ""salary_structure"", ""payroll_entry"", ""mode_of_payment"", ""column_break_wyhp"", ""salary_slip_based_on_timesheet"", ""section_break_gerh"", ""deduct_tax_for_unclaimed_employee_benefits"", ""deduct_tax_for_unsubmitted_tax_exemption_proof"", ""payment_days_tab"", ""total_working_days"", ""unmarked_days"", ""leave_without_pay"", ""column_break_geio"", ""absent_days"", ""payment_days"", ""total_late_minute"", ""total_early_minute"", ""help_section"", ""payment_days_calculation_help"", ""earnings_and_deductions_tab"", ""timesheets_section"", ""timesheets"", ""column_break_ghjr"", ""total_working_hours"", ""hour_rate"", ""base_hour_rate"", ""earning_deduction_sb"", ""earnings"", ""column_break_k1jz"", ""deductions"", ""totals"", ""gross_pay"", ""base_gross_pay"", ""gross_year_to_date"", ""base_gross_year_to_date"", ""column_break_25"", ""total_deduction"", ""base_total_deduction"", ""net_pay_info"", ""net_pay"", ""base_net_pay"", ""rounded_total"", ""base_rounded_total"", ""column_break_dqnd"", ""year_to_date"", ""base_year_to_date"", ""month_to_date"", ""base_month_to_date"", ""section_break_55"", ""total_in_words"", ""column_break_69"", ""base_total_in_words"", ""income_tax_calculation_breakup_section"", ""ctc"", ""income_from_other_sources"", ""total_earnings"", ""column_break_0rsw"", ""non_taxable_earnings"", ""standard_tax_exemption_amount"", ""tax_exemption_declaration"", ""deductions_before_tax_calculation"", ""annual_taxable_amount"", ""column_break_35wb"", ""income_tax_deducted_till_date"", ""current_month_income_tax"", ""future_income_tax_deductions"", ""total_income_tax"", ""section_break_75"", ""journal_entry"", ""amended_from"", ""column_break_ieob"", ""bank_name"", ""bank_account_no"", ""leave_details_section"", ""leave_details""]",""
"Project-status-options","DocField","Project","options",0,"status","","","Text","Open
Completed
Overdue
Cancelled","Open"
"Project-expected_end_date-read_only","DocField","Project","read_only",0,"expected_end_date","","","Check","1",""
"Quotation-rounded_total-in_list_view","DocField","Quotation","in_list_view",1,"rounded_total","","","Check","1",""
"Site Survey-liaisoning_and_sync-options","DocField","Site Survey","options",0,"liaisoning_and_sync","","","Text","",""
"Sales Order Item-main-field_order","DocType","Sales Order Item","field_order",0,"","","","Data","[""item_code"", ""customer_item_code"", ""ensure_delivery_based_on_produced_serial_no"", ""is_stock_item"", ""reserve_stock"", ""is_site_material"", ""col_break1"", ""delivery_date"", ""item_name"", ""section_break_5"", ""description"", ""gst_hsn_code"", ""item_group"", ""brand"", ""image_section"", ""image"", ""image_view"", ""quantity_and_rate"", ""qty"", ""stock_uom"", ""col_break2"", ""uom"", ""conversion_factor"", ""stock_qty"", ""stock_reserved_qty"", ""section_break_16"", ""price_list_rate"", ""base_price_list_rate"", ""discount_and_margin"", ""margin_type"", ""margin_rate_or_amount"", ""rate_with_margin"", ""column_break_19"", ""discount_percentage"", ""discount_amount"", ""distributed_discount_amount"", ""base_rate_with_margin"", ""section_break_simple1"", ""rate"", ""amount"", ""item_tax_template"", ""gst_treatment"", ""col_break3"", ""base_rate"", ""base_amount"", ""pricing_rules"", ""stock_uom_rate"", ""is_free_item"", ""grant_commission"", ""section_break_24"", ""net_rate"", ""net_amount"", ""column_break_27"", ""base_net_rate"", ""base_net_amount"", ""taxable_value"", ""gst_details_section"", ""igst_rate"", ""cgst_rate"", ""sgst_rate"", ""cess_rate"", ""cess_non_advol_rate"", ""cb_gst_details"", ""igst_amount"", ""cgst_amount"", ""sgst_amount"", ""cess_amount"", ""cess_non_advol_amount"", ""billed_amt"", ""valuation_rate"", ""gross_profit"", ""drop_ship_section"", ""delivered_by_supplier"", ""supplier"", ""item_weight_details"", ""weight_per_unit"", ""total_weight"", ""column_break_21"", ""weight_uom"", ""warehouse_and_reference"", ""warehouse"", ""target_warehouse"", ""prevdoc_docname"", ""quotation_item"", ""col_break4"", ""against_blanket_order"", ""blanket_order"", ""blanket_order_rate"", ""available_quantity_section"", ""actual_qty"", ""column_break_jpky"", ""company_total_stock"", ""manufacturing_section_section"", ""bom_no"", ""planning_section"", ""projected_qty"", ""ordered_qty"", ""planned_qty"", ""production_plan_qty"", ""column_break_69"", ""work_order_qty"", ""delivered_qty"", ""produced_qty"", ""returned_qty"", ""picked_qty"", ""shopping_cart_section"", ""additional_notes"", ""section_break_63"", ""page_break"", ""item_tax_rate"", ""transaction_date"", ""inter_transfer_reference_section"", ""material_request"", ""purchase_order"", ""column_break_89"", ""material_request_item"", ""purchase_order_item"", ""accounting_dimensions_section"", ""cost_center"", ""column_break_ihdh"", ""project""]",""
"Quotation Item-main-field_order","DocType","Quotation Item","field_order",0,"","","","Data","[""item_code"", ""customer_item_code"", ""col_break1"", ""item_name"", ""section_break_5"", ""description"", ""gst_hsn_code"", ""item_group"", ""brand"", ""image_section"", ""image"", ""image_view"", ""quantity_and_rate"", ""qty"", ""stock_uom"", ""col_break2"", ""uom"", ""conversion_factor"", ""stock_qty"", ""available_quantity_section"", ""actual_qty"", ""column_break_ylrv"", ""company_total_stock"", ""section_break_16"", ""price_list_rate"", ""base_price_list_rate"", ""solar_base_rate"", ""discount_and_margin"", ""margin_type"", ""margin_rate_or_amount"", ""rate_with_margin"", ""column_break_18"", ""discount_percentage"", ""discount_amount"", ""distributed_discount_amount"", ""base_rate_with_margin"", ""section_break1"", ""rate"", ""net_rate"", ""amount"", ""net_amount"", ""item_tax_template"", ""gst_treatment"", ""col_break3"", ""base_rate"", ""base_net_rate"", ""base_amount"", ""base_net_amount"", ""taxable_value"", ""gst_details_section"", ""igst_rate"", ""cgst_rate"", ""sgst_rate"", ""cess_rate"", ""cess_non_advol_rate"", ""cb_gst_details"", ""igst_amount"", ""cgst_amount"", ""sgst_amount"", ""cess_amount"", ""cess_non_advol_amount"", ""pricing_rules"", ""stock_uom_rate"", ""is_free_item"", ""is_alternative"", ""has_alternative_item"", ""section_break_43"", ""valuation_rate"", ""column_break_45"", ""gross_profit"", ""item_weight_details"", ""weight_per_unit"", ""total_weight"", ""column_break_20"", ""weight_uom"", ""reference"", ""warehouse"", ""against_blanket_order"", ""blanket_order"", ""blanket_order_rate"", ""column_break_30"", ""prevdoc_doctype"", ""prevdoc_docname"", ""item_balance"", ""projected_qty"", ""col_break4"", ""stock_balance"", ""item_tax_rate"", ""shopping_cart_section"", ""additional_notes"", ""section_break_61"", ""page_break""]",""
"Site Survey-solar_capacity-label","DocField","Site Survey","label",0,"solar_capacity","","","Data","Capacity (kWp)",""
"Site Survey-solar_system-in_list_view","DocField","Site Survey","in_list_view",1,"solar_system","","","Check","0",""
"Site Survey-image-width","DocField","Site Survey","width",0,"image","","","Data","",""
"Site Survey-solar_capacity-in_list_view","DocField","Site Survey","in_list_view",1,"solar_capacity","","","Check","1",""
"Supplier-main-field_order","DocType","Supplier","field_order",0,"","","","Data","[""naming_series"", ""supplier_name"", ""country"", ""column_break0"", ""supplier_group"", ""supplier_type"", ""is_transporter"", ""image"", ""defaults_section"", ""default_currency"", ""default_bank_account"", ""column_break_10"", ""default_price_list"", ""internal_supplier_section"", ""is_internal_supplier"", ""represents_company"", ""column_break_16"", ""companies"", ""column_break2"", ""supplier_details"", ""column_break_30"", ""website"", ""language"", ""dashboard_tab"", ""tax_tab"", ""tax_details_section"", ""gstin"", ""pan"", ""tax_details_column_break"", ""gst_category"", ""gst_transporter_id"", ""is_reverse_charge_applicable"", ""tax_id"", ""column_break_27"", ""tax_category"", ""tax_withholding_category"", ""contact_and_address_tab"", ""address_contacts"", ""address_html"", ""column_break1"", ""contact_html"", ""primary_address_and_contact_detail_section"", ""column_break_44"", ""supplier_primary_address"", ""primary_address"", ""column_break_mglr"", ""supplier_primary_contact"", ""mobile_no"", ""email_id"", ""section_break_cvzi"", ""add_line1"", ""add_line2"", ""column_break_gmzs"", ""pincode"", ""city"", ""state"", ""accounting_tab"", ""payment_terms"", ""default_accounts_section"", ""accounts"", ""settings_tab"", ""allow_purchase_invoice_creation_without_purchase_order"", ""allow_purchase_invoice_creation_without_purchase_receipt"", ""column_break_54"", ""is_frozen"", ""disabled"", ""warn_rfqs"", ""warn_pos"", ""prevent_rfqs"", ""prevent_pos"", ""block_supplier_section"", ""on_hold"", ""hold_type"", ""column_break_59"", ""release_date"", ""portal_users_tab"", ""portal_users"", ""column_break_1mqv""]",""
"Supplier-supplier_type-options","DocField","Supplier","options",0,"supplier_type","","","Text","Company
Individual
Partnership
Proprietorship
LLP
Wholesaler/Distributor
Manufacturer
Retailer",""
"Project-main-track_changes","DocType","Project","track_changes",0,"","","","Check","1",""
"Project-status-in_list_view","DocField","Project","in_list_view",1,"status","","","Check","1",""
"Site Survey-mount_height-in_list_view","DocField","Site Survey","in_list_view",1,"mount_height","","","Check","0",""
"Project-percent_complete-hidden","DocField","Project","hidden",0,"percent_complete","","","Check","1",""
"Project-main-quick_entry","DocType","Project","quick_entry",0,"","","","Check","0",""
"Project-project_template-hidden","DocField","Project","hidden",0,"project_template","","","Check","1",""
"Project-project_template-allow_in_quick_entry","DocField","Project","allow_in_quick_entry",0,"project_template","","","Check","0",""
"Project-expected_start_date-allow_in_quick_entry","DocField","Project","allow_in_quick_entry",0,"expected_start_date","","","Check","1",""
"GME Helpdesk Ticket-priority-default","DocField","GME Helpdesk Ticket","default",0,"priority","","","Text","",""
"Leave Application-half_day_date-mandatory_depends_on","DocField","Leave Application","mandatory_depends_on",1,"half_day_date","","","Data","eval:doc.half_day == 1",""
"Salary Slip-rounded_total-print_hide","DocField","Salary Slip","print_hide",1,"rounded_total","","","Check","0",""
"Salary Slip-rounded_total-hidden","DocField","Salary Slip","hidden",1,"rounded_total","","","Check","0",""
"Leave Policy Assignment-main-allow_import","DocType","Leave Policy Assignment","allow_import",0,"","","","Check","1",""
"Leave Application-to_date-in_list_view","DocField","Leave Application","in_list_view",1,"to_date","","","Check","1",""
"Leave Application-total_leave_days-in_list_view","DocField","Leave Application","in_list_view",1,"total_leave_days","","","Check","1",""
"Leave Application-from_date-in_list_view","DocField","Leave Application","in_list_view",1,"from_date","","","Check","1",""
"Leave Application-employee_name-in_list_view","DocField","Leave Application","in_list_view",1,"employee_name","","","Check","1",""
"Attendance Request-reason-options","DocField","Attendance Request","options",0,"reason","","","Text","On Duty
Work From Home
Missed Punch
Technical Issue",""
"Delivery Note-main-field_order","DocType","Delivery Note","field_order",0,"","","","Data","[""title"", ""naming_series"", ""customer"", ""tax_id"", ""customer_name"", ""ewaybill"", ""column_break1"", ""posting_date"", ""posting_time"", ""set_posting_time"", ""is_reverse_charge"", ""is_export_with_gst"", ""column_break_10"", ""company"", ""amended_from"", ""is_return"", ""issue_credit_note"", ""return_against"", ""manager"", ""late_remark"", ""accounting_dimensions_section"", ""cost_center"", ""column_break_18"", ""project"", ""dimension_col_break"", ""currency_and_price_list"", ""currency"", ""conversion_rate"", ""col_break23"", ""selling_price_list"", ""price_list_currency"", ""plc_conversion_rate"", ""ignore_pricing_rule"", ""items_section"", ""scan_barcode"", ""last_scanned_warehouse"", ""col_break_warehouse"", ""set_warehouse"", ""set_target_warehouse"", ""section_break_30"", ""items"", ""section_break_31"", ""total_qty"", ""total_net_weight"", ""column_break_35"", ""base_total"", ""base_net_total"", ""column_break_33"", ""total"", ""net_total"", ""taxes_section"", ""tax_category"", ""taxes_and_charges"", ""column_break_43"", ""shipping_rule"", ""column_break_39"", ""incoterm"", ""named_place"", ""section_break_41"", ""taxes"", ""section_break_44"", ""base_total_taxes_and_charges"", ""column_break_47"", ""total_taxes_and_charges"", ""totals"", ""base_grand_total"", ""base_rounding_adjustment"", ""base_rounded_total"", ""base_in_words"", ""column_break3"", ""grand_total"", ""rounding_adjustment"", ""rounded_total"", ""in_words"", ""disable_rounded_total"", ""section_break_49"", ""apply_discount_on"", ""base_discount_amount"", ""column_break_51"", ""additional_discount_percentage"", ""discount_amount"", ""sec_tax_breakup"", ""other_charges_calculation"", ""section_gst_breakup"", ""gst_breakup_table"", ""packing_list"", ""packed_items"", ""product_bundle_help"", ""pricing_rule_details"", ""pricing_rules"", ""custom_followremark"", ""remark_delay_log"", ""address_and_contact_tab"", ""contact_info"", ""customer_address"", ""address_display"", ""billing_address_gstin"", ""gst_category"", ""place_of_supply"", ""col_break21"", ""contact_person"", ""contact_display"", ""contact_mobile"", ""contact_email"", ""shipping_address_section"", ""shipping_address_name"", ""shipping_address"", ""column_break_95"", ""dispatch_address_name"", ""dispatch_address"", ""company_address_section"", ""company_address"", ""company_gstin"", ""company_address_display"", ""column_break_101"", ""company_contact_person"", ""terms_tab"", ""tc_name"", ""terms"", ""more_info_tab"", ""section_break_83"", ""per_billed"", ""status"", ""column_break_112"", ""per_installed"", ""installation_status"", ""column_break_89"", ""per_returned"", ""transporter_info"", ""transporter"", ""gst_transporter_id"", ""driver"", ""lr_no"", ""vehicle_no"", ""distance"", ""col_break34"", ""transporter_name"", ""mode_of_transport"", ""driver_name"", ""lr_date"", ""gst_vehicle_type"", ""gst_section"", ""ecommerce_gstin"", ""gst_col_break"", ""port_code"", ""shipping_bill_number"", ""shipping_bill_date"", ""ecommerce_supply_type"", ""customer_po_details"", ""po_no"", ""column_break_17"", ""po_date"", ""sales_team_section_break"", ""sales_partner"", ""amount_eligible_for_commission"", ""column_break7"", ""commission_rate"", ""total_commission"", ""section_break1"", ""sales_team"", ""subscription_section"", ""auto_repeat"", ""printing_details"", ""letter_head"", ""print_without_amount"", ""group_same_items"", ""column_break_88"", ""select_print_heading"", ""language"", ""more_info"", ""is_internal_customer"", ""represents_company"", ""inter_company_reference"", ""customer_group"", ""territory"", ""source"", ""campaign"", ""column_break5"", ""excise_page"", ""instructions"", ""connections_tab"", ""sla_status_tab"", ""stage_status"", ""complete_status"", ""complete_date"", ""sla_due_date"", ""delay_log""]",""
"Employee-default_shift-default","DocField","Employee","default",0,"default_shift","","","Text","Day Shift",""
"Project-naming_series-options","DocField","Project","options",1,"naming_series","","","Text","PROJ-.####",""
"Project Template-main-field_order","DocType","Project Template","field_order",0,"","","","Data","[""project_type"", ""tasks"", ""custom_days""]",""
"Project-actual_time-hidden","DocField","Project","hidden",0,"actual_time","","","Check","1",""
"Employee Checkin-longitude-precision","DocField","Employee Checkin","precision",0,"longitude","","","Select","9",""
"Employee Checkin-latitude-precision","DocField","Employee Checkin","precision",0,"latitude","","","Select","9",""
"Employee-provident_fund_account-label","DocField","Employee","label",0,"provident_fund_account","","","Data","PF Account (UAN No)",""
"Sales Order-project_status-in_list_view","DocField","Sales Order","in_list_view",1,"project_status","","","Check","1",""
"Sales Order-liaison_sync_status-in_list_view","DocField","Sales Order","in_list_view",1,"liaison_sync_status","","","Check","1",""
"Liaisoning And Synchronization-without_pay_reason-in_list_view","DocField","Liaisoning And Synchronization","in_list_view",1,"without_pay_reason","","","Check","1",""
"Liaisoning And Synchronization-solar_capacity-in_list_view","DocField","Liaisoning And Synchronization","in_list_view",1,"solar_capacity","","","Check","1",""
"Liaisoning And Synchronization-bill_amt-in_list_view","DocField","Liaisoning And Synchronization","in_list_view",1,"bill_amt","","","Check","0",""
"Liaisoning And Synchronization-customer-in_list_view","DocField","Liaisoning And Synchronization","in_list_view",1,"customer","","","Check","1",""
"Project-status-label","DocField","Project","label",0,"status","","","Data","Installation Status",""
"Project-without_pay_reason-in_list_view","DocField","Project","in_list_view",1,"without_pay_reason","","","Check","1",""
"Project-percent_complete_method-hidden","DocField","Project","hidden",0,"percent_complete_method","","","Check","1",""
"Sales Order-per_advance-in_list_view","DocField","Sales Order","in_list_view",1,"per_advance","","","Check","1",""
"Project-per_advance-in_list_view","DocField","Project","in_list_view",1,"per_advance","","","Check","1",""
"Liaisoning And Synchronization-advance_amt-read_only","DocField","Liaisoning And Synchronization","read_only",0,"advance_amt","","","Check","1",""
"Liaisoning And Synchronization-advance_amt-fetch_from","DocField","Liaisoning And Synchronization","fetch_from",0,"advance_amt","","","Small Text","sales_order.rounded_total",""
"Sales Order-per_delivered-label","DocField","Sales Order","label",0,"per_delivered","","","Data","Dispatched",""
"Project-plant_category-in_list_view","DocField","Project","in_list_view",1,"plant_category","","","Check","1",""
"Project-bill_amt-in_list_view","DocField","Project","in_list_view",1,"bill_amt","","","Check","1",""
"Project-solar_capacity-in_list_view","DocField","Project","in_list_view",1,"solar_capacity","","","Check","1",""
"Sales Order-main-make_attachments_public","DocType","Sales Order","make_attachments_public",0,"","","","Check","1",""
"Sales Order-billing_status-in_standard_filter","DocField","Sales Order","in_standard_filter",0,"billing_status","","","Check","0",""
"Sales Order-delivery_status-in_standard_filter","DocField","Sales Order","in_standard_filter",0,"delivery_status","","","Check","0",""
"Work Order-main-field_order","DocType","Work Order","field_order",0,"","","","Data","[""item"", ""naming_series"", ""status"", ""production_item"", ""item_name"", ""image"", ""bom_no"", ""sales_order"", ""column_break1"", ""company"", ""qty"", ""material_transferred_for_manufacturing"", ""produced_qty"", ""disassembled_qty"", ""process_loss_qty"", ""project"", ""custom_customer_name"", ""section_break_ndpq"", ""required_items"", ""work_order_configuration"", ""settings_section"", ""allow_alternative_item"", ""use_multi_level_bom"", ""column_break_17"", ""skip_transfer"", ""from_wip_warehouse"", ""update_consumed_material_cost_in_project"", ""warehouses"", ""source_warehouse"", ""wip_warehouse"", ""column_break_12"", ""fg_warehouse"", ""scrap_warehouse"", ""serial_no_and_batch_for_finished_good_section"", ""has_serial_no"", ""has_batch_no"", ""column_break_18"", ""batch_size"", ""materials_and_operations_tab"", ""operations_section"", ""transfer_material_against"", ""operations"", ""time"", ""planned_start_date"", ""planned_end_date"", ""expected_delivery_date"", ""column_break_13"", ""actual_start_date"", ""actual_end_date"", ""lead_time"", ""section_break_22"", ""planned_operating_cost"", ""actual_operating_cost"", ""additional_operating_cost"", ""column_break_24"", ""corrective_operation_cost"", ""total_operating_cost"", ""more_info"", ""description"", ""stock_uom"", ""column_break2"", ""material_request"", ""material_request_item"", ""sales_order_item"", ""production_plan"", ""production_plan_item"", ""production_plan_sub_assembly_item"", ""product_bundle_item"", ""amended_from"", ""section_break_guzt"", ""lead"", ""orders_types"", ""column_break_vppp"", ""capacity"", ""bill_amt"", ""connections_tab"", ""custom_folllowremark"", ""custom_remark__delay_tracking"", ""remark_delay_log""]",""
"Quotation-custom_capacity-in_list_view","DocField","Quotation","in_list_view",1,"custom_capacity","","","Check","1",""
"Quotation-main-make_attachments_public","DocType","Quotation","make_attachments_public",0,"","","","Check","1",""
"Site Survey-remarks-mandatory_depends_on","DocField","Site Survey","mandatory_depends_on",0,"remarks","","","Data","eval: !doc.__islocal",""
"Sales Order-advance_paid-in_list_view","DocField","Sales Order","in_list_view",1,"advance_paid","","","Check","0",""
"Project-expected_end_date-in_list_view","DocField","Project","in_list_view",1,"expected_end_date","","","Check","0",""
"Project-project_name-in_list_view","DocField","Project","in_list_view",1,"project_name","","","Check","1",""
"Project-estimated_costing-in_list_view","DocField","Project","in_list_view",1,"estimated_costing","","","Check","0",""
"Project-project_type-in_list_view","DocField","Project","in_list_view",1,"project_type","","","Check","0",""
"Payment Entry-mode_of_payment-in_list_view","DocField","Payment Entry","in_list_view",1,"mode_of_payment","","","Check","1",""
"Payment Entry-posting_date-in_list_view","DocField","Payment Entry","in_list_view",1,"posting_date","","","Check","0",""
"Payment Entry-payment_type-in_list_view","DocField","Payment Entry","in_list_view",1,"payment_type","","","Check","1",""
"Payment Entry-title-in_list_view","DocField","Payment Entry","in_list_view",1,"title","","","Check","1",""
"Sales Order-per_billed-in_list_view","DocField","Sales Order","in_list_view",0,"per_billed","","","Check","0",""
"Sales Order-per_delivered-in_list_view","DocField","Sales Order","in_list_view",1,"per_delivered","","","Check","1",""
"Sales Order-status-in_list_view","DocField","Sales Order","in_list_view",1,"status","","","Check","0",""
"Sales Order-grand_total-in_list_view","DocField","Sales Order","in_list_view",1,"grand_total","","","Check","1",""
"Sales Order-delivery_date-in_list_view","DocField","Sales Order","in_list_view",1,"delivery_date","","","Check","0",""
"Sales Order-customer_name-in_list_view","DocField","Sales Order","in_list_view",1,"customer_name","","","Check","1",""
"Site Survey-section_break_zuly-label","DocField","Site Survey","label",0,"section_break_zuly","","","Data","",""
"Sales Order-po_no-read_only","DocField","Sales Order","read_only",0,"po_no","","","Check","1",""
"Sales Order-named_place-hidden","DocField","Sales Order","hidden",0,"named_place","","","Check","1",""
"Sales Order-incoterm-hidden","DocField","Sales Order","hidden",0,"incoterm","","","Check","1",""
"Sales Order-shipping_rule-hidden","DocField","Sales Order","hidden",0,"shipping_rule","","","Check","1",""
"Sales Order-tax_category-read_only","DocField","Sales Order","read_only",0,"tax_category","","","Check","1",""
"Site Survey-contact_mail-hidden","DocField","Site Survey","hidden",0,"contact_mail","","","Check","1",""
"Lead-naming_series-hidden","DocField","Lead","hidden",0,"naming_series","","","Check","1",""
"Lead-industry-read_only","DocField","Lead","read_only",0,"industry","","","Check","1",""
"Lead-industry-hidden","DocField","Lead","hidden",0,"industry","","","Check","1",""
"Lead-company_name-read_only","DocField","Lead","read_only",0,"company_name","","","Check","1",""
"Lead-company_name-in_standard_filter","DocField","Lead","in_standard_filter",0,"company_name","","","Check","0",""
"Lead-source-label","DocField","Lead","label",0,"source","","","Data","Reference From",""
"Project-expected_start_date-default","DocField","Project","default",0,"expected_start_date","","","Text","Today",""
"Quotation-incoterm-hidden","DocField","Quotation","hidden",0,"incoterm","","","Check","1",""
"Quotation-shipping_rule-hidden","DocField","Quotation","hidden",0,"shipping_rule","","","Check","1",""
"Quotation-tax_category-hidden","DocField","Quotation","hidden",0,"tax_category","","","Check","1",""
"Lead-phone-hidden","DocField","Lead","hidden",0,"phone","","","Check","1",""
"Lead-last_name-read_only","DocField","Lead","read_only",0,"last_name","","","Check","1",""
"Lead-middle_name-hidden","DocField","Lead","hidden",0,"middle_name","","","Check","1",""
"Sales Order-order_type-hidden","DocField","Sales Order","hidden",0,"order_type","","","Check","1",""
"Sales Order-currency_and_price_list-hidden","DocField","Sales Order","hidden",0,"currency_and_price_list","","","Check","1",""
"Sales Order-section_gst_breakup-hidden","DocField","Sales Order","hidden",0,"section_gst_breakup","","","Check","1",""
"Sales Order-sec_tax_breakup-hidden","DocField","Sales Order","hidden",0,"sec_tax_breakup","","","Check","1",""
"Sales Order-pricing_rule_details-hidden","DocField","Sales Order","hidden",0,"pricing_rule_details","","","Check","1",""
"Sales Order-packing_list-hidden","DocField","Sales Order","hidden",0,"packing_list","","","Check","1",""
"Sales Order-additional_info_section-hidden","DocField","Sales Order","hidden",0,"additional_info_section","","","Check","1",""
"Sales Order-subscription_section-hidden","DocField","Sales Order","hidden",0,"subscription_section","","","Check","1",""
"Sales Order-printing_details-hidden","DocField","Sales Order","hidden",0,"printing_details","","","Check","1",""
"Sales Order-section_break1-hidden","DocField","Sales Order","hidden",0,"section_break1","","","Check","1",""
"Sales Order-sales_team_section_break-hidden","DocField","Sales Order","hidden",0,"sales_team_section_break","","","Check","1",""
"Quotation-referral_sales_partner-hidden","DocField","Quotation","hidden",0,"referral_sales_partner","","","Check","1",""
"Quotation-coupon_code-hidden","DocField","Quotation","hidden",0,"coupon_code","","","Check","1",""
"Quotation-order_type-hidden","DocField","Quotation","hidden",0,"order_type","","","Check","1",""
"Quotation-pricing_rule_details-hidden","DocField","Quotation","hidden",0,"pricing_rule_details","","","Check","1",""
"Quotation-bundle_items_section-hidden","DocField","Quotation","hidden",0,"bundle_items_section","","","Check","1",""
"Quotation-section_gst_breakup-hidden","DocField","Quotation","hidden",0,"section_gst_breakup","","","Check","1",""
"Quotation-sec_tax_breakup-hidden","DocField","Quotation","hidden",0,"sec_tax_breakup","","","Check","1",""
"Project-main-make_attachments_public","DocType","Project","make_attachments_public",0,"","","","Check","1",""
"Project-main-max_attachments","DocType","Project","max_attachments",0,"","","","Int","",""
"UOM Conversion Factor-value-in_list_view","DocField","UOM Conversion Factor","in_list_view",1,"value","","","Check","1",""
"UOM Conversion Factor-to_uom-in_list_view","DocField","UOM Conversion Factor","in_list_view",1,"to_uom","","","Check","1",""
"UOM Conversion Factor-from_uom-in_list_view","DocField","UOM Conversion Factor","in_list_view",1,"from_uom","","","Check","1",""
"UOM Conversion Factor-category-in_list_view","DocField","UOM Conversion Factor","in_list_view",1,"category","","","Check","1",""
"Purchase Receipt Item-from_warehouse-hidden","DocField","Purchase Receipt Item","hidden",1,"from_warehouse","","","Check","1",""
"Purchase Invoice Item-from_warehouse-hidden","DocField","Purchase Invoice Item","hidden",1,"from_warehouse","","","Check","1",""
"Delivery Note Item-target_warehouse-hidden","DocField","Delivery Note Item","hidden",1,"target_warehouse","","","Check","1",""
"Sales Invoice Item-target_warehouse-hidden","DocField","Sales Invoice Item","hidden",1,"target_warehouse","","","Check","1",""
"Quotation-scan_barcode-hidden","DocField","Quotation","hidden",1,"scan_barcode","","","Check","1",""
"Stock Entry-scan_barcode-hidden","DocField","Stock Entry","hidden",1,"scan_barcode","","","Check","1",""
"Material Request-scan_barcode-hidden","DocField","Material Request","hidden",1,"scan_barcode","","","Check","1",""
"Stock Reconciliation-scan_barcode-hidden","DocField","Stock Reconciliation","hidden",1,"scan_barcode","","","Check","1",""
"Pick List-scan_barcode-hidden","DocField","Pick List","hidden",1,"scan_barcode","","","Check","1",""
"Delivery Note-scan_barcode-hidden","DocField","Delivery Note","hidden",1,"scan_barcode","","","Check","1",""
"Purchase Receipt-scan_barcode-hidden","DocField","Purchase Receipt","hidden",1,"scan_barcode","","","Check","1",""
"Sales Order-scan_barcode-hidden","DocField","Sales Order","hidden",1,"scan_barcode","","","Check","1",""
"Purchase Order-scan_barcode-hidden","DocField","Purchase Order","hidden",1,"scan_barcode","","","Check","1",""
"Purchase Invoice-scan_barcode-hidden","DocField","Purchase Invoice","hidden",1,"scan_barcode","","","Check","1",""
"POS Invoice-scan_barcode-hidden","DocField","POS Invoice","hidden",1,"scan_barcode","","","Check","1",""
"Sales Invoice-scan_barcode-hidden","DocField","Sales Invoice","hidden",1,"scan_barcode","","","Check","1",""
"Item-barcodes-hidden","DocField","Item","hidden",1,"barcodes","","","Check","1",""
"Purchase Receipt Item-barcode-hidden","DocField","Purchase Receipt Item","hidden",1,"barcode","","","Check","1",""
"Delivery Note Item-barcode-hidden","DocField","Delivery Note Item","hidden",1,"barcode","","","Check","1",""
"Stock Reconciliation Item-barcode-hidden","DocField","Stock Reconciliation Item","hidden",1,"barcode","","","Check","1",""
"Stock Entry Detail-barcode-hidden","DocField","Stock Entry Detail","hidden",1,"barcode","","","Check","1",""
"Item Barcode-barcode-hidden","DocField","Item Barcode","hidden",1,"barcode","","","Check","1",""
"Job Card-barcode-hidden","DocField","Job Card","hidden",1,"barcode","","","Check","1",""
"POS Invoice Item-barcode-hidden","DocField","POS Invoice Item","hidden",1,"barcode","","","Check","1",""
"Sales Invoice Item-barcode-hidden","DocField","Sales Invoice Item","hidden",1,"barcode","","","Check","1",""
"Item-item_code-reqd","DocField","Item","reqd",1,"item_code","","","Check","1",""
"Item-item_code-hidden","DocField","Item","hidden",1,"item_code","","","Check","0",""
"Item-naming_series-hidden","DocField","Item","hidden",1,"naming_series","","","Check","1",""
"Item-naming_series-reqd","DocField","Item","reqd",1,"naming_series","","","Check","0",""
"Sales Order-delivery_date-label","DocField","Sales Order","label",0,"delivery_date","","","Data","Material Delivery Date (Expected)",""
"Project-is_active-hidden","DocField","Project","hidden",0,"is_active","","","Check","1",""
"Project-department-hidden","DocField","Project","hidden",0,"department","","","Check","1",""
"Project-priority-hidden","DocField","Project","hidden",0,"priority","","","Check","1",""
"Project-project_type-default","DocField","Project","default",0,"project_type","","","Text","External",""
"Project-project_type-hidden","DocField","Project","hidden",0,"project_type","","","Check","1",""
"Site Survey-more_info_tab-label","DocField","Site Survey","label",0,"more_info_tab","","","Data","Followup & Info",""
"Purchase Receipt-in_words-print_hide","DocField","Purchase Receipt","print_hide",1,"in_words","","","Check","0",""
"Purchase Receipt-in_words-hidden","DocField","Purchase Receipt","hidden",1,"in_words","","","Check","0",""
"Purchase Invoice-in_words-print_hide","DocField","Purchase Invoice","print_hide",1,"in_words","","","Check","0",""
"Purchase Invoice-in_words-hidden","DocField","Purchase Invoice","hidden",1,"in_words","","","Check","0",""
"Purchase Order-in_words-print_hide","DocField","Purchase Order","print_hide",1,"in_words","","","Check","0",""
"Purchase Order-in_words-hidden","DocField","Purchase Order","hidden",1,"in_words","","","Check","0",""
"Supplier Quotation-in_words-print_hide","DocField","Supplier Quotation","print_hide",1,"in_words","","","Check","0",""
"Supplier Quotation-in_words-hidden","DocField","Supplier Quotation","hidden",1,"in_words","","","Check","0",""
"Delivery Note-in_words-print_hide","DocField","Delivery Note","print_hide",1,"in_words","","","Check","0",""
"Delivery Note-in_words-hidden","DocField","Delivery Note","hidden",1,"in_words","","","Check","0",""
"Sales Invoice-in_words-print_hide","DocField","Sales Invoice","print_hide",1,"in_words","","","Check","0",""
"Sales Invoice-in_words-hidden","DocField","Sales Invoice","hidden",1,"in_words","","","Check","0",""
"Sales Order-in_words-print_hide","DocField","Sales Order","print_hide",1,"in_words","","","Check","0",""
"Sales Order-in_words-hidden","DocField","Sales Order","hidden",1,"in_words","","","Check","0",""
"Quotation-in_words-print_hide","DocField","Quotation","print_hide",1,"in_words","","","Check","0",""
"Quotation-in_words-hidden","DocField","Quotation","hidden",1,"in_words","","","Check","0",""
"Purchase Receipt-disable_rounded_total-default","DocField","Purchase Receipt","default",1,"disable_rounded_total","","","Text","0",""
"Purchase Receipt-rounded_total-print_hide","DocField","Purchase Receipt","print_hide",1,"rounded_total","","","Check","0",""
"Purchase Receipt-rounded_total-hidden","DocField","Purchase Receipt","hidden",1,"rounded_total","","","Check","0",""
"Purchase Receipt-base_rounded_total-print_hide","DocField","Purchase Receipt","print_hide",1,"base_rounded_total","","","Check","1",""
"Purchase Receipt-base_rounded_total-hidden","DocField","Purchase Receipt","hidden",1,"base_rounded_total","","","Check","0",""
"Purchase Invoice-disable_rounded_total-default","DocField","Purchase Invoice","default",1,"disable_rounded_total","","","Text","0",""
"Purchase Invoice-rounded_total-print_hide","DocField","Purchase Invoice","print_hide",1,"rounded_total","","","Check","0",""
"Purchase Invoice-rounded_total-hidden","DocField","Purchase Invoice","hidden",1,"rounded_total","","","Check","0",""
"Purchase Invoice-base_rounded_total-print_hide","DocField","Purchase Invoice","print_hide",1,"base_rounded_total","","","Check","1",""
"Purchase Invoice-base_rounded_total-hidden","DocField","Purchase Invoice","hidden",1,"base_rounded_total","","","Check","0",""
"Purchase Order-disable_rounded_total-default","DocField","Purchase Order","default",1,"disable_rounded_total","","","Text","0",""
"Purchase Order-rounded_total-print_hide","DocField","Purchase Order","print_hide",1,"rounded_total","","","Check","0",""
"Purchase Order-rounded_total-hidden","DocField","Purchase Order","hidden",1,"rounded_total","","","Check","0",""
"Purchase Order-base_rounded_total-print_hide","DocField","Purchase Order","print_hide",1,"base_rounded_total","","","Check","1",""
"Purchase Order-base_rounded_total-hidden","DocField","Purchase Order","hidden",1,"base_rounded_total","","","Check","0",""
"Supplier Quotation-disable_rounded_total-default","DocField","Supplier Quotation","default",1,"disable_rounded_total","","","Text","0",""
"Supplier Quotation-rounded_total-print_hide","DocField","Supplier Quotation","print_hide",1,"rounded_total","","","Check","0",""
"Supplier Quotation-rounded_total-hidden","DocField","Supplier Quotation","hidden",1,"rounded_total","","","Check","0",""
"Supplier Quotation-base_rounded_total-print_hide","DocField","Supplier Quotation","print_hide",1,"base_rounded_total","","","Check","1",""
"Supplier Quotation-base_rounded_total-hidden","DocField","Supplier Quotation","hidden",1,"base_rounded_total","","","Check","0",""
"Delivery Note-disable_rounded_total-default","DocField","Delivery Note","default",1,"disable_rounded_total","","","Text","0",""
"Delivery Note-rounded_total-print_hide","DocField","Delivery Note","print_hide",1,"rounded_total","","","Check","0",""
"Delivery Note-rounded_total-hidden","DocField","Delivery Note","hidden",1,"rounded_total","","","Check","0",""
"Delivery Note-base_rounded_total-print_hide","DocField","Delivery Note","print_hide",1,"base_rounded_total","","","Check","1",""
"Delivery Note-base_rounded_total-hidden","DocField","Delivery Note","hidden",1,"base_rounded_total","","","Check","0",""
"Sales Invoice-disable_rounded_total-default","DocField","Sales Invoice","default",1,"disable_rounded_total","","","Text","0",""
"Sales Invoice-rounded_total-print_hide","DocField","Sales Invoice","print_hide",1,"rounded_total","","","Check","0",""
"Sales Invoice-rounded_total-hidden","DocField","Sales Invoice","hidden",1,"rounded_total","","","Check","0",""
"Sales Invoice-base_rounded_total-print_hide","DocField","Sales Invoice","print_hide",1,"base_rounded_total","","","Check","1",""
"Sales Invoice-base_rounded_total-hidden","DocField","Sales Invoice","hidden",1,"base_rounded_total","","","Check","0",""
"Sales Order-disable_rounded_total-default","DocField","Sales Order","default",1,"disable_rounded_total","","","Text","0",""
"Sales Order-rounded_total-print_hide","DocField","Sales Order","print_hide",1,"rounded_total","","","Check","0",""
"Sales Order-rounded_total-hidden","DocField","Sales Order","hidden",1,"rounded_total","","","Check","0",""
"Sales Order-base_rounded_total-print_hide","DocField","Sales Order","print_hide",1,"base_rounded_total","","","Check","1",""
"Sales Order-base_rounded_total-hidden","DocField","Sales Order","hidden",1,"base_rounded_total","","","Check","0",""
"Quotation-disable_rounded_total-default","DocField","Quotation","default",1,"disable_rounded_total","","","Text","0",""
"Quotation-rounded_total-print_hide","DocField","Quotation","print_hide",1,"rounded_total","","","Check","0",""
"Quotation-rounded_total-hidden","DocField","Quotation","hidden",1,"rounded_total","","","Check","0",""
"Quotation-base_rounded_total-print_hide","DocField","Quotation","print_hide",1,"base_rounded_total","","","Check","1",""
"Quotation-base_rounded_total-hidden","DocField","Quotation","hidden",1,"base_rounded_total","","","Check","0",""
"Notification Settings-enable_email_energy_point-label","DocField","Notification Settings","label",0,"enable_email_energy_point","","","Data","Energy Points by Mail",""
"Work Order-serial_no_and_batch_for_finished_good_section-hidden","DocField","Work Order","hidden",0,"serial_no_and_batch_for_finished_good_section","","","Check","1",""
"Work Order-section_break_22-hidden","DocField","Work Order","hidden",0,"section_break_22","","","Check","1",""
"Work Order-sales_order-fetch_from","DocField","Work Order","fetch_from",0,"sales_order","","","Small Text","project.sales_order",""
"Customer-main-field_order","DocType","Customer","field_order",0,"","","","Data","[""basic_info"", ""naming_series"", ""salutation"", ""customer_name"", ""customer_type"", ""customer_group"", ""column_break0"", ""territory"", ""gender"", ""lead_name"", ""opportunity_name"", ""prospect_name"", ""account_manager"", ""image"", ""defaults_tab"", ""default_currency"", ""default_bank_account"", ""column_break_14"", ""default_price_list"", ""internal_customer_section"", ""is_internal_customer"", ""represents_company"", ""column_break_70"", ""companies"", ""more_info"", ""market_segment"", ""industry"", ""customer_pos_id"", ""website"", ""language"", ""column_break_45"", ""customer_details"", ""dashboard_tab"", ""contact_and_address_tab"", ""custom_address"", ""custom_add_line_1"", ""custom_add_line_2"", ""custom_column_break_abak7"", ""custom_citytown"", ""custom_state"", ""custom_pincode"", ""custom_column_break_wm7at"", ""custom_contact_person"", ""custom_mobile"", ""custom_email"", ""address_contacts"", ""address_html"", ""column_break1"", ""contact_html"", ""primary_address_and_contact_detail"", ""column_break_26"", ""customer_primary_address"", ""primary_address"", ""column_break_nwor"", ""customer_primary_contact"", ""custom_contact_person_name"", ""mobile_no"", ""email_id"", ""tax_tab"", ""tax_details_section"", ""gstin"", ""pan"", ""tax_details_column_break"", ""gst_category"", ""taxation_section"", ""tax_id"", ""column_break_21"", ""tax_category"", ""tax_withholding_category"", ""accounting_tab"", ""credit_limit_section"", ""payment_terms"", ""credit_limits"", ""default_receivable_accounts"", ""accounts"", ""loyalty_points_tab"", ""loyalty_program"", ""column_break_54"", ""loyalty_program_tier"", ""sales_team_tab"", ""sales_team"", ""sales_team_section"", ""default_sales_partner"", ""column_break_66"", ""default_commission_rate"", ""settings_tab"", ""so_required"", ""dn_required"", ""column_break_53"", ""is_frozen"", ""disabled"", ""portal_users_tab"", ""portal_users""]",""
"Task-main-field_order","DocType","Task","field_order",0,"","","","Data","[""subject"", ""project"", ""issue"", ""type"", ""color"", ""is_group"", ""is_template"", ""column_break0"", ""status"", ""priority"", ""task_weight"", ""parent_task"", ""completed_by"", ""completed_on"", ""sb_timeline"", ""exp_start_date"", ""expected_time"", ""start"", ""column_break_11"", ""exp_end_date"", ""progress"", ""duration"", ""is_milestone"", ""sb_details"", ""description"", ""sb_depends_on"", ""depends_on"", ""depends_on_tasks"", ""sb_actual"", ""act_start_date"", ""actual_time"", ""column_break_15"", ""act_end_date"", ""custom_section_break_jo8ns"", ""actual_sd"", ""actual_ed"", ""custom_column_break_tcjmb"", ""total_time"", ""sb_costing"", ""total_costing_amount"", ""total_expense_claim"", ""column_break_20"", ""total_billing_amount"", ""sb_more_info"", ""review_date"", ""closing_date"", ""column_break_22"", ""department"", ""company"", ""lft"", ""rgt"", ""old_parent"", ""template_task"", ""custom_connection""]",""
"Task-sb_actual-hidden","DocField","Task","hidden",0,"sb_actual","","","Check","1",""
"Task-parent_task-hidden","DocField","Task","hidden",0,"parent_task","","","Check","1",""
"Task-is_group-hidden","DocField","Task","hidden",0,"is_group","","","Check","1",""
"Task-color-hidden","DocField","Task","hidden",0,"color","","","Check","1",""
"Task-sb_costing-hidden","DocField","Task","hidden",0,"sb_costing","","","Check","1",""
"Task-sb_depends_on-hidden","DocField","Task","hidden",0,"sb_depends_on","","","Check","1",""
"Task-priority-hidden","DocField","Task","hidden",0,"priority","","","Check","1",""
"Task-type-hidden","DocField","Task","hidden",0,"type","","","Check","1",""
"Task-issue-hidden","DocField","Task","hidden",0,"issue","","","Check","1",""
"Project-section_break0-hidden","DocField","Project","hidden",0,"section_break0","","","Check","1",""
"Project-users_section-hidden","DocField","Project","hidden",0,"users_section","","","Check","1",""
"Project-margin-hidden","DocField","Project","hidden",0,"margin","","","Check","1",""
"Project-project_details-hidden","DocField","Project","hidden",0,"project_details","","","Check","1",""
"Quotation-last_scanned_warehouse-hidden","DocField","Quotation","hidden",0,"last_scanned_warehouse","","","Check","1",""
"Quotation-currency_and_price_list-hidden","DocField","Quotation","hidden",0,"currency_and_price_list","","","Check","1",""
"Work Order-source_warehouse-default","DocField","Work Order","default",0,"source_warehouse","","","Text","Stores - SRPL",""
"Work Order-skip_transfer-default","DocField","Work Order","default",0,"skip_transfer","","","Text","1",""
"Item-main-field_order","DocType","Item","field_order",0,"","","","Data","[""details"", ""naming_series"", ""item_code"", ""item_name"", ""item_group"", ""gst_hsn_code"", ""stock_uom"", ""column_break0"", ""disabled"", ""allow_alternative_item"", ""is_stock_item"", ""has_variants"", ""opening_stock"", ""valuation_rate"", ""standard_rate"", ""is_fixed_asset"", ""auto_create_assets"", ""is_grouped_asset"", ""asset_category"", ""asset_naming_series"", ""over_delivery_receipt_allowance"", ""over_billing_allowance"", ""image"", ""section_break_11"", ""description"", ""brand"", ""unit_of_measure_conversion"", ""uoms"", ""dashboard_tab"", ""inventory_section"", ""inventory_settings_section"", ""shelf_life_in_days"", ""end_of_life"", ""default_material_request_type"", ""valuation_method"", ""column_break1"", ""warranty_period"", ""weight_per_unit"", ""weight_uom"", ""allow_negative_stock"", ""sb_barcodes"", ""barcodes"", ""reorder_section"", ""reorder_levels"", ""serial_nos_and_batches"", ""has_batch_no"", ""create_new_batch"", ""batch_number_series"", ""has_expiry_date"", ""retain_sample"", ""sample_quantity"", ""column_break_37"", ""has_serial_no"", ""serial_no_series"", ""variants_section"", ""variant_of"", ""variant_based_on"", ""attributes"", ""accounting"", ""deferred_accounting_section"", ""enable_deferred_expense"", ""no_of_months_exp"", ""column_break_9s9o"", ""enable_deferred_revenue"", ""no_of_months"", ""section_break_avcp"", ""item_defaults"", ""purchasing_tab"", ""purchase_uom"", ""min_order_qty"", ""safety_stock"", ""is_purchase_item"", ""purchase_details_cb"", ""lead_time_days"", ""last_purchase_rate"", ""is_customer_provided_item"", ""customer"", ""supplier_details"", ""delivered_by_supplier"", ""column_break2"", ""supplier_items"", ""foreign_trade_details"", ""country_of_origin"", ""column_break_59"", ""customs_tariff_number"", ""sales_details"", ""sales_uom"", ""grant_commission"", ""is_sales_item"", ""column_break3"", ""max_discount"", ""customer_details"", ""customer_items"", ""item_tax_section_break"", ""is_ineligible_for_itc"", ""taxes"", ""quality_tab"", ""inspection_required_before_purchase"", ""quality_inspection_template"", ""inspection_required_before_delivery"", ""manufacturing"", ""include_item_in_manufacturing"", ""is_sub_contracted_item"", ""default_bom"", ""column_break_74"", ""customer_code"", ""default_item_manufacturer"", ""default_manufacturer_part_no"", ""total_projected_qty""]",""
"Item-main-search_fields","DocType","Item","search_fields",0,"","","","Data","item_name,item_group,customer_code",""
"BOM-main-autoname","DocType","BOM","autoname",0,"","","","Data","",""
"BOM-main-naming_rule","DocType","BOM","naming_rule",0,"","","","Data","",""
"Material Request Item-sales_order_item-hidden","DocField","Material Request Item","hidden",0,"sales_order_item","","","Check","0",""
"Material Request Item-main-field_order","DocType","Material Request Item","field_order",0,"","","","Data","[""item_code"", ""item_name"", ""col_break1"", ""schedule_date"", ""section_break_4"", ""description"", ""gst_hsn_code"", ""column_break_12"", ""item_group"", ""brand"", ""image"", ""quantity_and_warehouse"", ""qty"", ""stock_uom"", ""from_warehouse"", ""warehouse"", ""col_break2"", ""uom"", ""conversion_factor"", ""stock_qty"", ""qty_info_sec_break"", ""min_order_qty"", ""projected_qty"", ""qty_info_col_break"", ""actual_qty"", ""ordered_qty"", ""received_qty"", ""rate_and_amount_section_break"", ""rate"", ""price_list_rate"", ""col_break3"", ""amount"", ""accounting_details_section"", ""expense_account"", ""column_break_glru"", ""wip_composite_asset"", ""manufacture_details"", ""manufacturer"", ""manufacturer_part_no"", ""col_break_mfg"", ""bom_no"", ""accounting_dimensions_section"", ""project"", ""dimension_col_break"", ""cost_center"", ""more_info"", ""lead_time_date"", ""sales_order"", ""sales_order_item"", ""col_break4"", ""production_plan"", ""material_request_plan_item"", ""job_card_item"", ""section_break_46"", ""page_break""]",""
"BOM-allow_alternative_item-hidden","DocField","BOM","hidden",0,"allow_alternative_item","","","Check","1",""
"BOM-is_default-default","DocField","BOM","default",0,"is_default","","","Text","0",""
"Quotation-proposal_type-in_list_view","DocField","Quotation","in_list_view",1,"proposal_type","","","Check","0",""
"Quotation-status-in_list_view","DocField","Quotation","in_list_view",1,"status","","","Check","0",""
"Quotation-grand_total-in_list_view","DocField","Quotation","in_list_view",1,"grand_total","","","Check","0",""
"Quotation-transaction_date-in_list_view","DocField","Quotation","in_list_view",1,"transaction_date","","","Check","1",""
"Quotation-title-in_list_view","DocField","Quotation","in_list_view",1,"title","","","Check","1",""
"Solar Proposal Template-bom-allow_bulk_edit","DocField","Solar Proposal Template","allow_bulk_edit",0,"bom","","","Check","1",""
"Custom Quot BOM-main-allow_import","DocType","Custom Quot BOM","allow_import",0,"","","","Check","1",""
"Payment Entry-naming_series-options","DocField","Payment Entry","options",1,"naming_series","","","Text","ACC-PAY-.YYYY.-",""
"Lead-status-ignore_user_permissions","DocField","Lead","ignore_user_permissions",0,"status","","","Check","1",""
"Payment Schedule-main-field_order","DocType","Payment Schedule","field_order",0,"","","","Data","[""payment_term"", ""column_break_jgao"", ""payment_date"", ""section_break_15"", ""description"", ""section_break_4"", ""due_date"", ""mode_of_payment"", ""column_break_5"", ""invoice_portion"", ""section_break_6"", ""discount_type"", ""discount_date"", ""column_break_9"", ""discount"", ""section_break_9"", ""payment_amount"", ""outstanding"", ""paid_amount"", ""discounted_amount"", ""column_break_3"", ""base_payment_amount"", ""base_outstanding"", ""base_paid_amount""]",""
"Quotation-payment_terms_template-default","DocField","Quotation","default",0,"payment_terms_template","","","Text","Payment Terms",""
"Address-pincode-mandatory_depends_on","DocField","Address","mandatory_depends_on",0,"pincode","","","Data","",""
"Lead-first_name-in_list_view","DocField","Lead","in_list_view",0,"first_name","","","Check","1",""
"Quotation-letter_head-read_only_depends_on","DocField","Quotation","read_only_depends_on",0,"letter_head","","","Data","",""
"Lead-status-options","DocField","Lead","options",0,"status","","","Text","Lead
Open
Replied
Opportunity
Proposal
Lost Quotation
Interested
Not Interested
Converted
Do Not Contact
Site Survey",""
"Site Survey-main-title_field","DocType","Site Survey","title_field",0,"","","","Data","lead_name",""
"ToDo-main-field_order","DocType","ToDo","field_order",0,"","","","Data","[""description_and_status"", ""status"", ""priority"", ""column_break_2"", ""color"", ""date"", ""allocated_to"", ""description_section"", ""description"", ""section_break_6"", ""reference_type"", ""reference_name"", ""custom_info_user"", ""column_break_10"", ""role"", ""assigned_by"", ""assigned_by_full_name"", ""sender"", ""assignment_rule""]",""
"Quotation-subscription_section-hidden","DocField","Quotation","hidden",0,"subscription_section","","","Check","1",""
"Lead-creation_date-in_list_view","DocField","Lead","in_list_view",1,"creation_date","","","Check","1",""
"Lead-territory-in_standard_filter","DocField","Lead","in_standard_filter",0,"territory","","","Check","0",""
"Lead-custom_capacity-in_list_view","DocField","Lead","in_list_view",1,"custom_capacity","","","Check","1",""
"Lead-naming_series-default","DocField","Lead","default",1,"naming_series","","","Text","LEAD-.YY.-",""
"Lead-naming_series-options","DocField","Lead","options",1,"naming_series","","","Text","LEAD-.YY.-",""
"Lead-company_name-in_list_view","DocField","Lead","in_list_view",1,"company_name","","","Check","0",""
"Lead-status-in_list_view","DocField","Lead","in_list_view",1,"status","","","Check","0",""
"Lead-title-in_list_view","DocField","Lead","in_list_view",1,"title","","","Check","1",""
"Lead-territory-in_list_view","DocField","Lead","in_list_view",1,"territory","","","Check","0",""
"Lead-lead_owner-in_list_view","DocField","Lead","in_list_view",0,"lead_owner","","","Check","0",""
"Communication-communication_medium-options","DocType","Communication","options",0,"communication_medium","","","Text","Email
Chat
Phone
SMS
Event
Meeting
Visit
Other
WhatsApp",""
"Delivery Note-contact_mobile-hidden","DocField","Delivery Note","hidden",0,"contact_mobile","","","Check","0",""
"Site Survey-surveyed_by-in_list_view","DocField","Site Survey","in_list_view",1,"surveyed_by","","","Check","1",""
"Quotation-main-default_print_format","DocType","Quotation","default_print_format",1,"","","","Data","Proposal",""
"Site Survey-lead_name-in_list_view","DocField","Site Survey","in_list_view",1,"lead_name","","","Check","1",""
"Employee Checkin-main-field_order","DocType","Employee Checkin","field_order",0,"","","","Data","[""employee"", ""employee_name"", ""log_type"", ""shift"", ""column_break_4"", ""time"", ""device_id"", ""skip_auto_attendance"", ""attendance"", ""custom_section_break_ylbm1"", ""custom_area_name"", ""custom_column_break_sfn2b"", ""custom_photo"", ""location_section"", ""latitude"", ""column_break_yqpi"", ""longitude"", ""section_break_ksbo"", ""fetch_geolocation"", ""geolocation"", ""shift_timings_section"", ""shift_start"", ""shift_end"", ""offshift"", ""column_break_vyyt"", ""shift_actual_start"", ""shift_actual_end"", ""late_entry"", ""early_exit"", ""early_or_late_time""]",""
"Employee Checkin-main-image_field","DocType","Employee Checkin","image_field",0,"","","","Data","custom_photo",""
"Employee Checkin-shift_timings_section-collapsible","DocField","Employee Checkin","collapsible",0,"shift_timings_section","","","Check","1",""
"Employee Checkin-shift_actual_end-read_only","DocField","Employee Checkin","read_only",0,"shift_actual_end","","","Check","1",""
"Employee Checkin-shift_actual_start-read_only","DocField","Employee Checkin","read_only",0,"shift_actual_start","","","Check","1",""
"Employee Checkin-shift_end-read_only","DocField","Employee Checkin","read_only",0,"shift_end","","","Check","1",""
"Employee Checkin-shift_start-read_only","DocField","Employee Checkin","read_only",0,"shift_start","","","Check","1",""
"Employee Checkin-shift_actual_end-hidden","DocField","Employee Checkin","hidden",0,"shift_actual_end","","","Check","0",""
"Employee Checkin-shift_actual_start-hidden","DocField","Employee Checkin","hidden",0,"shift_actual_start","","","Check","0",""
"Employee Checkin-shift_end-hidden","DocField","Employee Checkin","hidden",0,"shift_end","","","Check","0",""
"Employee Checkin-shift_start-hidden","DocField","Employee Checkin","hidden",0,"shift_start","","","Check","0",""
"Lead-dashboard_tab-show_dashboard","DocField","Lead","show_dashboard",0,"dashboard_tab","","","Check","0",""
"Employee-salutation-hidden","DocField","Employee","hidden",0,"salutation","","","Check","1",""
"Quotation-main-track_changes","DocType","Quotation","track_changes",0,"","","","Check","1",""
"Lead-salutation-hidden","DocField","Lead","hidden",0,"salutation","","","Check","1",""
"Lead-notes_tab-label","DocField","Lead","label",0,"notes_tab","","","Data","Follow Up",""
"Lead-mobile_no-reqd","DocField","Lead","reqd",0,"mobile_no","","","Check","1",""
"Employee-ctc-permlevel","DocField","Employee","permlevel",0,"ctc","","","Int","1",""
"Employee-provident_fund_account-depends_on","DocField","Employee","depends_on",0,"provident_fund_account","","","Data","eval: doc.custom_pf != 0;",""
"Employee-column_break_73-hidden","DocField","Employee","hidden",0,"column_break_73","","","Check","1",""
"Employee-profile_tab-label","DocField","Employee","label",0,"profile_tab","","","Data","Education Profile",""
"Employee-attendance_and_leave_details-label","DocField","Employee","label",0,"attendance_and_leave_details","","","Data","Attendance, Leaves & Salary",""
"Employee-salary_information-hidden","DocField","Employee","hidden",0,"salary_information","","","Check","1",""
"Employee-salary_mode-default","DocField","Employee","default",0,"salary_mode","","","Text","Bank",""
"Employee-salary_currency-default","DocField","Employee","default",0,"salary_currency","","","Text","INR",""
"Employee-approvers_section-label","DocField","Employee","label",0,"approvers_section","","","Data","Salary",""
"Employee-contact_details-hidden","DocField","Employee","hidden",0,"contact_details","","","Check","1",""
"Employee-column_break_25-label","DocField","Employee","label",0,"column_break_25","","","Data","Address",""
"Employee-column_break_55-label","DocField","Employee","label",0,"column_break_55","","","Data","Emergency Contact",""
"Employee-column_break_19-label","DocField","Employee","label",0,"column_break_19","","","Data","Contact",""
"Employee-company_details_section-label","DocField","Employee","label",0,"company_details_section","","","Data","Address & Contacts",""
"Employee-new_workplace-hidden","DocField","Employee","hidden",0,"new_workplace","","","Check","1",""
"Employee-held_on-hidden","DocField","Employee","hidden",0,"held_on","","","Check","1",""
"Employee-shift_request_approver-hidden","DocField","Employee","hidden",0,"shift_request_approver","","","Check","1",""
"Employee-prefered_contact_email-default","DocField","Employee","default",0,"prefered_contact_email","","","Text","Company Email",""
"Employee-permanent_accommodation_type-hidden","DocField","Employee","hidden",0,"permanent_accommodation_type","","","Check","1",""
"Employee-current_accommodation_type-hidden","DocField","Employee","hidden",0,"current_accommodation_type","","","Check","1",""
"Employee-grade-hidden","DocField","Employee","hidden",0,"grade","","","Check","1",""
"Employee-employment_details-hidden","DocField","Employee","hidden",0,"employment_details","","","Check","1",""
"Site Survey-status-in_list_view","DocField","Site Survey","in_list_view",1,"status","","","Check","1",""
"Employee-naming_series-default","DocField","Employee","default",1,"naming_series","","","Text","SRPL-GME-",""
"Employee-naming_series-options","DocField","Employee","options",1,"naming_series","","","Text","SRPL-GME-",""
"Lead-state-fieldtype","DocField","Lead","fieldtype",0,"state","","","Select","Select",""
"Lead-state-options","DocField","Lead","options",0,"state","","","Text","Chhattisgarh
Andaman and Nicobar Islands
Andhra Pradesh
Arunachal Pradesh
Assam
Bihar
Chandigarh
Delhi
Goa
Gujarat
Haryana
Himachal Pradesh
Jammu and Kashmir
Jharkhand
Karnataka
Kerala
Ladakh
Lakshadweep Islands
Madhya Pradesh
Maharashtra
Manipur
Meghalaya
Mizoram
Nagaland
Odisha
Other Territory
Puducherry
Punjab
Rajasthan
Sikkim
Tamil Nadu
Telangana
Tripura
Uttar Pradesh
Uttarakhand
West Bengal",""
"Lead-country-default","DocField","Lead","default",0,"country","","","Text","India",""
"Lead-organization_section-report_hide","DocField","Lead","report_hide",0,"organization_section","","","Check","1",""
"Lead-organization_section-hidden","DocField","Lead","hidden",0,"organization_section","","","Check","1",""
"Lead-gender-report_hide","DocField","Lead","report_hide",0,"gender","","","Check","1",""
"Lead-gender-hidden","DocField","Lead","hidden",0,"gender","","","Check","1",""
"Lead-request_type-report_hide","DocField","Lead","report_hide",0,"request_type","","","Check","1",""
"Lead-request_type-hidden","DocField","Lead","hidden",0,"request_type","","","Check","1",""
"Lead-type-report_hide","DocField","Lead","report_hide",0,"type","","","Check","1",""
"Lead-type-hidden","DocField","Lead","hidden",0,"type","","","Check","1",""
"Lead-job_title-report_hide","DocField","Lead","report_hide",0,"job_title","","","Check","1",""
"Lead-job_title-hidden","DocField","Lead","hidden",0,"job_title","","","Check","1",""
"Lead-job_title-in_standard_filter","DocField","Lead","in_standard_filter",0,"job_title","","","Check","0",""
"Lead-job_title-in_list_view","DocField","Lead","in_list_view",0,"job_title","","","Check","0",""
"Lead-annual_revenue-report_hide","DocField","Lead","report_hide",0,"annual_revenue","","","Check","1",""
"Lead-annual_revenue-hidden","DocField","Lead","hidden",0,"annual_revenue","","","Check","1",""
"Lead-other_info_tab-hidden","DocField","Lead","hidden",0,"other_info_tab","","","Check","1",""
"Lead-qualification_tab-hidden","DocField","Lead","hidden",0,"qualification_tab","","","Check","1",""
"Lead-fax-report_hide","DocField","Lead","report_hide",0,"fax","","","Check","1",""
"Lead-fax-hidden","DocField","Lead","hidden",0,"fax","","","Check","1",""
"Lead-market_segment-report_hide","DocField","Lead","report_hide",0,"market_segment","","","Check","1",""
"Lead-market_segment-hidden","DocField","Lead","hidden",0,"market_segment","","","Check","1",""
"Lead-no_of_employees-report_hide","DocField","Lead","report_hide",0,"no_of_employees","","","Check","1",""
"Lead-no_of_employees-hidden","DocField","Lead","hidden",0,"no_of_employees","","","Check","1",""
"Lead-phone_ext-report_hide","DocField","Lead","report_hide",0,"phone_ext","","","Check","1",""
"Lead-phone_ext-hidden","DocField","Lead","hidden",0,"phone_ext","","","Check","1",""
"Lead-whatsapp_no-report_hide","DocField","Lead","report_hide",0,"whatsapp_no","","","Check","1",""
"Lead-whatsapp_no-hidden","DocField","Lead","hidden",0,"whatsapp_no","","","Check","1",""
"Lead-website-report_hide","DocField","Lead","report_hide",0,"website","","","Check","1",""
"Lead-website-hidden","DocField","Lead","hidden",0,"website","","","Check","1",""
"Address-gst_category-reqd","DocField","Address","reqd",0,"gst_category","","","Check","1",""
"Customer-gst_category-reqd","DocField","Customer","reqd",0,"gst_category","","","Check","1",""
"Customer-opportunity_name-read_only","DocField","Customer","read_only",0,"opportunity_name","","","Check","1",""
"Customer-prospect_name-read_only","DocField","Customer","read_only",0,"prospect_name","","","Check","1",""
"Customer-market_segment-hidden","DocField","Customer","hidden",0,"market_segment","","","Check","1",""
"Customer-internal_customer_section-hidden","DocField","Customer","hidden",0,"internal_customer_section","","","Check","1",""
"Customer-default_bank_account-hidden","DocField","Customer","hidden",0,"default_bank_account","","","Check","1",""
"Customer-default_currency-default","DocField","Customer","default",0,"default_currency","","","Text","INR",""
"Customer-defaults_tab-hidden","DocField","Customer","hidden",0,"defaults_tab","","","Check","1",""
"Customer-territory-hidden","DocField","Customer","hidden",0,"territory","","","Check","1",""
"Customer-sales_team_tab-hidden","DocField","Customer","hidden",0,"sales_team_tab","","","Check","1",""
"Address-country-default","DocField","Address","default",0,"country","","","Text","India",""
"Address-fax-hidden","DocField","Address","hidden",0,"fax","","","Check","1",""
"Address-county-hidden","DocField","Address","hidden",0,"county","","","Check","1",""
"Address-main-field_order","DocType","Address","field_order",0,"","","","Data","[""address_details"", ""address_title"", ""address_type"", ""address_line1"", ""address_line2"", ""city"", ""county"", ""state"", ""pincode"", ""column_break0"", ""email_id"", ""phone"", ""fax"", ""tax_category"", ""country"", ""is_primary_address"", ""is_shipping_address"", ""disabled"", ""tax_details_section"", ""gstin"", ""gst_state"", ""tax_details_column_break"", ""gst_category"", ""gst_state_number"", ""linked_with"", ""is_your_company_address"", ""links""]",""
"Sales Invoice-main-default_print_format","DocType","Sales Invoice","default_print_format",0,"","","","Data","GST Tax Invoice",""
"Subcontracting Receipt-naming_series-options","DocField","Subcontracting Receipt","options",1,"naming_series","","","Small Text","MAT-SCR-
MAT-SCR-.YYYY.-
MAT-SCR-RET-.YYYY.-",""
"Stock Entry-naming_series-options","DocField","Stock Entry","options",1,"naming_series","","","Small Text","MAT-STE-
MAT-STE-.YYYY.-",""
"Journal Entry Account-reference_type-options","DocField","Journal Entry Account","options",1,"reference_type","","","Small Text","
Sales Invoice
Purchase Invoice
Journal Entry
Sales Order
Purchase Order
Expense Claim
Asset
Loan
Payroll Entry
Employee Advance
Exchange Rate Revaluation
Invoice Discounting
Fees
Full and Final Statement
Payment Entry
Bill of Entry",""
"Purchase Receipt-naming_series-options","DocField","Purchase Receipt","options",1,"naming_series","","","Small Text","PR-.YY.-
PRRET-.YY.-

MAT-PRE-.YYYY.-
MAT-PR-RET-.YYYY.-",""
"Purchase Invoice-naming_series-options","DocField","Purchase Invoice","options",1,"naming_series","","","Small Text","PINV-.YY.-
PRET-.YY.-

ACC-PINV-.YYYY.-
ACC-PINV-RET-.YYYY.-",""
"Sales Invoice-naming_series-options","DocField","Sales Invoice","options",1,"naming_series","","","Small Text","SINV-.YY.-
SRET-.YY.-

ACC-SINV-.YYYY.-
ACC-SINV-RET-.YYYY.-",""
"Delivery Note-naming_series-options","DocField","Delivery Note","options",1,"naming_series","","","Small Text","DN-.YY.-
DRET-.YY.-

MAT-DN-.YYYY.-
MAT-DN-RET-.YYYY.-",""
"Journal Entry-voucher_type-options","DocField","Journal Entry","options",1,"voucher_type","","","Small Text","Journal Entry
Inter Company Journal Entry
Bank Entry
Cash Entry
Credit Card Entry
Debit Note
Credit Note
Contra Entry
Excise Entry
Write Off Entry
Opening Entry
Depreciation Entry
Exchange Rate Revaluation
Exchange Gain Or Loss
Deferred Revenue
Deferred Expense
Reversal Of ITC
Reclaim of ITC Reversal",""
"Purchase Reconciliation Tool-main-default_email_template","DocType","Purchase Reconciliation Tool","default_email_template",1,"","","","Data","Purchase Reconciliation",""
"e-Waybill Log-main-default_print_format","DocType","e-Waybill Log","default_print_format",0,"","","","Data","e-Waybill",""
"Subcontracting Receipt-lr_date-default","DocField","Subcontracting Receipt","default",1,"lr_date","","","Text","Today",""
"Subcontracting Receipt-lr_date-print_hide","DocField","Subcontracting Receipt","print_hide",1,"lr_date","","","Check","1",""
"Subcontracting Receipt-lr_date-label","DocField","Subcontracting Receipt","label",1,"lr_date","","","Data","Transport Receipt Date",""
"Subcontracting Receipt-lr_no-length","DocField","Subcontracting Receipt","length",1,"lr_no","","","Int","30",""
"Subcontracting Receipt-lr_no-print_hide","DocField","Subcontracting Receipt","print_hide",1,"lr_no","","","Check","1",""
"Subcontracting Receipt-lr_no-label","DocField","Subcontracting Receipt","label",1,"lr_no","","","Data","Transport Receipt No",""
"Subcontracting Receipt-transporter_name-read_only","DocField","Subcontracting Receipt","read_only",1,"transporter_name","","","Check","1",""
"Subcontracting Receipt-transporter_name-print_hide","DocField","Subcontracting Receipt","print_hide",1,"transporter_name","","","Check","1",""
"Subcontracting Receipt-transporter_name-no_copy","DocField","Subcontracting Receipt","no_copy",1,"transporter_name","","","Check","1",""
"Subcontracting Receipt-transporter_name-fetch_from","DocField","Subcontracting Receipt","fetch_from",1,"transporter_name","","","Small Text","transporter.supplier_name",""
"Subcontracting Receipt-transporter_name-fieldtype","DocField","Subcontracting Receipt","fieldtype",1,"transporter_name","","","Select","Small Text",""
"Purchase Receipt-lr_date-default","DocField","Purchase Receipt","default",1,"lr_date","","","Text","Today",""
"Purchase Receipt-lr_date-print_hide","DocField","Purchase Receipt","print_hide",1,"lr_date","","","Check","1",""
"Purchase Receipt-lr_date-label","DocField","Purchase Receipt","label",1,"lr_date","","","Data","Transport Receipt Date",""
"Purchase Receipt-lr_no-length","DocField","Purchase Receipt","length",1,"lr_no","","","Int","30",""
"Purchase Receipt-lr_no-print_hide","DocField","Purchase Receipt","print_hide",1,"lr_no","","","Check","1",""
"Purchase Receipt-lr_no-label","DocField","Purchase Receipt","label",1,"lr_no","","","Data","Transport Receipt No",""
"Purchase Receipt-transporter_name-read_only","DocField","Purchase Receipt","read_only",1,"transporter_name","","","Check","1",""
"Purchase Receipt-transporter_name-print_hide","DocField","Purchase Receipt","print_hide",1,"transporter_name","","","Check","1",""
"Purchase Receipt-transporter_name-no_copy","DocField","Purchase Receipt","no_copy",1,"transporter_name","","","Check","1",""
"Purchase Receipt-transporter_name-fetch_from","DocField","Purchase Receipt","fetch_from",1,"transporter_name","","","Small Text","transporter.supplier_name",""
"Purchase Receipt-transporter_name-fieldtype","DocField","Purchase Receipt","fieldtype",1,"transporter_name","","","Select","Small Text",""
"Subcontracting Receipt-supplier_delivery_note-mandatory_depends_on","DocField","Subcontracting Receipt","mandatory_depends_on",1,"supplier_delivery_note","","","Code","eval: gst_settings.require_supplier_invoice_no === 1 && doc.company_gstin",""
"Accounts Settings-tax_settings_section-collapsible","DocField","Accounts Settings","collapsible",1,"tax_settings_section","","","Check","0",""
"Accounts Settings-tax_settings_section-label","DocField","Accounts Settings","label",1,"tax_settings_section","","","Data","Tax Settings",""
"Accounts Settings-add_taxes_from_item_tax_template-description","DocField","Accounts Settings","description",1,"add_taxes_from_item_tax_template","","","Small Text","Overridden by India Compliance",""
"Accounts Settings-add_taxes_from_item_tax_template-read_only","DocField","Accounts Settings","read_only",1,"add_taxes_from_item_tax_template","","","Check","1",""
"Accounts Settings-determine_address_tax_category_from-read_only","DocField","Accounts Settings","read_only",1,"determine_address_tax_category_from","","","Check","0",""
"Address-main-quick_entry","DocType","Address","quick_entry",1,"","","","Check","1",""
"Address-state-mandatory_depends_on","DocField","Address","mandatory_depends_on",1,"state","","","Code","eval: doc.country == 'India'",""
"Address-state-fieldtype","DocField","Address","fieldtype",1,"state","","","Select","Autocomplete",""
"Purchase Invoice-bill_no-mandatory_depends_on","DocField","Purchase Invoice","mandatory_depends_on",1,"bill_no","","","Code","eval: doc.gst_category !== 'Unregistered' && gst_settings.require_supplier_invoice_no === 1 && doc.company_gstin",""
"Period Closing Voucher-main-track_changes","DocType","Period Closing Voucher","track_changes",1,"","","","Check","1",""
"Asset-main-track_changes","DocType","Asset","track_changes",1,"","","","Check","1",""
"Journal Entry-main-track_changes","DocType","Journal Entry","track_changes",1,"","","","Check","1",""
"Landed Cost Voucher-main-track_changes","DocType","Landed Cost Voucher","track_changes",1,"","","","Check","1",""
"Purchase Receipt-main-track_changes","DocType","Purchase Receipt","track_changes",1,"","","","Check","1",""
"Payment Entry-main-track_changes","DocType","Payment Entry","track_changes",1,"","","","Check","1",""
"Accounts Settings-main-track_changes","DocType","Accounts Settings","track_changes",1,"","","","Check","1",""
"POS Invoice-main-track_changes","DocType","POS Invoice","track_changes",1,"","","","Check","1",""
"Purchase Invoice-main-track_changes","DocType","Purchase Invoice","track_changes",1,"","","","Check","1",""
"Asset Capitalization-main-track_changes","DocType","Asset Capitalization","track_changes",1,"","","","Check","1",""
"Stock Reconciliation-main-track_changes","DocType","Stock Reconciliation","track_changes",1,"","","","Check","1",""
"Bill of Entry-main-track_changes","DocType","Bill of Entry","track_changes",1,"","","","Check","1",""
"Stock Entry-main-track_changes","DocType","Stock Entry","track_changes",1,"","","","Check","1",""
"Subcontracting Receipt-main-track_changes","DocType","Subcontracting Receipt","track_changes",1,"","","","Check","1",""
"Delivery Note-main-track_changes","DocType","Delivery Note","track_changes",1,"","","","Check","1",""
"Dunning-main-track_changes","DocType","Dunning","track_changes",1,"","","","Check","1",""
"Sales Invoice-main-track_changes","DocType","Sales Invoice","track_changes",1,"","","","Check","1",""
"Invoice Discounting-main-track_changes","DocType","Invoice Discounting","track_changes",1,"","","","Check","1",""
"Asset Repair-main-track_changes","DocType","Asset Repair","track_changes",1,"","","","Check","1",""
"Process Deferred Accounting-main-track_changes","DocType","Process Deferred Accounting","track_changes",1,"","","","Check","1",""
"Site Survey-naming_series-default","DocField","Site Survey","default",1,"naming_series","","","Text","SITE-SRV-.DD./.MM./.YY./.#",""
"Site Survey-naming_series-options","DocField","Site Survey","options",1,"naming_series","","","Text","SITE-SRV-.DD./.MM./.YY./.#",""
"Supplier-naming_series-hidden","DocField","Supplier","hidden",1,"naming_series","","","Check","1",""
"Supplier-naming_series-reqd","DocField","Supplier","reqd",1,"naming_series","","","Check","0",""
"Contact-main-search_fields","DocType","Contact","search_fields",0,"","","","Data","email_id",""
